{"type":"FeatureCollection","features":[{"type":"Feature","geometry":{"type":"Point","coordinates":[-4.42326,36.72739]},"properties":{"anio":2016}},{"type":"Feature","geometry":{"type":"Point","coordinates":[-4.42902,36.72652]},"properties":{"anio":2016}},{"type":"Feature","geometry":{"type":"Point","coordinates":[-4.41937,36.72365]},"properties":{"anio":2016}},{"type":"Feature","geometry":{"type":"Point","coordinates":[-4.4117,36.71843]},"properties":{"anio":2016}},{"type":"Feature","geometry":{"type":"Point","coordinates":[-4.42447,36.71926]},"properties":{"anio":2016}},{"type":"Feature","geometry":{"type":"Point","coordinates":[-4.42071,36.72376]},"properties":{"anio":2016}},{"type":"Feature","geometry":{"type":"Point","coordinates":[-4.42071,36.72376]},"properties":{"anio":2016}},{"type":"Feature","geometry":{"type":"Point","coordinates":[-4.41721,36.72447]},"properties":{"anio":2016}},{"type":"Feature","geometry":{"type":"Point","coordinates":[-4.42338,36.71433]},"properties":{"anio":2016}},{"type":"Feature","geometry":{"type":"Point","coordinates":[-4.407,36.72834]},"properties":{"anio":2016}},{"type":"Feature","geometry":{"type":"Point","coordinates":[-4.42074,36.72356]},"properties":{"anio":2016}},{"type":"Feature","geometry":{"type":"Point","coordinates":[-4.42044,36.72159]},"properties":{"anio":2016}},{"type":"Feature","geometry":{"type":"Point","coordinates":[-4.42755,36.71098]},"properties":{"anio":2016}},{"type":"Feature","geometry":{"type":"Point","coordinates":[-4.41985,36.71761]},"properties":{"anio":2016}},{"type":"Feature","geometry":{"type":"Point","coordinates":[-4.41133,36.72735]},"properties":{"anio":2016}},{"type":"Feature","geometry":{"type":"Point","coordinates":[-4.42482,36.72223]},"properties":{"anio":2016}},{"type":"Feature","geometry":{"type":"Point","coordinates":[-4.42254,36.72272]},"properties":{"anio":2016}},{"type":"Feature","geometry":{"type":"Point","coordinates":[-4.41132,36.72763]},"properties":{"anio":2016}},{"type":"Feature","geometry":{"type":"Point","coordinates":[-4.42233,36.71739]},"properties":{"anio":2016}},{"type":"Feature","geometry":{"type":"Point","coordinates":[-4.41103,36.71827]},"properties":{"anio":2016}},{"type":"Feature","geometry":{"type":"Point","coordinates":[-4.41103,36.71827]},"properties":{"anio":2016}},{"type":"Feature","geometry":{"type":"Point","coordinates":[-4.42366,36.71909]},"properties":{"anio":2016}},{"type":"Feature","geometry":{"type":"Point","coordinates":[-4.42371,36.73099]},"properties":{"anio":2016}},{"type":"Feature","geometry":{"type":"Point","coordinates":[-4.42435,36.71572]},"properties":{"anio":2016}},{"type":"Feature","geometry":{"type":"Point","coordinates":[-4.41502,36.72545]},"properties":{"anio":2016}},{"type":"Feature","geometry":{"type":"Point","coordinates":[-4.41103,36.71827]},"properties":{"anio":2016}},{"type":"Feature","geometry":{"type":"Point","coordinates":[-4.41103,36.71827]},"properties":{"anio":2016}},{"type":"Feature","geometry":{"type":"Point","coordinates":[-4.42219,36.72503]},"properties":{"anio":2016}},{"type":"Feature","geometry":{"type":"Point","coordinates":[-4.42342,36.72121]},"properties":{"anio":2016}},{"type":"Feature","geometry":{"type":"Point","coordinates":[-4.41878,36.72514]},"properties":{"anio":2016}},{"type":"Feature","geometry":{"type":"Point","coordinates":[-4.41878,36.72514]},"properties":{"anio":2016}},{"type":"Feature","geometry":{"type":"Point","coordinates":[-4.41977,36.72544]},"properties":{"anio":2016}},{"type":"Feature","geometry":{"type":"Point","coordinates":[-4.41977,36.72544]},"properties":{"anio":2016}},{"type":"Feature","geometry":{"type":"Point","coordinates":[-4.42431,36.71915]},"properties":{"anio":2016}},{"type":"Feature","geometry":{"type":"Point","coordinates":[-4.4212,36.72644]},"properties":{"anio":2016}},{"type":"Feature","geometry":{"type":"Point","coordinates":[-4.42098,36.72237]},"properties":{"anio":2016}},{"type":"Feature","geometry":{"type":"Point","coordinates":[-4.42185,36.72305]},"properties":{"anio":2016}},{"type":"Feature","geometry":{"type":"Point","coordinates":[-4.41722,36.72377]},"properties":{"anio":2016}},{"type":"Feature","geometry":{"type":"Point","coordinates":[-4.42229,36.71629]},"properties":{"anio":2016}},{"type":"Feature","geometry":{"type":"Point","coordinates":[-4.41745,36.73222]},"properties":{"anio":2016}},{"type":"Feature","geometry":{"type":"Point","coordinates":[-4.41847,36.73083]},"properties":{"anio":2016}},{"type":"Feature","geometry":{"type":"Point","coordinates":[-4.42135,36.72426]},"properties":{"anio":2016}},{"type":"Feature","geometry":{"type":"Point","coordinates":[-4.4096,36.71966]},"properties":{"anio":2016}},{"type":"Feature","geometry":{"type":"Point","coordinates":[-4.42427,36.72052]},"properties":{"anio":2016}},{"type":"Feature","geometry":{"type":"Point","coordinates":[-4.41979,36.72505]},"properties":{"anio":2016}},{"type":"Feature","geometry":{"type":"Point","coordinates":[-4.42082,36.72201]},"properties":{"anio":2016}},{"type":"Feature","geometry":{"type":"Point","coordinates":[-4.41942,36.72494]},"properties":{"anio":2016}},{"type":"Feature","geometry":{"type":"Point","coordinates":[-4.41618,36.72391]},"properties":{"anio":2016}},{"type":"Feature","geometry":{"type":"Point","coordinates":[-4.41452,36.7276]},"properties":{"anio":2016}},{"type":"Feature","geometry":{"type":"Point","coordinates":[-4.42922,36.71633]},"properties":{"anio":2016}},{"type":"Feature","geometry":{"type":"Point","coordinates":[-4.42183,36.72476]},"properties":{"anio":2016}},{"type":"Feature","geometry":{"type":"Point","coordinates":[-4.4239,36.71546]},"properties":{"anio":2016}},{"type":"Feature","geometry":{"type":"Point","coordinates":[-4.42368,36.7199]},"properties":{"anio":2016}},{"type":"Feature","geometry":{"type":"Point","coordinates":[-4.41167,36.71919]},"properties":{"anio":2016}},{"type":"Feature","geometry":{"type":"Point","coordinates":[-4.42897,36.72031]},"properties":{"anio":2016}},{"type":"Feature","geometry":{"type":"Point","coordinates":[-4.41188,36.7165]},"properties":{"anio":2016}},{"type":"Feature","geometry":{"type":"Point","coordinates":[-4.4115,36.7213]},"properties":{"anio":2016}},{"type":"Feature","geometry":{"type":"Point","coordinates":[-4.42061,36.72265]},"properties":{"anio":2016}},{"type":"Feature","geometry":{"type":"Point","coordinates":[-4.41868,36.72652]},"properties":{"anio":2016}},{"type":"Feature","geometry":{"type":"Point","coordinates":[-4.42871,36.72034]},"properties":{"anio":2016}},{"type":"Feature","geometry":{"type":"Point","coordinates":[-4.42082,36.72201]},"properties":{"anio":2016}},{"type":"Feature","geometry":{"type":"Point","coordinates":[-4.4115,36.7213]},"properties":{"anio":2016}},{"type":"Feature","geometry":{"type":"Point","coordinates":[-4.41564,36.72375]},"properties":{"anio":2016}},{"type":"Feature","geometry":{"type":"Point","coordinates":[-4.41339,36.72773]},"properties":{"anio":2016}},{"type":"Feature","geometry":{"type":"Point","coordinates":[-4.41768,36.72481]},"properties":{"anio":2016}},{"type":"Feature","geometry":{"type":"Point","coordinates":[-4.4244,36.72352]},"properties":{"anio":2016}},{"type":"Feature","geometry":{"type":"Point","coordinates":[-4.42135,36.72426]},"properties":{"anio":2016}},{"type":"Feature","geometry":{"type":"Point","coordinates":[-4.42103,36.7203]},"properties":{"anio":2016}},{"type":"Feature","geometry":{"type":"Point","coordinates":[-4.42347,36.72099]},"properties":{"anio":2016}},{"type":"Feature","geometry":{"type":"Point","coordinates":[-4.42269,36.72376]},"properties":{"anio":2016}},{"type":"Feature","geometry":{"type":"Point","coordinates":[-4.42716,36.71992]},"properties":{"anio":2016}},{"type":"Feature","geometry":{"type":"Point","coordinates":[-4.41933,36.72506]},"properties":{"anio":2016}},{"type":"Feature","geometry":{"type":"Point","coordinates":[-4.41997,36.72251]},"properties":{"anio":2016}},{"type":"Feature","geometry":{"type":"Point","coordinates":[-4.42015,36.72642]},"properties":{"anio":2016}},{"type":"Feature","geometry":{"type":"Point","coordinates":[-4.42136,36.72634]},"properties":{"anio":2016}},{"type":"Feature","geometry":{"type":"Point","coordinates":[-4.41883,36.72544]},"properties":{"anio":2016}},{"type":"Feature","geometry":{"type":"Point","coordinates":[-4.41918,36.72559]},"properties":{"anio":2016}},{"type":"Feature","geometry":{"type":"Point","coordinates":[-4.42204,36.72507]},"properties":{"anio":2016}},{"type":"Feature","geometry":{"type":"Point","coordinates":[-4.42192,36.72508]},"properties":{"anio":2016}},{"type":"Feature","geometry":{"type":"Point","coordinates":[-4.42204,36.72507]},"properties":{"anio":2016}},{"type":"Feature","geometry":{"type":"Point","coordinates":[-4.42204,36.72507]},"properties":{"anio":2016}},{"type":"Feature","geometry":{"type":"Point","coordinates":[-4.42204,36.72507]},"properties":{"anio":2016}},{"type":"Feature","geometry":{"type":"Point","coordinates":[-4.42204,36.72507]},"properties":{"anio":2016}},{"type":"Feature","geometry":{"type":"Point","coordinates":[-4.41977,36.72544]},"properties":{"anio":2016}},{"type":"Feature","geometry":{"type":"Point","coordinates":[-4.41878,36.7241]},"properties":{"anio":2016}},{"type":"Feature","geometry":{"type":"Point","coordinates":[-4.41878,36.7241]},"properties":{"anio":2016}},{"type":"Feature","geometry":{"type":"Point","coordinates":[-4.43093,36.71961]},"properties":{"anio":2016}},{"type":"Feature","geometry":{"type":"Point","coordinates":[-4.41124,36.72784]},"properties":{"anio":2016}},{"type":"Feature","geometry":{"type":"Point","coordinates":[-4.4184,36.73063]},"properties":{"anio":2016}},{"type":"Feature","geometry":{"type":"Point","coordinates":[-4.42109,36.72133]},"properties":{"anio":2016}},{"type":"Feature","geometry":{"type":"Point","coordinates":[-4.41212,36.72122]},"properties":{"anio":2016}},{"type":"Feature","geometry":{"type":"Point","coordinates":[-4.41135,36.71702]},"properties":{"anio":2016}},{"type":"Feature","geometry":{"type":"Point","coordinates":[-4.4216,36.72407]},"properties":{"anio":2016}},{"type":"Feature","geometry":{"type":"Point","coordinates":[-4.41878,36.72314]},"properties":{"anio":2016}},{"type":"Feature","geometry":{"type":"Point","coordinates":[-4.41801,36.724]},"properties":{"anio":2016}},{"type":"Feature","geometry":{"type":"Point","coordinates":[-4.41722,36.72377]},"properties":{"anio":2016}},{"type":"Feature","geometry":{"type":"Point","coordinates":[-4.42415,36.72461]},"properties":{"anio":2016}},{"type":"Feature","geometry":{"type":"Point","coordinates":[-4.42429,36.71911]},"properties":{"anio":2016}},{"type":"Feature","geometry":{"type":"Point","coordinates":[-4.42372,36.72388]},"properties":{"anio":2016}},{"type":"Feature","geometry":{"type":"Point","coordinates":[-4.4117,36.71843]},"properties":{"anio":2016}},{"type":"Feature","geometry":{"type":"Point","coordinates":[-4.4223,36.71894]},"properties":{"anio":2016}},{"type":"Feature","geometry":{"type":"Point","coordinates":[-4.41624,36.73408]},"properties":{"anio":2016}},{"type":"Feature","geometry":{"type":"Point","coordinates":[-4.41357,36.73204]},"properties":{"anio":2016}},{"type":"Feature","geometry":{"type":"Point","coordinates":[-4.41357,36.73204]},"properties":{"anio":2016}},{"type":"Feature","geometry":{"type":"Point","coordinates":[-4.41722,36.72377]},"properties":{"anio":2016}},{"type":"Feature","geometry":{"type":"Point","coordinates":[-4.41722,36.72377]},"properties":{"anio":2016}},{"type":"Feature","geometry":{"type":"Point","coordinates":[-4.41124,36.72784]},"properties":{"anio":2016}},{"type":"Feature","geometry":{"type":"Point","coordinates":[-4.4207,36.72316]},"properties":{"anio":2016}},{"type":"Feature","geometry":{"type":"Point","coordinates":[-4.42413,36.71933]},"properties":{"anio":2016}},{"type":"Feature","geometry":{"type":"Point","coordinates":[-4.42281,36.72024]},"properties":{"anio":2016}},{"type":"Feature","geometry":{"type":"Point","coordinates":[-4.41865,36.72337]},"properties":{"anio":2016}},{"type":"Feature","geometry":{"type":"Point","coordinates":[-4.42665,36.72521]},"properties":{"anio":2016}},{"type":"Feature","geometry":{"type":"Point","coordinates":[-4.4286,36.71961]},"properties":{"anio":2016}},{"type":"Feature","geometry":{"type":"Point","coordinates":[-4.41196,36.72124]},"properties":{"anio":2016}},{"type":"Feature","geometry":{"type":"Point","coordinates":[-4.41135,36.71702]},"properties":{"anio":2016}},{"type":"Feature","geometry":{"type":"Point","coordinates":[-4.4115,36.7213]},"properties":{"anio":2016}},{"type":"Feature","geometry":{"type":"Point","coordinates":[-4.4115,36.7213]},"properties":{"anio":2016}},{"type":"Feature","geometry":{"type":"Point","coordinates":[-4.42005,36.72557]},"properties":{"anio":2016}},{"type":"Feature","geometry":{"type":"Point","coordinates":[-4.42415,36.72461]},"properties":{"anio":2016}},{"type":"Feature","geometry":{"type":"Point","coordinates":[-4.41641,36.72501]},"properties":{"anio":2016}},{"type":"Feature","geometry":{"type":"Point","coordinates":[-4.42229,36.72065]},"properties":{"anio":2016}},{"type":"Feature","geometry":{"type":"Point","coordinates":[-4.42928,36.71243]},"properties":{"anio":2016}},{"type":"Feature","geometry":{"type":"Point","coordinates":[-4.42368,36.7159]},"properties":{"anio":2016}},{"type":"Feature","geometry":{"type":"Point","coordinates":[-4.42058,36.72527]},"properties":{"anio":2016}},{"type":"Feature","geometry":{"type":"Point","coordinates":[-4.42752,36.71314]},"properties":{"anio":2016}},{"type":"Feature","geometry":{"type":"Point","coordinates":[-4.41801,36.724]},"properties":{"anio":2016}},{"type":"Feature","geometry":{"type":"Point","coordinates":[-4.42235,36.72411]},"properties":{"anio":2016}},{"type":"Feature","geometry":{"type":"Point","coordinates":[-4.42049,36.72536]},"properties":{"anio":2016}},{"type":"Feature","geometry":{"type":"Point","coordinates":[-4.41722,36.72377]},"properties":{"anio":2016}},{"type":"Feature","geometry":{"type":"Point","coordinates":[-4.41768,36.72481]},"properties":{"anio":2016}},{"type":"Feature","geometry":{"type":"Point","coordinates":[-4.41418,36.72571]},"properties":{"anio":2016}},{"type":"Feature","geometry":{"type":"Point","coordinates":[-4.42093,36.72052]},"properties":{"anio":2016}},{"type":"Feature","geometry":{"type":"Point","coordinates":[-4.41135,36.71702]},"properties":{"anio":2016}},{"type":"Feature","geometry":{"type":"Point","coordinates":[-4.41618,36.72391]},"properties":{"anio":2016}},{"type":"Feature","geometry":{"type":"Point","coordinates":[-4.4194,36.7234]},"properties":{"anio":2016}},{"type":"Feature","geometry":{"type":"Point","coordinates":[-4.41618,36.72391]},"properties":{"anio":2016}},{"type":"Feature","geometry":{"type":"Point","coordinates":[-4.42168,36.72326]},"properties":{"anio":2016}},{"type":"Feature","geometry":{"type":"Point","coordinates":[-4.42787,36.72382]},"properties":{"anio":2016}},{"type":"Feature","geometry":{"type":"Point","coordinates":[-4.42787,36.72382]},"properties":{"anio":2016}},{"type":"Feature","geometry":{"type":"Point","coordinates":[-4.421,36.72861]},"properties":{"anio":2016}},{"type":"Feature","geometry":{"type":"Point","coordinates":[-4.41632,36.72401]},"properties":{"anio":2016}},{"type":"Feature","geometry":{"type":"Point","coordinates":[-4.42269,36.72376]},"properties":{"anio":2016}},{"type":"Feature","geometry":{"type":"Point","coordinates":[-4.41819,36.72329]},"properties":{"anio":2016}},{"type":"Feature","geometry":{"type":"Point","coordinates":[-4.41573,36.72384]},"properties":{"anio":2016}},{"type":"Feature","geometry":{"type":"Point","coordinates":[-4.42447,36.71926]},"properties":{"anio":2016}},{"type":"Feature","geometry":{"type":"Point","coordinates":[-4.42344,36.71887]},"properties":{"anio":2016}},{"type":"Feature","geometry":{"type":"Point","coordinates":[-4.42344,36.71887]},"properties":{"anio":2016}},{"type":"Feature","geometry":{"type":"Point","coordinates":[-4.41646,36.72312]},"properties":{"anio":2016}},{"type":"Feature","geometry":{"type":"Point","coordinates":[-4.42427,36.71907]},"properties":{"anio":2016}},{"type":"Feature","geometry":{"type":"Point","coordinates":[-4.42102,36.72135]},"properties":{"anio":2016}},{"type":"Feature","geometry":{"type":"Point","coordinates":[-4.42176,36.72439]},"properties":{"anio":2016}},{"type":"Feature","geometry":{"type":"Point","coordinates":[-4.424,36.72434]},"properties":{"anio":2016}},{"type":"Feature","geometry":{"type":"Point","coordinates":[-4.42155,36.72576]},"properties":{"anio":2016}},{"type":"Feature","geometry":{"type":"Point","coordinates":[-4.41942,36.71945]},"properties":{"anio":2016}},{"type":"Feature","geometry":{"type":"Point","coordinates":[-4.4216,36.72107]},"properties":{"anio":2016}},{"type":"Feature","geometry":{"type":"Point","coordinates":[-4.42653,36.71126]},"properties":{"anio":2016}},{"type":"Feature","geometry":{"type":"Point","coordinates":[-4.42326,36.72386]},"properties":{"anio":2016}},{"type":"Feature","geometry":{"type":"Point","coordinates":[-4.41922,36.72588]},"properties":{"anio":2016}},{"type":"Feature","geometry":{"type":"Point","coordinates":[-4.42381,36.72001]},"properties":{"anio":2016}},{"type":"Feature","geometry":{"type":"Point","coordinates":[-4.41432,36.72925]},"properties":{"anio":2016}},{"type":"Feature","geometry":{"type":"Point","coordinates":[-4.42327,36.71444]},"properties":{"anio":2016}},{"type":"Feature","geometry":{"type":"Point","coordinates":[-4.42338,36.71433]},"properties":{"anio":2016}},{"type":"Feature","geometry":{"type":"Point","coordinates":[-4.42094,36.72032]},"properties":{"anio":2016}},{"type":"Feature","geometry":{"type":"Point","coordinates":[-4.41165,36.7187]},"properties":{"anio":2016}},{"type":"Feature","geometry":{"type":"Point","coordinates":[-4.41803,36.7219]},"properties":{"anio":2016}},{"type":"Feature","geometry":{"type":"Point","coordinates":[-4.41463,36.73291]},"properties":{"anio":2016}},{"type":"Feature","geometry":{"type":"Point","coordinates":[-4.42474,36.72287]},"properties":{"anio":2016}},{"type":"Feature","geometry":{"type":"Point","coordinates":[-4.40811,36.71894]},"properties":{"anio":2016}},{"type":"Feature","geometry":{"type":"Point","coordinates":[-4.41686,36.7238]},"properties":{"anio":2016}},{"type":"Feature","geometry":{"type":"Point","coordinates":[-4.42386,36.71556]},"properties":{"anio":2016}},{"type":"Feature","geometry":{"type":"Point","coordinates":[-4.42365,36.72019]},"properties":{"anio":2016}},{"type":"Feature","geometry":{"type":"Point","coordinates":[-4.41947,36.7245]},"properties":{"anio":2016}},{"type":"Feature","geometry":{"type":"Point","coordinates":[-4.42447,36.71926]},"properties":{"anio":2016}},{"type":"Feature","geometry":{"type":"Point","coordinates":[-4.41609,36.7247]},"properties":{"anio":2016}},{"type":"Feature","geometry":{"type":"Point","coordinates":[-4.41993,36.72453]},"properties":{"anio":2016}},{"type":"Feature","geometry":{"type":"Point","coordinates":[-4.42131,36.72423]},"properties":{"anio":2016}},{"type":"Feature","geometry":{"type":"Point","coordinates":[-4.42431,36.71594]},"properties":{"anio":2016}},{"type":"Feature","geometry":{"type":"Point","coordinates":[-4.43081,36.72534]},"properties":{"anio":2016}},{"type":"Feature","geometry":{"type":"Point","coordinates":[-4.40137,36.72283]},"properties":{"anio":2016}},{"type":"Feature","geometry":{"type":"Point","coordinates":[-4.42357,36.72113]},"properties":{"anio":2016}},{"type":"Feature","geometry":{"type":"Point","coordinates":[-4.42357,36.72113]},"properties":{"anio":2016}},{"type":"Feature","geometry":{"type":"Point","coordinates":[-4.42357,36.72113]},"properties":{"anio":2016}},{"type":"Feature","geometry":{"type":"Point","coordinates":[-4.41181,36.71803]},"properties":{"anio":2016}},{"type":"Feature","geometry":{"type":"Point","coordinates":[-4.42447,36.71926]},"properties":{"anio":2016}},{"type":"Feature","geometry":{"type":"Point","coordinates":[-4.42447,36.71926]},"properties":{"anio":2016}},{"type":"Feature","geometry":{"type":"Point","coordinates":[-4.42419,36.72293]},"properties":{"anio":2016}},{"type":"Feature","geometry":{"type":"Point","coordinates":[-4.42368,36.7199]},"properties":{"anio":2016}},{"type":"Feature","geometry":{"type":"Point","coordinates":[-4.41406,36.7289]},"properties":{"anio":2016}},{"type":"Feature","geometry":{"type":"Point","coordinates":[-4.4098,36.72843]},"properties":{"anio":2016}},{"type":"Feature","geometry":{"type":"Point","coordinates":[-4.41406,36.7289]},"properties":{"anio":2016}},{"type":"Feature","geometry":{"type":"Point","coordinates":[-4.41178,36.71688]},"properties":{"anio":2016}},{"type":"Feature","geometry":{"type":"Point","coordinates":[-4.41178,36.71688]},"properties":{"anio":2016}},{"type":"Feature","geometry":{"type":"Point","coordinates":[-4.42272,36.72006]},"properties":{"anio":2016}},{"type":"Feature","geometry":{"type":"Point","coordinates":[-4.42248,36.71537]},"properties":{"anio":2016}},{"type":"Feature","geometry":{"type":"Point","coordinates":[-4.42467,36.72314]},"properties":{"anio":2016}},{"type":"Feature","geometry":{"type":"Point","coordinates":[-4.42525,36.72266]},"properties":{"anio":2016}},{"type":"Feature","geometry":{"type":"Point","coordinates":[-4.4117,36.71843]},"properties":{"anio":2016}},{"type":"Feature","geometry":{"type":"Point","coordinates":[-4.4248,36.71848]},"properties":{"anio":2016}},{"type":"Feature","geometry":{"type":"Point","coordinates":[-4.4248,36.71848]},"properties":{"anio":2016}},{"type":"Feature","geometry":{"type":"Point","coordinates":[-4.41432,36.72925]},"properties":{"anio":2016}},{"type":"Feature","geometry":{"type":"Point","coordinates":[-4.41191,36.72767]},"properties":{"anio":2016}},{"type":"Feature","geometry":{"type":"Point","coordinates":[-4.41618,36.72391]},"properties":{"anio":2016}},{"type":"Feature","geometry":{"type":"Point","coordinates":[-4.42385,36.7159]},"properties":{"anio":2016}},{"type":"Feature","geometry":{"type":"Point","coordinates":[-4.40401,36.7206]},"properties":{"anio":2016}},{"type":"Feature","geometry":{"type":"Point","coordinates":[-4.41634,36.72465]},"properties":{"anio":2016}},{"type":"Feature","geometry":{"type":"Point","coordinates":[-4.4135,36.73152]},"properties":{"anio":2016}},{"type":"Feature","geometry":{"type":"Point","coordinates":[-4.42254,36.72272]},"properties":{"anio":2016}},{"type":"Feature","geometry":{"type":"Point","coordinates":[-4.42232,36.72373]},"properties":{"anio":2016}},{"type":"Feature","geometry":{"type":"Point","coordinates":[-4.41711,36.72403]},"properties":{"anio":2016}},{"type":"Feature","geometry":{"type":"Point","coordinates":[-4.41747,36.7253]},"properties":{"anio":2016}},{"type":"Feature","geometry":{"type":"Point","coordinates":[-4.41919,36.72486]},"properties":{"anio":2016}},{"type":"Feature","geometry":{"type":"Point","coordinates":[-4.41919,36.72486]},"properties":{"anio":2016}},{"type":"Feature","geometry":{"type":"Point","coordinates":[-4.4156,36.72606]},"properties":{"anio":2016}},{"type":"Feature","geometry":{"type":"Point","coordinates":[-4.42045,36.72444]},"properties":{"anio":2016}},{"type":"Feature","geometry":{"type":"Point","coordinates":[-4.42431,36.71594]},"properties":{"anio":2016}},{"type":"Feature","geometry":{"type":"Point","coordinates":[-4.42824,36.72004]},"properties":{"anio":2016}},{"type":"Feature","geometry":{"type":"Point","coordinates":[-4.42431,36.71594]},"properties":{"anio":2016}},{"type":"Feature","geometry":{"type":"Point","coordinates":[-4.42535,36.71274]},"properties":{"anio":2016}},{"type":"Feature","geometry":{"type":"Point","coordinates":[-4.41806,36.72519]},"properties":{"anio":2016}},{"type":"Feature","geometry":{"type":"Point","coordinates":[-4.41813,36.72514]},"properties":{"anio":2016}},{"type":"Feature","geometry":{"type":"Point","coordinates":[-4.42394,36.72182]},"properties":{"anio":2016}},{"type":"Feature","geometry":{"type":"Point","coordinates":[-4.42955,36.72405]},"properties":{"anio":2016}},{"type":"Feature","geometry":{"type":"Point","coordinates":[-4.41973,36.72389]},"properties":{"anio":2016}},{"type":"Feature","geometry":{"type":"Point","coordinates":[-4.42397,36.72459]},"properties":{"anio":2016}},{"type":"Feature","geometry":{"type":"Point","coordinates":[-4.41971,36.72391]},"properties":{"anio":2016}},{"type":"Feature","geometry":{"type":"Point","coordinates":[-4.42322,36.72225]},"properties":{"anio":2016}},{"type":"Feature","geometry":{"type":"Point","coordinates":[-4.42272,36.72006]},"properties":{"anio":2016}},{"type":"Feature","geometry":{"type":"Point","coordinates":[-4.4236,36.72421]},"properties":{"anio":2016}},{"type":"Feature","geometry":{"type":"Point","coordinates":[-4.41354,36.73118]},"properties":{"anio":2016}},{"type":"Feature","geometry":{"type":"Point","coordinates":[-4.41354,36.73118]},"properties":{"anio":2016}},{"type":"Feature","geometry":{"type":"Point","coordinates":[-4.41919,36.72486]},"properties":{"anio":2016}},{"type":"Feature","geometry":{"type":"Point","coordinates":[-4.41919,36.72486]},"properties":{"anio":2016}},{"type":"Feature","geometry":{"type":"Point","coordinates":[-4.43193,36.72103]},"properties":{"anio":2016}},{"type":"Feature","geometry":{"type":"Point","coordinates":[-4.42431,36.71915]},"properties":{"anio":2016}},{"type":"Feature","geometry":{"type":"Point","coordinates":[-4.4267,36.72309]},"properties":{"anio":2016}},{"type":"Feature","geometry":{"type":"Point","coordinates":[-4.41918,36.72559]},"properties":{"anio":2016}},{"type":"Feature","geometry":{"type":"Point","coordinates":[-4.4168,36.73415]},"properties":{"anio":2016}},{"type":"Feature","geometry":{"type":"Point","coordinates":[-4.42255,36.72386]},"properties":{"anio":2016}},{"type":"Feature","geometry":{"type":"Point","coordinates":[-4.42379,36.71951]},"properties":{"anio":2016}},{"type":"Feature","geometry":{"type":"Point","coordinates":[-4.41995,36.72231]},"properties":{"anio":2016}},{"type":"Feature","geometry":{"type":"Point","coordinates":[-4.42135,36.72426]},"properties":{"anio":2016}},{"type":"Feature","geometry":{"type":"Point","coordinates":[-4.42312,36.72379]},"properties":{"anio":2016}},{"type":"Feature","geometry":{"type":"Point","coordinates":[-4.41125,36.71744]},"properties":{"anio":2016}},{"type":"Feature","geometry":{"type":"Point","coordinates":[-4.42392,36.72025]},"properties":{"anio":2016}},{"type":"Feature","geometry":{"type":"Point","coordinates":[-4.4308,36.71393]},"properties":{"anio":2016}},{"type":"Feature","geometry":{"type":"Point","coordinates":[-4.42338,36.71433]},"properties":{"anio":2016}},{"type":"Feature","geometry":{"type":"Point","coordinates":[-4.42771,36.71297]},"properties":{"anio":2016}},{"type":"Feature","geometry":{"type":"Point","coordinates":[-4.42253,36.72086]},"properties":{"anio":2016}},{"type":"Feature","geometry":{"type":"Point","coordinates":[-4.41866,36.72035]},"properties":{"anio":2016}},{"type":"Feature","geometry":{"type":"Point","coordinates":[-4.42096,36.72126]},"properties":{"anio":2016}},{"type":"Feature","geometry":{"type":"Point","coordinates":[-4.4205,36.72573]},"properties":{"anio":2016}},{"type":"Feature","geometry":{"type":"Point","coordinates":[-4.42326,36.7266]},"properties":{"anio":2016}},{"type":"Feature","geometry":{"type":"Point","coordinates":[-4.42133,36.7224]},"properties":{"anio":2016}},{"type":"Feature","geometry":{"type":"Point","coordinates":[-4.4198,36.72209]},"properties":{"anio":2016}},{"type":"Feature","geometry":{"type":"Point","coordinates":[-4.4086,36.71947]},"properties":{"anio":2016}},{"type":"Feature","geometry":{"type":"Point","coordinates":[-4.42064,36.72329]},"properties":{"anio":2016}},{"type":"Feature","geometry":{"type":"Point","coordinates":[-4.42221,36.72735]},"properties":{"anio":2016}},{"type":"Feature","geometry":{"type":"Point","coordinates":[-4.41178,36.71836]},"properties":{"anio":2016}},{"type":"Feature","geometry":{"type":"Point","coordinates":[-4.42424,36.71784]},"properties":{"anio":2016}},{"type":"Feature","geometry":{"type":"Point","coordinates":[-4.4267,36.72309]},"properties":{"anio":2016}},{"type":"Feature","geometry":{"type":"Point","coordinates":[-4.41945,36.72509]},"properties":{"anio":2016}},{"type":"Feature","geometry":{"type":"Point","coordinates":[-4.41103,36.71827]},"properties":{"anio":2016}},{"type":"Feature","geometry":{"type":"Point","coordinates":[-4.41103,36.71827]},"properties":{"anio":2016}},{"type":"Feature","geometry":{"type":"Point","coordinates":[-4.42507,36.71432]},"properties":{"anio":2016}},{"type":"Feature","geometry":{"type":"Point","coordinates":[-4.42254,36.72272]},"properties":{"anio":2016}},{"type":"Feature","geometry":{"type":"Point","coordinates":[-4.4248,36.71848]},"properties":{"anio":2016}},{"type":"Feature","geometry":{"type":"Point","coordinates":[-4.4205,36.72573]},"properties":{"anio":2016}},{"type":"Feature","geometry":{"type":"Point","coordinates":[-4.42479,36.72295]},"properties":{"anio":2016}},{"type":"Feature","geometry":{"type":"Point","coordinates":[-4.41851,36.7232]},"properties":{"anio":2016}},{"type":"Feature","geometry":{"type":"Point","coordinates":[-4.42396,36.72073]},"properties":{"anio":2016}},{"type":"Feature","geometry":{"type":"Point","coordinates":[-4.42861,36.7147]},"properties":{"anio":2016}},{"type":"Feature","geometry":{"type":"Point","coordinates":[-4.42861,36.7147]},"properties":{"anio":2016}},{"type":"Feature","geometry":{"type":"Point","coordinates":[-4.42862,36.71472]},"properties":{"anio":2016}},{"type":"Feature","geometry":{"type":"Point","coordinates":[-4.40923,36.71919]},"properties":{"anio":2016}},{"type":"Feature","geometry":{"type":"Point","coordinates":[-4.40923,36.71919]},"properties":{"anio":2016}},{"type":"Feature","geometry":{"type":"Point","coordinates":[-4.42429,36.71911]},"properties":{"anio":2016}},{"type":"Feature","geometry":{"type":"Point","coordinates":[-4.42525,36.72266]},"properties":{"anio":2016}},{"type":"Feature","geometry":{"type":"Point","coordinates":[-4.42458,36.72396]},"properties":{"anio":2016}},{"type":"Feature","geometry":{"type":"Point","coordinates":[-4.4194,36.7246]},"properties":{"anio":2016}},{"type":"Feature","geometry":{"type":"Point","coordinates":[-4.42255,36.72386]},"properties":{"anio":2016}},{"type":"Feature","geometry":{"type":"Point","coordinates":[-4.41979,36.72514]},"properties":{"anio":2016}},{"type":"Feature","geometry":{"type":"Point","coordinates":[-4.4177,36.72025]},"properties":{"anio":2016}},{"type":"Feature","geometry":{"type":"Point","coordinates":[-4.40743,36.72111]},"properties":{"anio":2016}},{"type":"Feature","geometry":{"type":"Point","coordinates":[-4.41295,36.72803]},"properties":{"anio":2016}},{"type":"Feature","geometry":{"type":"Point","coordinates":[-4.41908,36.72559]},"properties":{"anio":2016}},{"type":"Feature","geometry":{"type":"Point","coordinates":[-4.41781,36.72043]},"properties":{"anio":2016}},{"type":"Feature","geometry":{"type":"Point","coordinates":[-4.41633,36.72352]},"properties":{"anio":2016}},{"type":"Feature","geometry":{"type":"Point","coordinates":[-4.42967,36.72525]},"properties":{"anio":2016}},{"type":"Feature","geometry":{"type":"Point","coordinates":[-4.41832,36.72432]},"properties":{"anio":2016}},{"type":"Feature","geometry":{"type":"Point","coordinates":[-4.42474,36.72373]},"properties":{"anio":2016}},{"type":"Feature","geometry":{"type":"Point","coordinates":[-4.42362,36.72115]},"properties":{"anio":2016}},{"type":"Feature","geometry":{"type":"Point","coordinates":[-4.42273,36.72675]},"properties":{"anio":2016}},{"type":"Feature","geometry":{"type":"Point","coordinates":[-4.42477,36.72108]},"properties":{"anio":2016}},{"type":"Feature","geometry":{"type":"Point","coordinates":[-4.42518,36.72245]},"properties":{"anio":2016}},{"type":"Feature","geometry":{"type":"Point","coordinates":[-4.42183,36.72476]},"properties":{"anio":2016}},{"type":"Feature","geometry":{"type":"Point","coordinates":[-4.42292,36.72193]},"properties":{"anio":2016}},{"type":"Feature","geometry":{"type":"Point","coordinates":[-4.42106,36.72413]},"properties":{"anio":2016}},{"type":"Feature","geometry":{"type":"Point","coordinates":[-4.42005,36.72557]},"properties":{"anio":2016}},{"type":"Feature","geometry":{"type":"Point","coordinates":[-4.42219,36.72503]},"properties":{"anio":2016}},{"type":"Feature","geometry":{"type":"Point","coordinates":[-4.42824,36.72004]},"properties":{"anio":2016}},{"type":"Feature","geometry":{"type":"Point","coordinates":[-4.42824,36.72004]},"properties":{"anio":2016}},{"type":"Feature","geometry":{"type":"Point","coordinates":[-4.41125,36.71744]},"properties":{"anio":2016}},{"type":"Feature","geometry":{"type":"Point","coordinates":[-4.42204,36.72507]},"properties":{"anio":2016}},{"type":"Feature","geometry":{"type":"Point","coordinates":[-4.42204,36.72507]},"properties":{"anio":2016}},{"type":"Feature","geometry":{"type":"Point","coordinates":[-4.40928,36.7193]},"properties":{"anio":2016}},{"type":"Feature","geometry":{"type":"Point","coordinates":[-4.42125,36.72256]},"properties":{"anio":2016}},{"type":"Feature","geometry":{"type":"Point","coordinates":[-4.42367,36.7179]},"properties":{"anio":2016}},{"type":"Feature","geometry":{"type":"Point","coordinates":[-4.41103,36.71827]},"properties":{"anio":2016}},{"type":"Feature","geometry":{"type":"Point","coordinates":[-4.42665,36.72497]},"properties":{"anio":2016}},{"type":"Feature","geometry":{"type":"Point","coordinates":[-4.40302,36.72188]},"properties":{"anio":2016}},{"type":"Feature","geometry":{"type":"Point","coordinates":[-4.42325,36.72605]},"properties":{"anio":2016}},{"type":"Feature","geometry":{"type":"Point","coordinates":[-4.42116,36.72422]},"properties":{"anio":2016}},{"type":"Feature","geometry":{"type":"Point","coordinates":[-4.4156,36.72606]},"properties":{"anio":2016}},{"type":"Feature","geometry":{"type":"Point","coordinates":[-4.41498,36.72543]},"properties":{"anio":2016}},{"type":"Feature","geometry":{"type":"Point","coordinates":[-4.42273,36.72675]},"properties":{"anio":2016}},{"type":"Feature","geometry":{"type":"Point","coordinates":[-4.4117,36.71843]},"properties":{"anio":2016}},{"type":"Feature","geometry":{"type":"Point","coordinates":[-4.41135,36.71702]},"properties":{"anio":2016}},{"type":"Feature","geometry":{"type":"Point","coordinates":[-4.41863,36.72296]},"properties":{"anio":2016}},{"type":"Feature","geometry":{"type":"Point","coordinates":[-4.42337,36.71922]},"properties":{"anio":2016}},{"type":"Feature","geometry":{"type":"Point","coordinates":[-4.40302,36.72188]},"properties":{"anio":2016}},{"type":"Feature","geometry":{"type":"Point","coordinates":[-4.4248,36.71848]},"properties":{"anio":2016}},{"type":"Feature","geometry":{"type":"Point","coordinates":[-4.42312,36.72379]},"properties":{"anio":2016}},{"type":"Feature","geometry":{"type":"Point","coordinates":[-4.42229,36.71629]},"properties":{"anio":2016}},{"type":"Feature","geometry":{"type":"Point","coordinates":[-4.42667,36.72538]},"properties":{"anio":2016}},{"type":"Feature","geometry":{"type":"Point","coordinates":[-4.41372,36.73196]},"properties":{"anio":2016}},{"type":"Feature","geometry":{"type":"Point","coordinates":[-4.41135,36.71702]},"properties":{"anio":2016}},{"type":"Feature","geometry":{"type":"Point","coordinates":[-4.42302,36.72664]},"properties":{"anio":2016}},{"type":"Feature","geometry":{"type":"Point","coordinates":[-4.42289,36.72735]},"properties":{"anio":2016}},{"type":"Feature","geometry":{"type":"Point","coordinates":[-4.41801,36.724]},"properties":{"anio":2016}},{"type":"Feature","geometry":{"type":"Point","coordinates":[-4.4267,36.72309]},"properties":{"anio":2016}},{"type":"Feature","geometry":{"type":"Point","coordinates":[-4.4216,36.72252]},"properties":{"anio":2016}},{"type":"Feature","geometry":{"type":"Point","coordinates":[-4.41227,36.7277]},"properties":{"anio":2016}},{"type":"Feature","geometry":{"type":"Point","coordinates":[-4.41359,36.72566]},"properties":{"anio":2016}},{"type":"Feature","geometry":{"type":"Point","coordinates":[-4.42003,36.72445]},"properties":{"anio":2016}},{"type":"Feature","geometry":{"type":"Point","coordinates":[-4.4117,36.71843]},"properties":{"anio":2016}},{"type":"Feature","geometry":{"type":"Point","coordinates":[-4.41125,36.71744]},"properties":{"anio":2016}},{"type":"Feature","geometry":{"type":"Point","coordinates":[-4.41982,36.72583]},"properties":{"anio":2016}},{"type":"Feature","geometry":{"type":"Point","coordinates":[-4.42824,36.72004]},"properties":{"anio":2016}},{"type":"Feature","geometry":{"type":"Point","coordinates":[-4.42501,36.7209]},"properties":{"anio":2016}},{"type":"Feature","geometry":{"type":"Point","coordinates":[-4.42477,36.72108]},"properties":{"anio":2016}},{"type":"Feature","geometry":{"type":"Point","coordinates":[-4.41103,36.71827]},"properties":{"anio":2016}},{"type":"Feature","geometry":{"type":"Point","coordinates":[-4.41862,36.72069]},"properties":{"anio":2016}},{"type":"Feature","geometry":{"type":"Point","coordinates":[-4.42843,36.72094]},"properties":{"anio":2016}},{"type":"Feature","geometry":{"type":"Point","coordinates":[-4.42558,36.71291]},"properties":{"anio":2016}},{"type":"Feature","geometry":{"type":"Point","coordinates":[-4.42438,36.72146]},"properties":{"anio":2016}},{"type":"Feature","geometry":{"type":"Point","coordinates":[-4.40014,36.72277]},"properties":{"anio":2016}},{"type":"Feature","geometry":{"type":"Point","coordinates":[-4.41206,36.7166]},"properties":{"anio":2016}},{"type":"Feature","geometry":{"type":"Point","coordinates":[-4.43002,36.72596]},"properties":{"anio":2016}},{"type":"Feature","geometry":{"type":"Point","coordinates":[-4.41035,36.71796]},"properties":{"anio":2016}},{"type":"Feature","geometry":{"type":"Point","coordinates":[-4.41035,36.71796]},"properties":{"anio":2016}},{"type":"Feature","geometry":{"type":"Point","coordinates":[-4.42109,36.72133]},"properties":{"anio":2016}},{"type":"Feature","geometry":{"type":"Point","coordinates":[-4.41636,36.72465]},"properties":{"anio":2016}},{"type":"Feature","geometry":{"type":"Point","coordinates":[-4.42283,36.7247]},"properties":{"anio":2016}},{"type":"Feature","geometry":{"type":"Point","coordinates":[-4.42145,36.7216]},"properties":{"anio":2016}},{"type":"Feature","geometry":{"type":"Point","coordinates":[-4.41103,36.71827]},"properties":{"anio":2016}},{"type":"Feature","geometry":{"type":"Point","coordinates":[-4.41124,36.72784]},"properties":{"anio":2016}},{"type":"Feature","geometry":{"type":"Point","coordinates":[-4.41496,36.72466]},"properties":{"anio":2016}},{"type":"Feature","geometry":{"type":"Point","coordinates":[-4.43059,36.72358]},"properties":{"anio":2016}},{"type":"Feature","geometry":{"type":"Point","coordinates":[-4.42403,36.7227]},"properties":{"anio":2016}},{"type":"Feature","geometry":{"type":"Point","coordinates":[-4.42909,36.71458]},"properties":{"anio":2016}},{"type":"Feature","geometry":{"type":"Point","coordinates":[-4.42888,36.72184]},"properties":{"anio":2016}},{"type":"Feature","geometry":{"type":"Point","coordinates":[-4.42888,36.72184]},"properties":{"anio":2016}},{"type":"Feature","geometry":{"type":"Point","coordinates":[-4.4209,36.72914]},"properties":{"anio":2016}},{"type":"Feature","geometry":{"type":"Point","coordinates":[-4.40923,36.71919]},"properties":{"anio":2016}},{"type":"Feature","geometry":{"type":"Point","coordinates":[-4.42131,36.72423]},"properties":{"anio":2016}},{"type":"Feature","geometry":{"type":"Point","coordinates":[-4.42273,36.72675]},"properties":{"anio":2016}},{"type":"Feature","geometry":{"type":"Point","coordinates":[-4.4237,36.72407]},"properties":{"anio":2016}},{"type":"Feature","geometry":{"type":"Point","coordinates":[-4.41845,36.72405]},"properties":{"anio":2016}},{"type":"Feature","geometry":{"type":"Point","coordinates":[-4.42519,36.71896]},"properties":{"anio":2016}},{"type":"Feature","geometry":{"type":"Point","coordinates":[-4.42472,36.71888]},"properties":{"anio":2016}},{"type":"Feature","geometry":{"type":"Point","coordinates":[-4.42273,36.72675]},"properties":{"anio":2016}},{"type":"Feature","geometry":{"type":"Point","coordinates":[-4.41862,36.72069]},"properties":{"anio":2016}},{"type":"Feature","geometry":{"type":"Point","coordinates":[-4.41609,36.72438]},"properties":{"anio":2016}},{"type":"Feature","geometry":{"type":"Point","coordinates":[-4.42125,36.72256]},"properties":{"anio":2016}},{"type":"Feature","geometry":{"type":"Point","coordinates":[-4.42125,36.72256]},"properties":{"anio":2016}},{"type":"Feature","geometry":{"type":"Point","coordinates":[-4.41851,36.72323]},"properties":{"anio":2016}},{"type":"Feature","geometry":{"type":"Point","coordinates":[-4.43022,36.72655]},"properties":{"anio":2016}},{"type":"Feature","geometry":{"type":"Point","coordinates":[-4.41963,36.72557]},"properties":{"anio":2016}},{"type":"Feature","geometry":{"type":"Point","coordinates":[-4.41103,36.71827]},"properties":{"anio":2016}},{"type":"Feature","geometry":{"type":"Point","coordinates":[-4.4206,36.72522]},"properties":{"anio":2016}},{"type":"Feature","geometry":{"type":"Point","coordinates":[-4.42113,36.72245]},"properties":{"anio":2016}},{"type":"Feature","geometry":{"type":"Point","coordinates":[-4.41768,36.72481]},"properties":{"anio":2016}},{"type":"Feature","geometry":{"type":"Point","coordinates":[-4.4267,36.72309]},"properties":{"anio":2016}},{"type":"Feature","geometry":{"type":"Point","coordinates":[-4.42026,36.72538]},"properties":{"anio":2016}},{"type":"Feature","geometry":{"type":"Point","coordinates":[-4.42513,36.71447]},"properties":{"anio":2016}},{"type":"Feature","geometry":{"type":"Point","coordinates":[-4.42126,36.72865]},"properties":{"anio":2016}},{"type":"Feature","geometry":{"type":"Point","coordinates":[-4.41801,36.724]},"properties":{"anio":2016}},{"type":"Feature","geometry":{"type":"Point","coordinates":[-4.41636,36.72439]},"properties":{"anio":2016}},{"type":"Feature","geometry":{"type":"Point","coordinates":[-4.42108,36.72538]},"properties":{"anio":2016}},{"type":"Feature","geometry":{"type":"Point","coordinates":[-4.42504,36.7188]},"properties":{"anio":2016}},{"type":"Feature","geometry":{"type":"Point","coordinates":[-4.42419,36.72293]},"properties":{"anio":2016}},{"type":"Feature","geometry":{"type":"Point","coordinates":[-4.41557,36.72372]},"properties":{"anio":2016}},{"type":"Feature","geometry":{"type":"Point","coordinates":[-4.41249,36.71627]},"properties":{"anio":2016}},{"type":"Feature","geometry":{"type":"Point","coordinates":[-4.42116,36.71982]},"properties":{"anio":2016}},{"type":"Feature","geometry":{"type":"Point","coordinates":[-4.41636,36.72439]},"properties":{"anio":2016}},{"type":"Feature","geometry":{"type":"Point","coordinates":[-4.42471,36.72199]},"properties":{"anio":2016}},{"type":"Feature","geometry":{"type":"Point","coordinates":[-4.42439,36.71343]},"properties":{"anio":2016}},{"type":"Feature","geometry":{"type":"Point","coordinates":[-4.42184,36.72299]},"properties":{"anio":2016}},{"type":"Feature","geometry":{"type":"Point","coordinates":[-4.41432,36.72812]},"properties":{"anio":2016}},{"type":"Feature","geometry":{"type":"Point","coordinates":[-4.42861,36.71208]},"properties":{"anio":2016}},{"type":"Feature","geometry":{"type":"Point","coordinates":[-4.41124,36.72784]},"properties":{"anio":2016}},{"type":"Feature","geometry":{"type":"Point","coordinates":[-4.41472,36.72501]},"properties":{"anio":2016}},{"type":"Feature","geometry":{"type":"Point","coordinates":[-4.41836,36.72362]},"properties":{"anio":2016}},{"type":"Feature","geometry":{"type":"Point","coordinates":[-4.41882,36.72266]},"properties":{"anio":2016}},{"type":"Feature","geometry":{"type":"Point","coordinates":[-4.41985,36.72565]},"properties":{"anio":2016}},{"type":"Feature","geometry":{"type":"Point","coordinates":[-4.41898,36.72175]},"properties":{"anio":2016}},{"type":"Feature","geometry":{"type":"Point","coordinates":[-4.42106,36.72285]},"properties":{"anio":2016}},{"type":"Feature","geometry":{"type":"Point","coordinates":[-4.4267,36.72309]},"properties":{"anio":2016}},{"type":"Feature","geometry":{"type":"Point","coordinates":[-4.4205,36.72573]},"properties":{"anio":2016}},{"type":"Feature","geometry":{"type":"Point","coordinates":[-4.41989,36.72549]},"properties":{"anio":2016}},{"type":"Feature","geometry":{"type":"Point","coordinates":[-4.41254,36.71619]},"properties":{"anio":2016}},{"type":"Feature","geometry":{"type":"Point","coordinates":[-4.42135,36.72426]},"properties":{"anio":2016}},{"type":"Feature","geometry":{"type":"Point","coordinates":[-4.41472,36.72501]},"properties":{"anio":2016}},{"type":"Feature","geometry":{"type":"Point","coordinates":[-4.4278,36.72523]},"properties":{"anio":2016}},{"type":"Feature","geometry":{"type":"Point","coordinates":[-4.42312,36.72379]},"properties":{"anio":2016}},{"type":"Feature","geometry":{"type":"Point","coordinates":[-4.41472,36.72501]},"properties":{"anio":2016}},{"type":"Feature","geometry":{"type":"Point","coordinates":[-4.40923,36.71919]},"properties":{"anio":2016}},{"type":"Feature","geometry":{"type":"Point","coordinates":[-4.42466,36.71363]},"properties":{"anio":2016}},{"type":"Feature","geometry":{"type":"Point","coordinates":[-4.41866,36.72035]},"properties":{"anio":2016}},{"type":"Feature","geometry":{"type":"Point","coordinates":[-4.41886,36.72071]},"properties":{"anio":2016}},{"type":"Feature","geometry":{"type":"Point","coordinates":[-4.41125,36.71744]},"properties":{"anio":2016}},{"type":"Feature","geometry":{"type":"Point","coordinates":[-4.41472,36.72501]},"properties":{"anio":2016}},{"type":"Feature","geometry":{"type":"Point","coordinates":[-4.41857,36.71996]},"properties":{"anio":2016}},{"type":"Feature","geometry":{"type":"Point","coordinates":[-4.41781,36.72043]},"properties":{"anio":2016}},{"type":"Feature","geometry":{"type":"Point","coordinates":[-4.40854,36.71876]},"properties":{"anio":2016}},{"type":"Feature","geometry":{"type":"Point","coordinates":[-4.41979,36.72505]},"properties":{"anio":2016}},{"type":"Feature","geometry":{"type":"Point","coordinates":[-4.42479,36.72359]},"properties":{"anio":2016}},{"type":"Feature","geometry":{"type":"Point","coordinates":[-4.40923,36.71919]},"properties":{"anio":2016}},{"type":"Feature","geometry":{"type":"Point","coordinates":[-4.42397,36.72459]},"properties":{"anio":2016}},{"type":"Feature","geometry":{"type":"Point","coordinates":[-4.42407,36.72138]},"properties":{"anio":2016}},{"type":"Feature","geometry":{"type":"Point","coordinates":[-4.4205,36.72573]},"properties":{"anio":2016}},{"type":"Feature","geometry":{"type":"Point","coordinates":[-4.41103,36.71827]},"properties":{"anio":2016}},{"type":"Feature","geometry":{"type":"Point","coordinates":[-4.42475,36.71769]},"properties":{"anio":2016}},{"type":"Feature","geometry":{"type":"Point","coordinates":[-4.42499,36.72869]},"properties":{"anio":2016}},{"type":"Feature","geometry":{"type":"Point","coordinates":[-4.42467,36.71803]},"properties":{"anio":2016}},{"type":"Feature","geometry":{"type":"Point","coordinates":[-4.41504,36.73107]},"properties":{"anio":2016}},{"type":"Feature","geometry":{"type":"Point","coordinates":[-4.41504,36.73107]},"properties":{"anio":2016}},{"type":"Feature","geometry":{"type":"Point","coordinates":[-4.42431,36.71594]},"properties":{"anio":2016}},{"type":"Feature","geometry":{"type":"Point","coordinates":[-4.42421,36.72402]},"properties":{"anio":2016}},{"type":"Feature","geometry":{"type":"Point","coordinates":[-4.4117,36.71843]},"properties":{"anio":2016}},{"type":"Feature","geometry":{"type":"Point","coordinates":[-4.4117,36.71843]},"properties":{"anio":2016}},{"type":"Feature","geometry":{"type":"Point","coordinates":[-4.4117,36.71843]},"properties":{"anio":2016}},{"type":"Feature","geometry":{"type":"Point","coordinates":[-4.40923,36.71919]},"properties":{"anio":2016}},{"type":"Feature","geometry":{"type":"Point","coordinates":[-4.41636,36.72439]},"properties":{"anio":2016}},{"type":"Feature","geometry":{"type":"Point","coordinates":[-4.42226,36.72019]},"properties":{"anio":2016}},{"type":"Feature","geometry":{"type":"Point","coordinates":[-4.42398,36.72144]},"properties":{"anio":2016}},{"type":"Feature","geometry":{"type":"Point","coordinates":[-4.41636,36.72439]},"properties":{"anio":2016}},{"type":"Feature","geometry":{"type":"Point","coordinates":[-4.42281,36.72539]},"properties":{"anio":2016}},{"type":"Feature","geometry":{"type":"Point","coordinates":[-4.42266,36.72058]},"properties":{"anio":2016}},{"type":"Feature","geometry":{"type":"Point","coordinates":[-4.41472,36.72501]},"properties":{"anio":2016}},{"type":"Feature","geometry":{"type":"Point","coordinates":[-4.41472,36.72501]},"properties":{"anio":2016}},{"type":"Feature","geometry":{"type":"Point","coordinates":[-4.42499,36.71906]},"properties":{"anio":2016}},{"type":"Feature","geometry":{"type":"Point","coordinates":[-4.41472,36.72501]},"properties":{"anio":2016}},{"type":"Feature","geometry":{"type":"Point","coordinates":[-4.40973,36.72104]},"properties":{"anio":2016}},{"type":"Feature","geometry":{"type":"Point","coordinates":[-4.41126,36.71815]},"properties":{"anio":2016}},{"type":"Feature","geometry":{"type":"Point","coordinates":[-4.42862,36.71104]},"properties":{"anio":2016}},{"type":"Feature","geometry":{"type":"Point","coordinates":[-4.42862,36.71104]},"properties":{"anio":2016}},{"type":"Feature","geometry":{"type":"Point","coordinates":[-4.41819,36.72395]},"properties":{"anio":2016}},{"type":"Feature","geometry":{"type":"Point","coordinates":[-4.41819,36.72395]},"properties":{"anio":2016}},{"type":"Feature","geometry":{"type":"Point","coordinates":[-4.40979,36.71948]},"properties":{"anio":2016}},{"type":"Feature","geometry":{"type":"Point","coordinates":[-4.42475,36.72241]},"properties":{"anio":2016}},{"type":"Feature","geometry":{"type":"Point","coordinates":[-4.42652,36.72299]},"properties":{"anio":2016}},{"type":"Feature","geometry":{"type":"Point","coordinates":[-4.41862,36.72069]},"properties":{"anio":2016}},{"type":"Feature","geometry":{"type":"Point","coordinates":[-4.42155,36.72576]},"properties":{"anio":2016}},{"type":"Feature","geometry":{"type":"Point","coordinates":[-4.41742,36.72256]},"properties":{"anio":2016}},{"type":"Feature","geometry":{"type":"Point","coordinates":[-4.41845,36.72405]},"properties":{"anio":2016}},{"type":"Feature","geometry":{"type":"Point","coordinates":[-4.42478,36.72355]},"properties":{"anio":2016}},{"type":"Feature","geometry":{"type":"Point","coordinates":[-4.41933,36.72557]},"properties":{"anio":2016}},{"type":"Feature","geometry":{"type":"Point","coordinates":[-4.42392,36.716]},"properties":{"anio":2016}},{"type":"Feature","geometry":{"type":"Point","coordinates":[-4.41585,36.72444]},"properties":{"anio":2016}},{"type":"Feature","geometry":{"type":"Point","coordinates":[-4.41833,36.72288]},"properties":{"anio":2016}},{"type":"Feature","geometry":{"type":"Point","coordinates":[-4.42254,36.72272]},"properties":{"anio":2016}},{"type":"Feature","geometry":{"type":"Point","coordinates":[-4.42708,36.71254]},"properties":{"anio":2016}},{"type":"Feature","geometry":{"type":"Point","coordinates":[-4.41817,36.72034]},"properties":{"anio":2016}},{"type":"Feature","geometry":{"type":"Point","coordinates":[-4.42375,36.71517]},"properties":{"anio":2016}},{"type":"Feature","geometry":{"type":"Point","coordinates":[-4.41954,36.72243]},"properties":{"anio":2016}},{"type":"Feature","geometry":{"type":"Point","coordinates":[-4.42155,36.72576]},"properties":{"anio":2016}},{"type":"Feature","geometry":{"type":"Point","coordinates":[-4.40299,36.72105]},"properties":{"anio":2016}},{"type":"Feature","geometry":{"type":"Point","coordinates":[-4.42547,36.72582]},"properties":{"anio":2016}},{"type":"Feature","geometry":{"type":"Point","coordinates":[-4.41985,36.72297]},"properties":{"anio":2016}},{"type":"Feature","geometry":{"type":"Point","coordinates":[-4.42116,36.72422]},"properties":{"anio":2016}},{"type":"Feature","geometry":{"type":"Point","coordinates":[-4.41566,36.73249]},"properties":{"anio":2016}},{"type":"Feature","geometry":{"type":"Point","coordinates":[-4.42535,36.71274]},"properties":{"anio":2016}},{"type":"Feature","geometry":{"type":"Point","coordinates":[-4.42005,36.72557]},"properties":{"anio":2016}},{"type":"Feature","geometry":{"type":"Point","coordinates":[-4.42785,36.72423]},"properties":{"anio":2016}},{"type":"Feature","geometry":{"type":"Point","coordinates":[-4.42113,36.72245]},"properties":{"anio":2016}},{"type":"Feature","geometry":{"type":"Point","coordinates":[-4.42453,36.71985]},"properties":{"anio":2016}},{"type":"Feature","geometry":{"type":"Point","coordinates":[-4.42052,36.7262]},"properties":{"anio":2016}},{"type":"Feature","geometry":{"type":"Point","coordinates":[-4.41746,36.72055]},"properties":{"anio":2016}},{"type":"Feature","geometry":{"type":"Point","coordinates":[-4.41722,36.72511]},"properties":{"anio":2016}},{"type":"Feature","geometry":{"type":"Point","coordinates":[-4.42356,36.72097]},"properties":{"anio":2016}},{"type":"Feature","geometry":{"type":"Point","coordinates":[-4.41945,36.72234]},"properties":{"anio":2016}},{"type":"Feature","geometry":{"type":"Point","coordinates":[-4.42261,36.72187]},"properties":{"anio":2016}},{"type":"Feature","geometry":{"type":"Point","coordinates":[-4.41088,36.72682]},"properties":{"anio":2016}},{"type":"Feature","geometry":{"type":"Point","coordinates":[-4.42842,36.71475]},"properties":{"anio":2016}},{"type":"Feature","geometry":{"type":"Point","coordinates":[-4.4194,36.7234]},"properties":{"anio":2016}},{"type":"Feature","geometry":{"type":"Point","coordinates":[-4.42337,36.71922]},"properties":{"anio":2016}},{"type":"Feature","geometry":{"type":"Point","coordinates":[-4.4208,36.72203]},"properties":{"anio":2016}},{"type":"Feature","geometry":{"type":"Point","coordinates":[-4.41828,36.72069]},"properties":{"anio":2016}},{"type":"Feature","geometry":{"type":"Point","coordinates":[-4.42323,36.721]},"properties":{"anio":2016}},{"type":"Feature","geometry":{"type":"Point","coordinates":[-4.4156,36.72606]},"properties":{"anio":2016}},{"type":"Feature","geometry":{"type":"Point","coordinates":[-4.40481,36.72095]},"properties":{"anio":2016}},{"type":"Feature","geometry":{"type":"Point","coordinates":[-4.42874,36.71185]},"properties":{"anio":2016}},{"type":"Feature","geometry":{"type":"Point","coordinates":[-4.41103,36.71827]},"properties":{"anio":2016}},{"type":"Feature","geometry":{"type":"Point","coordinates":[-4.40027,36.72184]},"properties":{"anio":2016}},{"type":"Feature","geometry":{"type":"Point","coordinates":[-4.41028,36.72616]},"properties":{"anio":2016}},{"type":"Feature","geometry":{"type":"Point","coordinates":[-4.42253,36.72086]},"properties":{"anio":2016}},{"type":"Feature","geometry":{"type":"Point","coordinates":[-4.42768,36.71494]},"properties":{"anio":2016}},{"type":"Feature","geometry":{"type":"Point","coordinates":[-4.4286,36.71961]},"properties":{"anio":2016}},{"type":"Feature","geometry":{"type":"Point","coordinates":[-4.42224,36.7238]},"properties":{"anio":2016}},{"type":"Feature","geometry":{"type":"Point","coordinates":[-4.41212,36.72122]},"properties":{"anio":2016}},{"type":"Feature","geometry":{"type":"Point","coordinates":[-4.41886,36.72071]},"properties":{"anio":2016}},{"type":"Feature","geometry":{"type":"Point","coordinates":[-4.4237,36.72407]},"properties":{"anio":2016}},{"type":"Feature","geometry":{"type":"Point","coordinates":[-4.42302,36.72664]},"properties":{"anio":2016}},{"type":"Feature","geometry":{"type":"Point","coordinates":[-4.41853,36.7241]},"properties":{"anio":2016}},{"type":"Feature","geometry":{"type":"Point","coordinates":[-4.41178,36.71688]},"properties":{"anio":2016}},{"type":"Feature","geometry":{"type":"Point","coordinates":[-4.42506,36.71966]},"properties":{"anio":2016}},{"type":"Feature","geometry":{"type":"Point","coordinates":[-4.41997,36.72425]},"properties":{"anio":2016}},{"type":"Feature","geometry":{"type":"Point","coordinates":[-4.4267,36.72309]},"properties":{"anio":2016}},{"type":"Feature","geometry":{"type":"Point","coordinates":[-4.4199,36.72334]},"properties":{"anio":2016}},{"type":"Feature","geometry":{"type":"Point","coordinates":[-4.42329,36.72081]},"properties":{"anio":2016}},{"type":"Feature","geometry":{"type":"Point","coordinates":[-4.42465,36.72226]},"properties":{"anio":2016}},{"type":"Feature","geometry":{"type":"Point","coordinates":[-4.42224,36.7238]},"properties":{"anio":2016}},{"type":"Feature","geometry":{"type":"Point","coordinates":[-4.40677,36.72479]},"properties":{"anio":2016}},{"type":"Feature","geometry":{"type":"Point","coordinates":[-4.42312,36.72379]},"properties":{"anio":2016}},{"type":"Feature","geometry":{"type":"Point","coordinates":[-4.41477,36.72549]},"properties":{"anio":2016}},{"type":"Feature","geometry":{"type":"Point","coordinates":[-4.42199,36.72475]},"properties":{"anio":2016}},{"type":"Feature","geometry":{"type":"Point","coordinates":[-4.41828,36.72069]},"properties":{"anio":2016}},{"type":"Feature","geometry":{"type":"Point","coordinates":[-4.41926,36.72445]},"properties":{"anio":2016}},{"type":"Feature","geometry":{"type":"Point","coordinates":[-4.41845,36.72568]},"properties":{"anio":2016}},{"type":"Feature","geometry":{"type":"Point","coordinates":[-4.42251,36.72077]},"properties":{"anio":2016}},{"type":"Feature","geometry":{"type":"Point","coordinates":[-4.42012,36.72101]},"properties":{"anio":2016}},{"type":"Feature","geometry":{"type":"Point","coordinates":[-4.42394,36.72182]},"properties":{"anio":2016}},{"type":"Feature","geometry":{"type":"Point","coordinates":[-4.41954,36.72243]},"properties":{"anio":2016}},{"type":"Feature","geometry":{"type":"Point","coordinates":[-4.42033,36.72751]},"properties":{"anio":2016}},{"type":"Feature","geometry":{"type":"Point","coordinates":[-4.42525,36.72764]},"properties":{"anio":2016}},{"type":"Feature","geometry":{"type":"Point","coordinates":[-4.41169,36.7175]},"properties":{"anio":2016}},{"type":"Feature","geometry":{"type":"Point","coordinates":[-4.42313,36.71999]},"properties":{"anio":2016}},{"type":"Feature","geometry":{"type":"Point","coordinates":[-4.41178,36.71688]},"properties":{"anio":2016}},{"type":"Feature","geometry":{"type":"Point","coordinates":[-4.42313,36.71999]},"properties":{"anio":2016}},{"type":"Feature","geometry":{"type":"Point","coordinates":[-4.42435,36.71572]},"properties":{"anio":2016}},{"type":"Feature","geometry":{"type":"Point","coordinates":[-4.41936,36.72694]},"properties":{"anio":2016}},{"type":"Feature","geometry":{"type":"Point","coordinates":[-4.42325,36.72007]},"properties":{"anio":2016}},{"type":"Feature","geometry":{"type":"Point","coordinates":[-4.41993,36.72453]},"properties":{"anio":2016}},{"type":"Feature","geometry":{"type":"Point","coordinates":[-4.42502,36.71546]},"properties":{"anio":2016}},{"type":"Feature","geometry":{"type":"Point","coordinates":[-4.42285,36.72525]},"properties":{"anio":2016}},{"type":"Feature","geometry":{"type":"Point","coordinates":[-4.42716,36.71992]},"properties":{"anio":2016}},{"type":"Feature","geometry":{"type":"Point","coordinates":[-4.42716,36.71992]},"properties":{"anio":2016}},{"type":"Feature","geometry":{"type":"Point","coordinates":[-4.42702,36.71199]},"properties":{"anio":2016}},{"type":"Feature","geometry":{"type":"Point","coordinates":[-4.41975,36.72318]},"properties":{"anio":2016}},{"type":"Feature","geometry":{"type":"Point","coordinates":[-4.42053,36.72293]},"properties":{"anio":2016}},{"type":"Feature","geometry":{"type":"Point","coordinates":[-4.41636,36.72465]},"properties":{"anio":2016}},{"type":"Feature","geometry":{"type":"Point","coordinates":[-4.42522,36.72338]},"properties":{"anio":2016}},{"type":"Feature","geometry":{"type":"Point","coordinates":[-4.42863,36.72154]},"properties":{"anio":2016}},{"type":"Feature","geometry":{"type":"Point","coordinates":[-4.41103,36.71827]},"properties":{"anio":2016}},{"type":"Feature","geometry":{"type":"Point","coordinates":[-4.42501,36.7209]},"properties":{"anio":2016}},{"type":"Feature","geometry":{"type":"Point","coordinates":[-4.41979,36.72514]},"properties":{"anio":2016}},{"type":"Feature","geometry":{"type":"Point","coordinates":[-4.42273,36.72268]},"properties":{"anio":2016}},{"type":"Feature","geometry":{"type":"Point","coordinates":[-4.40786,36.71959]},"properties":{"anio":2016}},{"type":"Feature","geometry":{"type":"Point","coordinates":[-4.42466,36.72714]},"properties":{"anio":2016}},{"type":"Feature","geometry":{"type":"Point","coordinates":[-4.4168,36.72513]},"properties":{"anio":2016}},{"type":"Feature","geometry":{"type":"Point","coordinates":[-4.42419,36.72293]},"properties":{"anio":2016}},{"type":"Feature","geometry":{"type":"Point","coordinates":[-4.42836,36.71302]},"properties":{"anio":2016}},{"type":"Feature","geometry":{"type":"Point","coordinates":[-4.4197,36.72613]},"properties":{"anio":2016}},{"type":"Feature","geometry":{"type":"Point","coordinates":[-4.41865,36.72337]},"properties":{"anio":2016}},{"type":"Feature","geometry":{"type":"Point","coordinates":[-4.42045,36.72247]},"properties":{"anio":2016}},{"type":"Feature","geometry":{"type":"Point","coordinates":[-4.41711,36.7245]},"properties":{"anio":2016}},{"type":"Feature","geometry":{"type":"Point","coordinates":[-4.41711,36.7245]},"properties":{"anio":2016}},{"type":"Feature","geometry":{"type":"Point","coordinates":[-4.42955,36.72405]},"properties":{"anio":2016}},{"type":"Feature","geometry":{"type":"Point","coordinates":[-4.41982,36.72583]},"properties":{"anio":2016}},{"type":"Feature","geometry":{"type":"Point","coordinates":[-4.42182,36.72199]},"properties":{"anio":2016}},{"type":"Feature","geometry":{"type":"Point","coordinates":[-4.41947,36.7245]},"properties":{"anio":2016}},{"type":"Feature","geometry":{"type":"Point","coordinates":[-4.42066,36.72643]},"properties":{"anio":2016}},{"type":"Feature","geometry":{"type":"Point","coordinates":[-4.42066,36.72643]},"properties":{"anio":2016}},{"type":"Feature","geometry":{"type":"Point","coordinates":[-4.42066,36.72643]},"properties":{"anio":2016}},{"type":"Feature","geometry":{"type":"Point","coordinates":[-4.41895,36.72423]},"properties":{"anio":2016}},{"type":"Feature","geometry":{"type":"Point","coordinates":[-4.42312,36.72379]},"properties":{"anio":2016}},{"type":"Feature","geometry":{"type":"Point","coordinates":[-4.42532,36.71602]},"properties":{"anio":2016}},{"type":"Feature","geometry":{"type":"Point","coordinates":[-4.41995,36.72231]},"properties":{"anio":2016}},{"type":"Feature","geometry":{"type":"Point","coordinates":[-4.41718,36.72441]},"properties":{"anio":2016}},{"type":"Feature","geometry":{"type":"Point","coordinates":[-4.41178,36.71688]},"properties":{"anio":2016}},{"type":"Feature","geometry":{"type":"Point","coordinates":[-4.4236,36.72421]},"properties":{"anio":2016}},{"type":"Feature","geometry":{"type":"Point","coordinates":[-4.42427,36.72493]},"properties":{"anio":2016}},{"type":"Feature","geometry":{"type":"Point","coordinates":[-4.42229,36.72065]},"properties":{"anio":2016}},{"type":"Feature","geometry":{"type":"Point","coordinates":[-4.42366,36.71963]},"properties":{"anio":2016}},{"type":"Feature","geometry":{"type":"Point","coordinates":[-4.41851,36.72337]},"properties":{"anio":2016}},{"type":"Feature","geometry":{"type":"Point","coordinates":[-4.42379,36.71951]},"properties":{"anio":2016}},{"type":"Feature","geometry":{"type":"Point","coordinates":[-4.42279,36.72563]},"properties":{"anio":2016}},{"type":"Feature","geometry":{"type":"Point","coordinates":[-4.40786,36.71959]},"properties":{"anio":2016}},{"type":"Feature","geometry":{"type":"Point","coordinates":[-4.41942,36.71945]},"properties":{"anio":2016}},{"type":"Feature","geometry":{"type":"Point","coordinates":[-4.41985,36.72565]},"properties":{"anio":2016}},{"type":"Feature","geometry":{"type":"Point","coordinates":[-4.41982,36.72583]},"properties":{"anio":2016}},{"type":"Feature","geometry":{"type":"Point","coordinates":[-4.41125,36.71744]},"properties":{"anio":2016}},{"type":"Feature","geometry":{"type":"Point","coordinates":[-4.41103,36.71827]},"properties":{"anio":2016}},{"type":"Feature","geometry":{"type":"Point","coordinates":[-4.41125,36.71744]},"properties":{"anio":2016}},{"type":"Feature","geometry":{"type":"Point","coordinates":[-4.42631,36.72349]},"properties":{"anio":2016}},{"type":"Feature","geometry":{"type":"Point","coordinates":[-4.42812,36.72021]},"properties":{"anio":2016}},{"type":"Feature","geometry":{"type":"Point","coordinates":[-4.42963,36.71906]},"properties":{"anio":2016}},{"type":"Feature","geometry":{"type":"Point","coordinates":[-4.42273,36.72675]},"properties":{"anio":2016}},{"type":"Feature","geometry":{"type":"Point","coordinates":[-4.42456,36.71627]},"properties":{"anio":2016}},{"type":"Feature","geometry":{"type":"Point","coordinates":[-4.41945,36.72234]},"properties":{"anio":2016}},{"type":"Feature","geometry":{"type":"Point","coordinates":[-4.41721,36.72447]},"properties":{"anio":2016}},{"type":"Feature","geometry":{"type":"Point","coordinates":[-4.42699,36.72308]},"properties":{"anio":2016}},{"type":"Feature","geometry":{"type":"Point","coordinates":[-4.40922,36.7291]},"properties":{"anio":2016}},{"type":"Feature","geometry":{"type":"Point","coordinates":[-4.42126,36.72256]},"properties":{"anio":2016}},{"type":"Feature","geometry":{"type":"Point","coordinates":[-4.424,36.72307]},"properties":{"anio":2016}},{"type":"Feature","geometry":{"type":"Point","coordinates":[-4.42065,36.726]},"properties":{"anio":2016}},{"type":"Feature","geometry":{"type":"Point","coordinates":[-4.4197,36.72613]},"properties":{"anio":2016}},{"type":"Feature","geometry":{"type":"Point","coordinates":[-4.42133,36.72829]},"properties":{"anio":2016}},{"type":"Feature","geometry":{"type":"Point","coordinates":[-4.4216,36.72107]},"properties":{"anio":2016}},{"type":"Feature","geometry":{"type":"Point","coordinates":[-4.42229,36.72178]},"properties":{"anio":2016}},{"type":"Feature","geometry":{"type":"Point","coordinates":[-4.41378,36.72935]},"properties":{"anio":2016}},{"type":"Feature","geometry":{"type":"Point","coordinates":[-4.42427,36.72052]},"properties":{"anio":2016}},{"type":"Feature","geometry":{"type":"Point","coordinates":[-4.41432,36.72925]},"properties":{"anio":2016}},{"type":"Feature","geometry":{"type":"Point","coordinates":[-4.4135,36.73152]},"properties":{"anio":2016}},{"type":"Feature","geometry":{"type":"Point","coordinates":[-4.42012,36.72575]},"properties":{"anio":2016}},{"type":"Feature","geometry":{"type":"Point","coordinates":[-4.4244,36.72011]},"properties":{"anio":2016}},{"type":"Feature","geometry":{"type":"Point","coordinates":[-4.42398,36.71493]},"properties":{"anio":2016}},{"type":"Feature","geometry":{"type":"Point","coordinates":[-4.42363,36.71942]},"properties":{"anio":2016}},{"type":"Feature","geometry":{"type":"Point","coordinates":[-4.4244,36.72352]},"properties":{"anio":2016}},{"type":"Feature","geometry":{"type":"Point","coordinates":[-4.41179,36.72938]},"properties":{"anio":2016}},{"type":"Feature","geometry":{"type":"Point","coordinates":[-4.41801,36.724]},"properties":{"anio":2016}},{"type":"Feature","geometry":{"type":"Point","coordinates":[-4.42363,36.71942]},"properties":{"anio":2016}},{"type":"Feature","geometry":{"type":"Point","coordinates":[-4.42289,36.72735]},"properties":{"anio":2016}},{"type":"Feature","geometry":{"type":"Point","coordinates":[-4.42209,36.72591]},"properties":{"anio":2016}},{"type":"Feature","geometry":{"type":"Point","coordinates":[-4.42047,36.72598]},"properties":{"anio":2016}},{"type":"Feature","geometry":{"type":"Point","coordinates":[-4.42229,36.72178]},"properties":{"anio":2016}},{"type":"Feature","geometry":{"type":"Point","coordinates":[-4.42326,36.7266]},"properties":{"anio":2016}},{"type":"Feature","geometry":{"type":"Point","coordinates":[-4.41857,36.72559]},"properties":{"anio":2016}},{"type":"Feature","geometry":{"type":"Point","coordinates":[-4.41857,36.72559]},"properties":{"anio":2016}},{"type":"Feature","geometry":{"type":"Point","coordinates":[-4.42785,36.72423]},"properties":{"anio":2016}},{"type":"Feature","geometry":{"type":"Point","coordinates":[-4.42247,36.72528]},"properties":{"anio":2016}},{"type":"Feature","geometry":{"type":"Point","coordinates":[-4.42005,36.72557]},"properties":{"anio":2016}},{"type":"Feature","geometry":{"type":"Point","coordinates":[-4.42145,36.7216]},"properties":{"anio":2016}},{"type":"Feature","geometry":{"type":"Point","coordinates":[-4.42329,36.72081]},"properties":{"anio":2016}},{"type":"Feature","geometry":{"type":"Point","coordinates":[-4.42269,36.72376]},"properties":{"anio":2016}},{"type":"Feature","geometry":{"type":"Point","coordinates":[-4.42478,36.72355]},"properties":{"anio":2016}},{"type":"Feature","geometry":{"type":"Point","coordinates":[-4.41954,36.72243]},"properties":{"anio":2016}},{"type":"Feature","geometry":{"type":"Point","coordinates":[-4.41254,36.72729]},"properties":{"anio":2016}},{"type":"Feature","geometry":{"type":"Point","coordinates":[-4.42431,36.71915]},"properties":{"anio":2016}},{"type":"Feature","geometry":{"type":"Point","coordinates":[-4.41982,36.72583]},"properties":{"anio":2016}},{"type":"Feature","geometry":{"type":"Point","coordinates":[-4.42427,36.72493]},"properties":{"anio":2016}},{"type":"Feature","geometry":{"type":"Point","coordinates":[-4.4156,36.72606]},"properties":{"anio":2016}},{"type":"Feature","geometry":{"type":"Point","coordinates":[-4.42772,36.714]},"properties":{"anio":2016}},{"type":"Feature","geometry":{"type":"Point","coordinates":[-4.42398,36.71493]},"properties":{"anio":2016}},{"type":"Feature","geometry":{"type":"Point","coordinates":[-4.42405,36.7233]},"properties":{"anio":2016}},{"type":"Feature","geometry":{"type":"Point","coordinates":[-4.42212,36.72375]},"properties":{"anio":2016}},{"type":"Feature","geometry":{"type":"Point","coordinates":[-4.42366,36.71909]},"properties":{"anio":2016}},{"type":"Feature","geometry":{"type":"Point","coordinates":[-4.41898,36.72486]},"properties":{"anio":2016}},{"type":"Feature","geometry":{"type":"Point","coordinates":[-4.42005,36.72557]},"properties":{"anio":2016}},{"type":"Feature","geometry":{"type":"Point","coordinates":[-4.42103,36.72144]},"properties":{"anio":2016}},{"type":"Feature","geometry":{"type":"Point","coordinates":[-4.427,36.72221]},"properties":{"anio":2016}},{"type":"Feature","geometry":{"type":"Point","coordinates":[-4.42207,36.72425]},"properties":{"anio":2016}},{"type":"Feature","geometry":{"type":"Point","coordinates":[-4.42317,36.72593]},"properties":{"anio":2016}},{"type":"Feature","geometry":{"type":"Point","coordinates":[-4.42973,36.7201]},"properties":{"anio":2016}},{"type":"Feature","geometry":{"type":"Point","coordinates":[-4.42236,36.72445]},"properties":{"anio":2016}},{"type":"Feature","geometry":{"type":"Point","coordinates":[-4.42392,36.716]},"properties":{"anio":2016}},{"type":"Feature","geometry":{"type":"Point","coordinates":[-4.42116,36.72422]},"properties":{"anio":2016}},{"type":"Feature","geometry":{"type":"Point","coordinates":[-4.40739,36.72128]},"properties":{"anio":2016}},{"type":"Feature","geometry":{"type":"Point","coordinates":[-4.42489,36.71945]},"properties":{"anio":2016}},{"type":"Feature","geometry":{"type":"Point","coordinates":[-4.4267,36.72309]},"properties":{"anio":2016}},{"type":"Feature","geometry":{"type":"Point","coordinates":[-4.42519,36.71896]},"properties":{"anio":2016}},{"type":"Feature","geometry":{"type":"Point","coordinates":[-4.42476,36.723]},"properties":{"anio":2016}},{"type":"Feature","geometry":{"type":"Point","coordinates":[-4.42723,36.72307]},"properties":{"anio":2016}},{"type":"Feature","geometry":{"type":"Point","coordinates":[-4.42489,36.71945]},"properties":{"anio":2016}},{"type":"Feature","geometry":{"type":"Point","coordinates":[-4.42166,36.72414]},"properties":{"anio":2016}},{"type":"Feature","geometry":{"type":"Point","coordinates":[-4.42107,36.72413]},"properties":{"anio":2016}},{"type":"Feature","geometry":{"type":"Point","coordinates":[-4.41977,36.72479]},"properties":{"anio":2016}},{"type":"Feature","geometry":{"type":"Point","coordinates":[-4.41125,36.71744]},"properties":{"anio":2016}},{"type":"Feature","geometry":{"type":"Point","coordinates":[-4.40896,36.71904]},"properties":{"anio":2016}},{"type":"Feature","geometry":{"type":"Point","coordinates":[-4.41919,36.72475]},"properties":{"anio":2016}},{"type":"Feature","geometry":{"type":"Point","coordinates":[-4.41103,36.71827]},"properties":{"anio":2016}},{"type":"Feature","geometry":{"type":"Point","coordinates":[-4.41919,36.72475]},"properties":{"anio":2016}},{"type":"Feature","geometry":{"type":"Point","coordinates":[-4.42403,36.7227]},"properties":{"anio":2016}},{"type":"Feature","geometry":{"type":"Point","coordinates":[-4.41501,36.73093]},"properties":{"anio":2016}},{"type":"Feature","geometry":{"type":"Point","coordinates":[-4.42236,36.72445]},"properties":{"anio":2016}},{"type":"Feature","geometry":{"type":"Point","coordinates":[-4.41954,36.72243]},"properties":{"anio":2016}},{"type":"Feature","geometry":{"type":"Point","coordinates":[-4.42236,36.72445]},"properties":{"anio":2016}},{"type":"Feature","geometry":{"type":"Point","coordinates":[-4.41722,36.72377]},"properties":{"anio":2016}},{"type":"Feature","geometry":{"type":"Point","coordinates":[-4.42522,36.72338]},"properties":{"anio":2016}},{"type":"Feature","geometry":{"type":"Point","coordinates":[-4.41178,36.71688]},"properties":{"anio":2016}},{"type":"Feature","geometry":{"type":"Point","coordinates":[-4.42458,36.7282]},"properties":{"anio":2016}},{"type":"Feature","geometry":{"type":"Point","coordinates":[-4.42236,36.72247]},"properties":{"anio":2016}},{"type":"Feature","geometry":{"type":"Point","coordinates":[-4.41179,36.72938]},"properties":{"anio":2016}},{"type":"Feature","geometry":{"type":"Point","coordinates":[-4.42053,36.72117]},"properties":{"anio":2016}},{"type":"Feature","geometry":{"type":"Point","coordinates":[-4.41986,36.72961]},"properties":{"anio":2016}},{"type":"Feature","geometry":{"type":"Point","coordinates":[-4.42199,36.72475]},"properties":{"anio":2016}},{"type":"Feature","geometry":{"type":"Point","coordinates":[-4.41126,36.71815]},"properties":{"anio":2016}},{"type":"Feature","geometry":{"type":"Point","coordinates":[-4.42368,36.7199]},"properties":{"anio":2016}},{"type":"Feature","geometry":{"type":"Point","coordinates":[-4.42735,36.71332]},"properties":{"anio":2016}},{"type":"Feature","geometry":{"type":"Point","coordinates":[-4.42337,36.71922]},"properties":{"anio":2016}},{"type":"Feature","geometry":{"type":"Point","coordinates":[-4.42368,36.7199]},"properties":{"anio":2016}},{"type":"Feature","geometry":{"type":"Point","coordinates":[-4.42368,36.7199]},"properties":{"anio":2016}},{"type":"Feature","geometry":{"type":"Point","coordinates":[-4.42368,36.7199]},"properties":{"anio":2016}},{"type":"Feature","geometry":{"type":"Point","coordinates":[-4.42368,36.7199]},"properties":{"anio":2016}},{"type":"Feature","geometry":{"type":"Point","coordinates":[-4.42939,36.72331]},"properties":{"anio":2016}},{"type":"Feature","geometry":{"type":"Point","coordinates":[-4.42421,36.72402]},"properties":{"anio":2016}},{"type":"Feature","geometry":{"type":"Point","coordinates":[-4.42478,36.72355]},"properties":{"anio":2016}},{"type":"Feature","geometry":{"type":"Point","coordinates":[-4.42151,36.72585]},"properties":{"anio":2016}},{"type":"Feature","geometry":{"type":"Point","coordinates":[-4.41781,36.72043]},"properties":{"anio":2016}},{"type":"Feature","geometry":{"type":"Point","coordinates":[-4.42501,36.72075]},"properties":{"anio":2016}},{"type":"Feature","geometry":{"type":"Point","coordinates":[-4.42482,36.72223]},"properties":{"anio":2016}},{"type":"Feature","geometry":{"type":"Point","coordinates":[-4.42065,36.726]},"properties":{"anio":2016}},{"type":"Feature","geometry":{"type":"Point","coordinates":[-4.41249,36.71627]},"properties":{"anio":2016}},{"type":"Feature","geometry":{"type":"Point","coordinates":[-4.42408,36.72507]},"properties":{"anio":2016}},{"type":"Feature","geometry":{"type":"Point","coordinates":[-4.42218,36.72306]},"properties":{"anio":2016}},{"type":"Feature","geometry":{"type":"Point","coordinates":[-4.4267,36.72309]},"properties":{"anio":2016}},{"type":"Feature","geometry":{"type":"Point","coordinates":[-4.41718,36.72441]},"properties":{"anio":2016}},{"type":"Feature","geometry":{"type":"Point","coordinates":[-4.42226,36.71804]},"properties":{"anio":2016}},{"type":"Feature","geometry":{"type":"Point","coordinates":[-4.42363,36.72388]},"properties":{"anio":2017}},{"type":"Feature","geometry":{"type":"Point","coordinates":[-4.42439,36.72059]},"properties":{"anio":2016}},{"type":"Feature","geometry":{"type":"Point","coordinates":[-4.41985,36.72297]},"properties":{"anio":2017}},{"type":"Feature","geometry":{"type":"Point","coordinates":[-4.41108,36.72658]},"properties":{"anio":2016}},{"type":"Feature","geometry":{"type":"Point","coordinates":[-4.41931,36.7234]},"properties":{"anio":2016}},{"type":"Feature","geometry":{"type":"Point","coordinates":[-4.4248,36.71848]},"properties":{"anio":2016}},{"type":"Feature","geometry":{"type":"Point","coordinates":[-4.4071,36.72082]},"properties":{"anio":2016}},{"type":"Feature","geometry":{"type":"Point","coordinates":[-4.42414,36.72323]},"properties":{"anio":2016}},{"type":"Feature","geometry":{"type":"Point","coordinates":[-4.42113,36.72163]},"properties":{"anio":2017}},{"type":"Feature","geometry":{"type":"Point","coordinates":[-4.41989,36.72549]},"properties":{"anio":2017}},{"type":"Feature","geometry":{"type":"Point","coordinates":[-4.42384,36.71472]},"properties":{"anio":2016}},{"type":"Feature","geometry":{"type":"Point","coordinates":[-4.41949,36.72604]},"properties":{"anio":2016}},{"type":"Feature","geometry":{"type":"Point","coordinates":[-4.41963,36.72557]},"properties":{"anio":2016}},{"type":"Feature","geometry":{"type":"Point","coordinates":[-4.41886,36.72071]},"properties":{"anio":2016}},{"type":"Feature","geometry":{"type":"Point","coordinates":[-4.41828,36.72069]},"properties":{"anio":2016}},{"type":"Feature","geometry":{"type":"Point","coordinates":[-4.4117,36.71843]},"properties":{"anio":2016}},{"type":"Feature","geometry":{"type":"Point","coordinates":[-4.42421,36.72402]},"properties":{"anio":2016}},{"type":"Feature","geometry":{"type":"Point","coordinates":[-4.42799,36.72414]},"properties":{"anio":2017}},{"type":"Feature","geometry":{"type":"Point","coordinates":[-4.4211,36.72701]},"properties":{"anio":2017}},{"type":"Feature","geometry":{"type":"Point","coordinates":[-4.42729,36.72218]},"properties":{"anio":2017}},{"type":"Feature","geometry":{"type":"Point","coordinates":[-4.41982,36.72583]},"properties":{"anio":2017}},{"type":"Feature","geometry":{"type":"Point","coordinates":[-4.41067,36.72113]},"properties":{"anio":2017}},{"type":"Feature","geometry":{"type":"Point","coordinates":[-4.42235,36.71907]},"properties":{"anio":2017}},{"type":"Feature","geometry":{"type":"Point","coordinates":[-4.42112,36.72275]},"properties":{"anio":2017}},{"type":"Feature","geometry":{"type":"Point","coordinates":[-4.41633,36.72352]},"properties":{"anio":2017}},{"type":"Feature","geometry":{"type":"Point","coordinates":[-4.41989,36.73129]},"properties":{"anio":2017}},{"type":"Feature","geometry":{"type":"Point","coordinates":[-4.42689,36.72313]},"properties":{"anio":2017}},{"type":"Feature","geometry":{"type":"Point","coordinates":[-4.42115,36.72316]},"properties":{"anio":2017}},{"type":"Feature","geometry":{"type":"Point","coordinates":[-4.42518,36.72259]},"properties":{"anio":2017}},{"type":"Feature","geometry":{"type":"Point","coordinates":[-4.42905,36.71414]},"properties":{"anio":2017}},{"type":"Feature","geometry":{"type":"Point","coordinates":[-4.4055,36.72646]},"properties":{"anio":2017}},{"type":"Feature","geometry":{"type":"Point","coordinates":[-4.41828,36.72069]},"properties":{"anio":2017}},{"type":"Feature","geometry":{"type":"Point","coordinates":[-4.41493,36.73059]},"properties":{"anio":2017}},{"type":"Feature","geometry":{"type":"Point","coordinates":[-4.41576,36.72965]},"properties":{"anio":2017}},{"type":"Feature","geometry":{"type":"Point","coordinates":[-4.42363,36.71942]},"properties":{"anio":2017}},{"type":"Feature","geometry":{"type":"Point","coordinates":[-4.42052,36.7262]},"properties":{"anio":2017}},{"type":"Feature","geometry":{"type":"Point","coordinates":[-4.41432,36.72925]},"properties":{"anio":2017}},{"type":"Feature","geometry":{"type":"Point","coordinates":[-4.4157,36.7245]},"properties":{"anio":2017}},{"type":"Feature","geometry":{"type":"Point","coordinates":[-4.4197,36.72919]},"properties":{"anio":2017}},{"type":"Feature","geometry":{"type":"Point","coordinates":[-4.42652,36.71372]},"properties":{"anio":2017}},{"type":"Feature","geometry":{"type":"Point","coordinates":[-4.40445,36.72149]},"properties":{"anio":2017}},{"type":"Feature","geometry":{"type":"Point","coordinates":[-4.42432,36.72516]},"properties":{"anio":2017}},{"type":"Feature","geometry":{"type":"Point","coordinates":[-4.42642,36.71232]},"properties":{"anio":2017}},{"type":"Feature","geometry":{"type":"Point","coordinates":[-4.42017,36.73085]},"properties":{"anio":2017}},{"type":"Feature","geometry":{"type":"Point","coordinates":[-4.42017,36.73085]},"properties":{"anio":2017}},{"type":"Feature","geometry":{"type":"Point","coordinates":[-4.42415,36.7195]},"properties":{"anio":2016}},{"type":"Feature","geometry":{"type":"Point","coordinates":[-4.42294,36.72414]},"properties":{"anio":2017}},{"type":"Feature","geometry":{"type":"Point","coordinates":[-4.42554,36.72788]},"properties":{"anio":2017}},{"type":"Feature","geometry":{"type":"Point","coordinates":[-4.41989,36.72549]},"properties":{"anio":2017}},{"type":"Feature","geometry":{"type":"Point","coordinates":[-4.42314,36.71457]},"properties":{"anio":2017}},{"type":"Feature","geometry":{"type":"Point","coordinates":[-4.41883,36.72544]},"properties":{"anio":2017}},{"type":"Feature","geometry":{"type":"Point","coordinates":[-4.41982,36.72583]},"properties":{"anio":2017}},{"type":"Feature","geometry":{"type":"Point","coordinates":[-4.42222,36.72057]},"properties":{"anio":2017}},{"type":"Feature","geometry":{"type":"Point","coordinates":[-4.41491,36.72868]},"properties":{"anio":2017}},{"type":"Feature","geometry":{"type":"Point","coordinates":[-4.40814,36.71902]},"properties":{"anio":2017}},{"type":"Feature","geometry":{"type":"Point","coordinates":[-4.40857,36.7191]},"properties":{"anio":2017}},{"type":"Feature","geometry":{"type":"Point","coordinates":[-4.4278,36.72523]},"properties":{"anio":2017}},{"type":"Feature","geometry":{"type":"Point","coordinates":[-4.41636,36.72439]},"properties":{"anio":2017}},{"type":"Feature","geometry":{"type":"Point","coordinates":[-4.41636,36.72439]},"properties":{"anio":2017}},{"type":"Feature","geometry":{"type":"Point","coordinates":[-4.41636,36.72439]},"properties":{"anio":2017}},{"type":"Feature","geometry":{"type":"Point","coordinates":[-4.42311,36.72252]},"properties":{"anio":2017}},{"type":"Feature","geometry":{"type":"Point","coordinates":[-4.41636,36.72439]},"properties":{"anio":2017}},{"type":"Feature","geometry":{"type":"Point","coordinates":[-4.41636,36.72439]},"properties":{"anio":2017}},{"type":"Feature","geometry":{"type":"Point","coordinates":[-4.41636,36.72439]},"properties":{"anio":2017}},{"type":"Feature","geometry":{"type":"Point","coordinates":[-4.41965,36.72635]},"properties":{"anio":2017}},{"type":"Feature","geometry":{"type":"Point","coordinates":[-4.42418,36.72489]},"properties":{"anio":2017}},{"type":"Feature","geometry":{"type":"Point","coordinates":[-4.4223,36.71894]},"properties":{"anio":2017}},{"type":"Feature","geometry":{"type":"Point","coordinates":[-4.42048,36.723]},"properties":{"anio":2017}},{"type":"Feature","geometry":{"type":"Point","coordinates":[-4.41982,36.72583]},"properties":{"anio":2017}},{"type":"Feature","geometry":{"type":"Point","coordinates":[-4.41135,36.71702]},"properties":{"anio":2017}},{"type":"Feature","geometry":{"type":"Point","coordinates":[-4.42474,36.72179]},"properties":{"anio":2017}},{"type":"Feature","geometry":{"type":"Point","coordinates":[-4.41868,36.72652]},"properties":{"anio":2017}},{"type":"Feature","geometry":{"type":"Point","coordinates":[-4.41405,36.73119]},"properties":{"anio":2017}},{"type":"Feature","geometry":{"type":"Point","coordinates":[-4.42424,36.72401]},"properties":{"anio":2017}},{"type":"Feature","geometry":{"type":"Point","coordinates":[-4.4165,36.7246]},"properties":{"anio":2017}},{"type":"Feature","geometry":{"type":"Point","coordinates":[-4.42523,36.71507]},"properties":{"anio":2017}},{"type":"Feature","geometry":{"type":"Point","coordinates":[-4.41105,36.71801]},"properties":{"anio":2017}},{"type":"Feature","geometry":{"type":"Point","coordinates":[-4.42501,36.7209]},"properties":{"anio":2017}},{"type":"Feature","geometry":{"type":"Point","coordinates":[-4.42467,36.71803]},"properties":{"anio":2017}},{"type":"Feature","geometry":{"type":"Point","coordinates":[-4.42499,36.71906]},"properties":{"anio":2017}},{"type":"Feature","geometry":{"type":"Point","coordinates":[-4.42032,36.72529]},"properties":{"anio":2017}},{"type":"Feature","geometry":{"type":"Point","coordinates":[-4.41915,36.71937]},"properties":{"anio":2017}},{"type":"Feature","geometry":{"type":"Point","coordinates":[-4.41358,36.72721]},"properties":{"anio":2017}},{"type":"Feature","geometry":{"type":"Point","coordinates":[-4.42699,36.72308]},"properties":{"anio":2017}},{"type":"Feature","geometry":{"type":"Point","coordinates":[-4.4283,36.72554]},"properties":{"anio":2017}},{"type":"Feature","geometry":{"type":"Point","coordinates":[-4.41103,36.71827]},"properties":{"anio":2017}},{"type":"Feature","geometry":{"type":"Point","coordinates":[-4.42264,36.72124]},"properties":{"anio":2017}},{"type":"Feature","geometry":{"type":"Point","coordinates":[-4.42753,36.72437]},"properties":{"anio":2017}},{"type":"Feature","geometry":{"type":"Point","coordinates":[-4.41898,36.72175]},"properties":{"anio":2017}},{"type":"Feature","geometry":{"type":"Point","coordinates":[-4.41451,36.72828]},"properties":{"anio":2017}},{"type":"Feature","geometry":{"type":"Point","coordinates":[-4.41847,36.72437]},"properties":{"anio":2017}},{"type":"Feature","geometry":{"type":"Point","coordinates":[-4.42452,36.71382]},"properties":{"anio":2017}},{"type":"Feature","geometry":{"type":"Point","coordinates":[-4.42825,36.72543]},"properties":{"anio":2017}},{"type":"Feature","geometry":{"type":"Point","coordinates":[-4.41947,36.7245]},"properties":{"anio":2017}},{"type":"Feature","geometry":{"type":"Point","coordinates":[-4.40642,36.72183]},"properties":{"anio":2017}},{"type":"Feature","geometry":{"type":"Point","coordinates":[-4.42398,36.72144]},"properties":{"anio":2017}},{"type":"Feature","geometry":{"type":"Point","coordinates":[-4.42012,36.72101]},"properties":{"anio":2017}},{"type":"Feature","geometry":{"type":"Point","coordinates":[-4.42012,36.72101]},"properties":{"anio":2017}},{"type":"Feature","geometry":{"type":"Point","coordinates":[-4.42556,36.72755]},"properties":{"anio":2017}},{"type":"Feature","geometry":{"type":"Point","coordinates":[-4.42128,36.72224]},"properties":{"anio":2017}},{"type":"Feature","geometry":{"type":"Point","coordinates":[-4.42144,36.71908]},"properties":{"anio":2016}},{"type":"Feature","geometry":{"type":"Point","coordinates":[-4.41553,36.73082]},"properties":{"anio":2016}},{"type":"Feature","geometry":{"type":"Point","coordinates":[-4.42128,36.72224]},"properties":{"anio":2017}},{"type":"Feature","geometry":{"type":"Point","coordinates":[-4.42104,36.72126]},"properties":{"anio":2017}},{"type":"Feature","geometry":{"type":"Point","coordinates":[-4.42101,36.72117]},"properties":{"anio":2017}},{"type":"Feature","geometry":{"type":"Point","coordinates":[-4.42104,36.72126]},"properties":{"anio":2017}},{"type":"Feature","geometry":{"type":"Point","coordinates":[-4.42101,36.72117]},"properties":{"anio":2017}},{"type":"Feature","geometry":{"type":"Point","coordinates":[-4.42819,36.7121]},"properties":{"anio":2017}},{"type":"Feature","geometry":{"type":"Point","coordinates":[-4.42047,36.71955]},"properties":{"anio":2017}},{"type":"Feature","geometry":{"type":"Point","coordinates":[-4.41954,36.72243]},"properties":{"anio":2017}},{"type":"Feature","geometry":{"type":"Point","coordinates":[-4.42207,36.72425]},"properties":{"anio":2017}},{"type":"Feature","geometry":{"type":"Point","coordinates":[-4.41254,36.71619]},"properties":{"anio":2017}},{"type":"Feature","geometry":{"type":"Point","coordinates":[-4.42326,36.72386]},"properties":{"anio":2017}},{"type":"Feature","geometry":{"type":"Point","coordinates":[-4.42281,36.72087]},"properties":{"anio":2017}},{"type":"Feature","geometry":{"type":"Point","coordinates":[-4.42874,36.71185]},"properties":{"anio":2017}},{"type":"Feature","geometry":{"type":"Point","coordinates":[-4.42018,36.72888]},"properties":{"anio":2017}},{"type":"Feature","geometry":{"type":"Point","coordinates":[-4.42005,36.72557]},"properties":{"anio":2017}},{"type":"Feature","geometry":{"type":"Point","coordinates":[-4.41801,36.724]},"properties":{"anio":2017}},{"type":"Feature","geometry":{"type":"Point","coordinates":[-4.41801,36.724]},"properties":{"anio":2017}},{"type":"Feature","geometry":{"type":"Point","coordinates":[-4.41731,36.73251]},"properties":{"anio":2017}},{"type":"Feature","geometry":{"type":"Point","coordinates":[-4.42494,36.7145]},"properties":{"anio":2017}},{"type":"Feature","geometry":{"type":"Point","coordinates":[-4.42357,36.72113]},"properties":{"anio":2017}},{"type":"Feature","geometry":{"type":"Point","coordinates":[-4.41671,36.73237]},"properties":{"anio":2017}},{"type":"Feature","geometry":{"type":"Point","coordinates":[-4.42386,36.72039]},"properties":{"anio":2017}},{"type":"Feature","geometry":{"type":"Point","coordinates":[-4.42926,36.72095]},"properties":{"anio":2017}},{"type":"Feature","geometry":{"type":"Point","coordinates":[-4.41982,36.72583]},"properties":{"anio":2017}},{"type":"Feature","geometry":{"type":"Point","coordinates":[-4.4205,36.72573]},"properties":{"anio":2017}},{"type":"Feature","geometry":{"type":"Point","coordinates":[-4.41613,36.72522]},"properties":{"anio":2017}},{"type":"Feature","geometry":{"type":"Point","coordinates":[-4.41982,36.72583]},"properties":{"anio":2017}},{"type":"Feature","geometry":{"type":"Point","coordinates":[-4.41883,36.72544]},"properties":{"anio":2017}},{"type":"Feature","geometry":{"type":"Point","coordinates":[-4.42151,36.71613]},"properties":{"anio":2017}},{"type":"Feature","geometry":{"type":"Point","coordinates":[-4.42644,36.72314]},"properties":{"anio":2017}},{"type":"Feature","geometry":{"type":"Point","coordinates":[-4.42289,36.72735]},"properties":{"anio":2017}},{"type":"Feature","geometry":{"type":"Point","coordinates":[-4.41931,36.7234]},"properties":{"anio":2017}},{"type":"Feature","geometry":{"type":"Point","coordinates":[-4.40604,36.72087]},"properties":{"anio":2017}},{"type":"Feature","geometry":{"type":"Point","coordinates":[-4.41513,36.72532]},"properties":{"anio":2017}},{"type":"Feature","geometry":{"type":"Point","coordinates":[-4.42047,36.72598]},"properties":{"anio":2017}},{"type":"Feature","geometry":{"type":"Point","coordinates":[-4.41035,36.71796]},"properties":{"anio":2017}},{"type":"Feature","geometry":{"type":"Point","coordinates":[-4.41743,36.72468]},"properties":{"anio":2017}},{"type":"Feature","geometry":{"type":"Point","coordinates":[-4.42432,36.72516]},"properties":{"anio":2017}},{"type":"Feature","geometry":{"type":"Point","coordinates":[-4.41343,36.72971]},"properties":{"anio":2017}},{"type":"Feature","geometry":{"type":"Point","coordinates":[-4.4206,36.72438]},"properties":{"anio":2017}},{"type":"Feature","geometry":{"type":"Point","coordinates":[-4.42229,36.72065]},"properties":{"anio":2017}},{"type":"Feature","geometry":{"type":"Point","coordinates":[-4.41743,36.72468]},"properties":{"anio":2017}},{"type":"Feature","geometry":{"type":"Point","coordinates":[-4.41178,36.72716]},"properties":{"anio":2017}},{"type":"Feature","geometry":{"type":"Point","coordinates":[-4.42131,36.72423]},"properties":{"anio":2017}},{"type":"Feature","geometry":{"type":"Point","coordinates":[-4.42386,36.71556]},"properties":{"anio":2017}},{"type":"Feature","geometry":{"type":"Point","coordinates":[-4.43012,36.72662]},"properties":{"anio":2017}},{"type":"Feature","geometry":{"type":"Point","coordinates":[-4.41954,36.72243]},"properties":{"anio":2017}},{"type":"Feature","geometry":{"type":"Point","coordinates":[-4.4242,36.72181]},"properties":{"anio":2017}},{"type":"Feature","geometry":{"type":"Point","coordinates":[-4.42401,36.72138]},"properties":{"anio":2017}},{"type":"Feature","geometry":{"type":"Point","coordinates":[-4.42337,36.71922]},"properties":{"anio":2017}},{"type":"Feature","geometry":{"type":"Point","coordinates":[-4.42802,36.71255]},"properties":{"anio":2017}},{"type":"Feature","geometry":{"type":"Point","coordinates":[-4.41482,36.72619]},"properties":{"anio":2017}},{"type":"Feature","geometry":{"type":"Point","coordinates":[-4.42154,36.72442]},"properties":{"anio":2017}},{"type":"Feature","geometry":{"type":"Point","coordinates":[-4.41603,36.72487]},"properties":{"anio":2017}},{"type":"Feature","geometry":{"type":"Point","coordinates":[-4.42222,36.72057]},"properties":{"anio":2017}},{"type":"Feature","geometry":{"type":"Point","coordinates":[-4.42054,36.72102]},"properties":{"anio":2017}},{"type":"Feature","geometry":{"type":"Point","coordinates":[-4.42086,36.72173]},"properties":{"anio":2017}},{"type":"Feature","geometry":{"type":"Point","coordinates":[-4.42086,36.72173]},"properties":{"anio":2017}},{"type":"Feature","geometry":{"type":"Point","coordinates":[-4.42198,36.72529]},"properties":{"anio":2017}},{"type":"Feature","geometry":{"type":"Point","coordinates":[-4.41982,36.72583]},"properties":{"anio":2017}},{"type":"Feature","geometry":{"type":"Point","coordinates":[-4.40664,36.7207]},"properties":{"anio":2017}},{"type":"Feature","geometry":{"type":"Point","coordinates":[-4.42066,36.71962]},"properties":{"anio":2017}},{"type":"Feature","geometry":{"type":"Point","coordinates":[-4.42254,36.72272]},"properties":{"anio":2017}},{"type":"Feature","geometry":{"type":"Point","coordinates":[-4.42682,36.71216]},"properties":{"anio":2017}},{"type":"Feature","geometry":{"type":"Point","coordinates":[-4.41311,36.73765]},"properties":{"anio":2017}},{"type":"Feature","geometry":{"type":"Point","coordinates":[-4.41168,36.71903]},"properties":{"anio":2017}},{"type":"Feature","geometry":{"type":"Point","coordinates":[-4.42183,36.72459]},"properties":{"anio":2017}},{"type":"Feature","geometry":{"type":"Point","coordinates":[-4.40973,36.72104]},"properties":{"anio":2017}},{"type":"Feature","geometry":{"type":"Point","coordinates":[-4.42748,36.71155]},"properties":{"anio":2017}},{"type":"Feature","geometry":{"type":"Point","coordinates":[-4.42453,36.71985]},"properties":{"anio":2017}},{"type":"Feature","geometry":{"type":"Point","coordinates":[-4.4177,36.72025]},"properties":{"anio":2017}},{"type":"Feature","geometry":{"type":"Point","coordinates":[-4.43153,36.72407]},"properties":{"anio":2017}},{"type":"Feature","geometry":{"type":"Point","coordinates":[-4.4103,36.72635]},"properties":{"anio":2017}},{"type":"Feature","geometry":{"type":"Point","coordinates":[-4.42105,36.73073]},"properties":{"anio":2017}},{"type":"Feature","geometry":{"type":"Point","coordinates":[-4.42278,36.71941]},"properties":{"anio":2017}},{"type":"Feature","geometry":{"type":"Point","coordinates":[-4.41721,36.72447]},"properties":{"anio":2017}},{"type":"Feature","geometry":{"type":"Point","coordinates":[-4.40062,36.72252]},"properties":{"anio":2017}},{"type":"Feature","geometry":{"type":"Point","coordinates":[-4.41598,36.73444]},"properties":{"anio":2017}},{"type":"Feature","geometry":{"type":"Point","coordinates":[-4.42005,36.72557]},"properties":{"anio":2017}},{"type":"Feature","geometry":{"type":"Point","coordinates":[-4.41883,36.72544]},"properties":{"anio":2017}},{"type":"Feature","geometry":{"type":"Point","coordinates":[-4.42755,36.71098]},"properties":{"anio":2017}},{"type":"Feature","geometry":{"type":"Point","coordinates":[-4.42136,36.72634]},"properties":{"anio":2017}},{"type":"Feature","geometry":{"type":"Point","coordinates":[-4.42001,36.72116]},"properties":{"anio":2017}},{"type":"Feature","geometry":{"type":"Point","coordinates":[-4.42956,36.72644]},"properties":{"anio":2017}},{"type":"Feature","geometry":{"type":"Point","coordinates":[-4.42749,36.72174]},"properties":{"anio":2017}},{"type":"Feature","geometry":{"type":"Point","coordinates":[-4.41838,36.72043]},"properties":{"anio":2017}},{"type":"Feature","geometry":{"type":"Point","coordinates":[-4.41884,36.72097]},"properties":{"anio":2017}},{"type":"Feature","geometry":{"type":"Point","coordinates":[-4.42368,36.7199]},"properties":{"anio":2017}},{"type":"Feature","geometry":{"type":"Point","coordinates":[-4.41674,36.72198]},"properties":{"anio":2017}},{"type":"Feature","geometry":{"type":"Point","coordinates":[-4.4035,36.7235]},"properties":{"anio":2017}},{"type":"Feature","geometry":{"type":"Point","coordinates":[-4.42499,36.71906]},"properties":{"anio":2017}},{"type":"Feature","geometry":{"type":"Point","coordinates":[-4.4193,36.72674]},"properties":{"anio":2017}},{"type":"Feature","geometry":{"type":"Point","coordinates":[-4.4248,36.71848]},"properties":{"anio":2017}},{"type":"Feature","geometry":{"type":"Point","coordinates":[-4.41103,36.71827]},"properties":{"anio":2017}},{"type":"Feature","geometry":{"type":"Point","coordinates":[-4.4181,36.71995]},"properties":{"anio":2017}},{"type":"Feature","geometry":{"type":"Point","coordinates":[-4.41125,36.71744]},"properties":{"anio":2017}},{"type":"Feature","geometry":{"type":"Point","coordinates":[-4.42163,36.72837]},"properties":{"anio":2017}},{"type":"Feature","geometry":{"type":"Point","coordinates":[-4.4292,36.72132]},"properties":{"anio":2017}},{"type":"Feature","geometry":{"type":"Point","coordinates":[-4.42374,36.71974]},"properties":{"anio":2017}},{"type":"Feature","geometry":{"type":"Point","coordinates":[-4.42052,36.7262]},"properties":{"anio":2017}},{"type":"Feature","geometry":{"type":"Point","coordinates":[-4.42219,36.72503]},"properties":{"anio":2017}},{"type":"Feature","geometry":{"type":"Point","coordinates":[-4.42219,36.72503]},"properties":{"anio":2017}},{"type":"Feature","geometry":{"type":"Point","coordinates":[-4.41982,36.72583]},"properties":{"anio":2017}},{"type":"Feature","geometry":{"type":"Point","coordinates":[-4.41918,36.72559]},"properties":{"anio":2017}},{"type":"Feature","geometry":{"type":"Point","coordinates":[-4.42899,36.7251]},"properties":{"anio":2017}},{"type":"Feature","geometry":{"type":"Point","coordinates":[-4.4267,36.72309]},"properties":{"anio":2017}},{"type":"Feature","geometry":{"type":"Point","coordinates":[-4.42153,36.72688]},"properties":{"anio":2017}},{"type":"Feature","geometry":{"type":"Point","coordinates":[-4.42431,36.72388]},"properties":{"anio":2017}},{"type":"Feature","geometry":{"type":"Point","coordinates":[-4.41444,36.72593]},"properties":{"anio":2017}},{"type":"Feature","geometry":{"type":"Point","coordinates":[-4.42385,36.72555]},"properties":{"anio":2017}},{"type":"Feature","geometry":{"type":"Point","coordinates":[-4.41889,36.72536]},"properties":{"anio":2017}},{"type":"Feature","geometry":{"type":"Point","coordinates":[-4.42403,36.7227]},"properties":{"anio":2017}},{"type":"Feature","geometry":{"type":"Point","coordinates":[-4.41982,36.72583]},"properties":{"anio":2017}},{"type":"Feature","geometry":{"type":"Point","coordinates":[-4.41818,36.7243]},"properties":{"anio":2017}},{"type":"Feature","geometry":{"type":"Point","coordinates":[-4.42337,36.71922]},"properties":{"anio":2017}},{"type":"Feature","geometry":{"type":"Point","coordinates":[-4.41882,36.73077]},"properties":{"anio":2017}},{"type":"Feature","geometry":{"type":"Point","coordinates":[-4.42041,36.72412]},"properties":{"anio":2017}},{"type":"Feature","geometry":{"type":"Point","coordinates":[-4.42066,36.72643]},"properties":{"anio":2017}},{"type":"Feature","geometry":{"type":"Point","coordinates":[-4.42824,36.72004]},"properties":{"anio":2017}},{"type":"Feature","geometry":{"type":"Point","coordinates":[-4.42824,36.72004]},"properties":{"anio":2017}},{"type":"Feature","geometry":{"type":"Point","coordinates":[-4.42824,36.72004]},"properties":{"anio":2017}},{"type":"Feature","geometry":{"type":"Point","coordinates":[-4.41628,36.72959]},"properties":{"anio":2017}},{"type":"Feature","geometry":{"type":"Point","coordinates":[-4.42222,36.72044]},"properties":{"anio":2017}},{"type":"Feature","geometry":{"type":"Point","coordinates":[-4.42403,36.7227]},"properties":{"anio":2017}},{"type":"Feature","geometry":{"type":"Point","coordinates":[-4.42403,36.7227]},"properties":{"anio":2017}},{"type":"Feature","geometry":{"type":"Point","coordinates":[-4.42403,36.7227]},"properties":{"anio":2017}},{"type":"Feature","geometry":{"type":"Point","coordinates":[-4.42247,36.72528]},"properties":{"anio":2017}},{"type":"Feature","geometry":{"type":"Point","coordinates":[-4.41135,36.71702]},"properties":{"anio":2017}},{"type":"Feature","geometry":{"type":"Point","coordinates":[-4.42785,36.72423]},"properties":{"anio":2017}},{"type":"Feature","geometry":{"type":"Point","coordinates":[-4.41441,36.7314]},"properties":{"anio":2017}},{"type":"Feature","geometry":{"type":"Point","coordinates":[-4.41443,36.73415]},"properties":{"anio":2017}},{"type":"Feature","geometry":{"type":"Point","coordinates":[-4.42874,36.71185]},"properties":{"anio":2017}},{"type":"Feature","geometry":{"type":"Point","coordinates":[-4.42956,36.71424]},"properties":{"anio":2017}},{"type":"Feature","geometry":{"type":"Point","coordinates":[-4.41432,36.72925]},"properties":{"anio":2017}},{"type":"Feature","geometry":{"type":"Point","coordinates":[-4.41851,36.72337]},"properties":{"anio":2017}},{"type":"Feature","geometry":{"type":"Point","coordinates":[-4.41105,36.71801]},"properties":{"anio":2017}},{"type":"Feature","geometry":{"type":"Point","coordinates":[-4.42644,36.72314]},"properties":{"anio":2017}},{"type":"Feature","geometry":{"type":"Point","coordinates":[-4.42644,36.72314]},"properties":{"anio":2017}},{"type":"Feature","geometry":{"type":"Point","coordinates":[-4.42453,36.71985]},"properties":{"anio":2017}},{"type":"Feature","geometry":{"type":"Point","coordinates":[-4.42474,36.72287]},"properties":{"anio":2017}},{"type":"Feature","geometry":{"type":"Point","coordinates":[-4.42427,36.72052]},"properties":{"anio":2017}},{"type":"Feature","geometry":{"type":"Point","coordinates":[-4.42221,36.71878]},"properties":{"anio":2017}},{"type":"Feature","geometry":{"type":"Point","coordinates":[-4.41947,36.7245]},"properties":{"anio":2017}},{"type":"Feature","geometry":{"type":"Point","coordinates":[-4.42383,36.72134]},"properties":{"anio":2017}},{"type":"Feature","geometry":{"type":"Point","coordinates":[-4.42383,36.72134]},"properties":{"anio":2017}},{"type":"Feature","geometry":{"type":"Point","coordinates":[-4.41669,36.72431]},"properties":{"anio":2017}},{"type":"Feature","geometry":{"type":"Point","coordinates":[-4.42888,36.72184]},"properties":{"anio":2017}},{"type":"Feature","geometry":{"type":"Point","coordinates":[-4.42772,36.714]},"properties":{"anio":2017}},{"type":"Feature","geometry":{"type":"Point","coordinates":[-4.42503,36.72187]},"properties":{"anio":2017}},{"type":"Feature","geometry":{"type":"Point","coordinates":[-4.41636,36.72439]},"properties":{"anio":2017}},{"type":"Feature","geometry":{"type":"Point","coordinates":[-4.41573,36.72384]},"properties":{"anio":2017}},{"type":"Feature","geometry":{"type":"Point","coordinates":[-4.42293,36.72385]},"properties":{"anio":2017}},{"type":"Feature","geometry":{"type":"Point","coordinates":[-4.41864,36.72418]},"properties":{"anio":2017}},{"type":"Feature","geometry":{"type":"Point","coordinates":[-4.41214,36.72717]},"properties":{"anio":2017}},{"type":"Feature","geometry":{"type":"Point","coordinates":[-4.41982,36.72583]},"properties":{"anio":2017}},{"type":"Feature","geometry":{"type":"Point","coordinates":[-4.41499,36.72886]},"properties":{"anio":2017}},{"type":"Feature","geometry":{"type":"Point","coordinates":[-4.40622,36.7211]},"properties":{"anio":2017}},{"type":"Feature","geometry":{"type":"Point","coordinates":[-4.425,36.72068]},"properties":{"anio":2017}},{"type":"Feature","geometry":{"type":"Point","coordinates":[-4.41883,36.72544]},"properties":{"anio":2017}},{"type":"Feature","geometry":{"type":"Point","coordinates":[-4.42229,36.71629]},"properties":{"anio":2017}},{"type":"Feature","geometry":{"type":"Point","coordinates":[-4.42082,36.72201]},"properties":{"anio":2017}},{"type":"Feature","geometry":{"type":"Point","coordinates":[-4.4198,36.72915]},"properties":{"anio":2017}},{"type":"Feature","geometry":{"type":"Point","coordinates":[-4.41942,36.71945]},"properties":{"anio":2017}},{"type":"Feature","geometry":{"type":"Point","coordinates":[-4.42381,36.72523]},"properties":{"anio":2017}},{"type":"Feature","geometry":{"type":"Point","coordinates":[-4.41982,36.72583]},"properties":{"anio":2017}},{"type":"Feature","geometry":{"type":"Point","coordinates":[-4.41982,36.72583]},"properties":{"anio":2017}},{"type":"Feature","geometry":{"type":"Point","coordinates":[-4.42874,36.71185]},"properties":{"anio":2017}},{"type":"Feature","geometry":{"type":"Point","coordinates":[-4.42112,36.73366]},"properties":{"anio":2017}},{"type":"Feature","geometry":{"type":"Point","coordinates":[-4.42153,36.72688]},"properties":{"anio":2017}},{"type":"Feature","geometry":{"type":"Point","coordinates":[-4.41862,36.72069]},"properties":{"anio":2017}},{"type":"Feature","geometry":{"type":"Point","coordinates":[-4.41862,36.72069]},"properties":{"anio":2017}},{"type":"Feature","geometry":{"type":"Point","coordinates":[-4.42414,36.72294]},"properties":{"anio":2017}},{"type":"Feature","geometry":{"type":"Point","coordinates":[-4.42334,36.72008]},"properties":{"anio":2017}},{"type":"Feature","geometry":{"type":"Point","coordinates":[-4.41734,36.73279]},"properties":{"anio":2017}},{"type":"Feature","geometry":{"type":"Point","coordinates":[-4.42176,36.72439]},"properties":{"anio":2017}},{"type":"Feature","geometry":{"type":"Point","coordinates":[-4.42355,36.71977]},"properties":{"anio":2017}},{"type":"Feature","geometry":{"type":"Point","coordinates":[-4.42254,36.72272]},"properties":{"anio":2017}},{"type":"Feature","geometry":{"type":"Point","coordinates":[-4.41933,36.72557]},"properties":{"anio":2017}},{"type":"Feature","geometry":{"type":"Point","coordinates":[-4.42685,36.72537]},"properties":{"anio":2017}},{"type":"Feature","geometry":{"type":"Point","coordinates":[-4.4117,36.71843]},"properties":{"anio":2017}},{"type":"Feature","geometry":{"type":"Point","coordinates":[-4.42838,36.72152]},"properties":{"anio":2017}},{"type":"Feature","geometry":{"type":"Point","coordinates":[-4.41035,36.71796]},"properties":{"anio":2017}},{"type":"Feature","geometry":{"type":"Point","coordinates":[-4.41982,36.72583]},"properties":{"anio":2017}},{"type":"Feature","geometry":{"type":"Point","coordinates":[-4.42254,36.72192]},"properties":{"anio":2017}},{"type":"Feature","geometry":{"type":"Point","coordinates":[-4.42121,36.7197]},"properties":{"anio":2017}},{"type":"Feature","geometry":{"type":"Point","coordinates":[-4.42115,36.7221]},"properties":{"anio":2017}},{"type":"Feature","geometry":{"type":"Point","coordinates":[-4.41417,36.72566]},"properties":{"anio":2017}},{"type":"Feature","geometry":{"type":"Point","coordinates":[-4.42323,36.721]},"properties":{"anio":2017}},{"type":"Feature","geometry":{"type":"Point","coordinates":[-4.42466,36.72714]},"properties":{"anio":2017}},{"type":"Feature","geometry":{"type":"Point","coordinates":[-4.409,36.72811]},"properties":{"anio":2017}},{"type":"Feature","geometry":{"type":"Point","coordinates":[-4.41974,36.7263]},"properties":{"anio":2017}},{"type":"Feature","geometry":{"type":"Point","coordinates":[-4.42519,36.71896]},"properties":{"anio":2017}},{"type":"Feature","geometry":{"type":"Point","coordinates":[-4.41417,36.72566]},"properties":{"anio":2017}},{"type":"Feature","geometry":{"type":"Point","coordinates":[-4.4227,36.72357]},"properties":{"anio":2017}},{"type":"Feature","geometry":{"type":"Point","coordinates":[-4.4227,36.72357]},"properties":{"anio":2017}},{"type":"Feature","geometry":{"type":"Point","coordinates":[-4.4197,36.72613]},"properties":{"anio":2017}},{"type":"Feature","geometry":{"type":"Point","coordinates":[-4.41974,36.72465]},"properties":{"anio":2017}},{"type":"Feature","geometry":{"type":"Point","coordinates":[-4.42805,36.71444]},"properties":{"anio":2017}},{"type":"Feature","geometry":{"type":"Point","coordinates":[-4.42353,36.72357]},"properties":{"anio":2017}},{"type":"Feature","geometry":{"type":"Point","coordinates":[-4.42802,36.71255]},"properties":{"anio":2017}},{"type":"Feature","geometry":{"type":"Point","coordinates":[-4.42005,36.72557]},"properties":{"anio":2017}},{"type":"Feature","geometry":{"type":"Point","coordinates":[-4.42005,36.72557]},"properties":{"anio":2017}},{"type":"Feature","geometry":{"type":"Point","coordinates":[-4.42005,36.72229]},"properties":{"anio":2017}},{"type":"Feature","geometry":{"type":"Point","coordinates":[-4.42529,36.72312]},"properties":{"anio":2017}},{"type":"Feature","geometry":{"type":"Point","coordinates":[-4.42309,36.72361]},"properties":{"anio":2017}},{"type":"Feature","geometry":{"type":"Point","coordinates":[-4.41024,36.72935]},"properties":{"anio":2017}},{"type":"Feature","geometry":{"type":"Point","coordinates":[-4.43062,36.7141]},"properties":{"anio":2017}},{"type":"Feature","geometry":{"type":"Point","coordinates":[-4.42106,36.72285]},"properties":{"anio":2017}},{"type":"Feature","geometry":{"type":"Point","coordinates":[-4.42106,36.72285]},"properties":{"anio":2017}},{"type":"Feature","geometry":{"type":"Point","coordinates":[-4.41067,36.72113]},"properties":{"anio":2017}},{"type":"Feature","geometry":{"type":"Point","coordinates":[-4.41937,36.72365]},"properties":{"anio":2017}},{"type":"Feature","geometry":{"type":"Point","coordinates":[-4.42699,36.72245]},"properties":{"anio":2017}},{"type":"Feature","geometry":{"type":"Point","coordinates":[-4.42941,36.72548]},"properties":{"anio":2017}},{"type":"Feature","geometry":{"type":"Point","coordinates":[-4.42066,36.72492]},"properties":{"anio":2017}},{"type":"Feature","geometry":{"type":"Point","coordinates":[-4.42414,36.71453]},"properties":{"anio":2017}},{"type":"Feature","geometry":{"type":"Point","coordinates":[-4.42111,36.72109]},"properties":{"anio":2017}},{"type":"Feature","geometry":{"type":"Point","coordinates":[-4.41149,36.72142]},"properties":{"anio":2017}},{"type":"Feature","geometry":{"type":"Point","coordinates":[-4.43004,36.72339]},"properties":{"anio":2017}},{"type":"Feature","geometry":{"type":"Point","coordinates":[-4.41887,36.72181]},"properties":{"anio":2017}},{"type":"Feature","geometry":{"type":"Point","coordinates":[-4.41108,36.72658]},"properties":{"anio":2017}},{"type":"Feature","geometry":{"type":"Point","coordinates":[-4.42874,36.71185]},"properties":{"anio":2017}},{"type":"Feature","geometry":{"type":"Point","coordinates":[-4.42159,36.722]},"properties":{"anio":2017}},{"type":"Feature","geometry":{"type":"Point","coordinates":[-4.42252,36.71523]},"properties":{"anio":2017}},{"type":"Feature","geometry":{"type":"Point","coordinates":[-4.42463,36.72113]},"properties":{"anio":2017}},{"type":"Feature","geometry":{"type":"Point","coordinates":[-4.41067,36.72113]},"properties":{"anio":2017}},{"type":"Feature","geometry":{"type":"Point","coordinates":[-4.42133,36.72829]},"properties":{"anio":2017}},{"type":"Feature","geometry":{"type":"Point","coordinates":[-4.41105,36.71801]},"properties":{"anio":2017}},{"type":"Feature","geometry":{"type":"Point","coordinates":[-4.41943,36.72209]},"properties":{"anio":2017}},{"type":"Feature","geometry":{"type":"Point","coordinates":[-4.4227,36.71931]},"properties":{"anio":2017}},{"type":"Feature","geometry":{"type":"Point","coordinates":[-4.41103,36.71827]},"properties":{"anio":2017}},{"type":"Feature","geometry":{"type":"Point","coordinates":[-4.4169,36.73286]},"properties":{"anio":2017}},{"type":"Feature","geometry":{"type":"Point","coordinates":[-4.41954,36.72243]},"properties":{"anio":2017}},{"type":"Feature","geometry":{"type":"Point","coordinates":[-4.42163,36.72837]},"properties":{"anio":2017}},{"type":"Feature","geometry":{"type":"Point","coordinates":[-4.42883,36.71411]},"properties":{"anio":2017}},{"type":"Feature","geometry":{"type":"Point","coordinates":[-4.4193,36.7245]},"properties":{"anio":2017}},{"type":"Feature","geometry":{"type":"Point","coordinates":[-4.42379,36.71951]},"properties":{"anio":2017}},{"type":"Feature","geometry":{"type":"Point","coordinates":[-4.42003,36.72445]},"properties":{"anio":2017}},{"type":"Feature","geometry":{"type":"Point","coordinates":[-4.41346,36.7298]},"properties":{"anio":2017}},{"type":"Feature","geometry":{"type":"Point","coordinates":[-4.42824,36.72004]},"properties":{"anio":2017}},{"type":"Feature","geometry":{"type":"Point","coordinates":[-4.41515,36.72375]},"properties":{"anio":2017}},{"type":"Feature","geometry":{"type":"Point","coordinates":[-4.41624,36.73408]},"properties":{"anio":2017}},{"type":"Feature","geometry":{"type":"Point","coordinates":[-4.41868,36.72003]},"properties":{"anio":2017}},{"type":"Feature","geometry":{"type":"Point","coordinates":[-4.42229,36.72065]},"properties":{"anio":2017}},{"type":"Feature","geometry":{"type":"Point","coordinates":[-4.41796,36.72606]},"properties":{"anio":2017}},{"type":"Feature","geometry":{"type":"Point","coordinates":[-4.41982,36.72583]},"properties":{"anio":2017}},{"type":"Feature","geometry":{"type":"Point","coordinates":[-4.42676,36.71349]},"properties":{"anio":2017}},{"type":"Feature","geometry":{"type":"Point","coordinates":[-4.41447,36.729]},"properties":{"anio":2017}},{"type":"Feature","geometry":{"type":"Point","coordinates":[-4.41411,36.73029]},"properties":{"anio":2017}},{"type":"Feature","geometry":{"type":"Point","coordinates":[-4.42036,36.72716]},"properties":{"anio":2017}},{"type":"Feature","geometry":{"type":"Point","coordinates":[-4.42204,36.72507]},"properties":{"anio":2017}},{"type":"Feature","geometry":{"type":"Point","coordinates":[-4.42375,36.71517]},"properties":{"anio":2017}},{"type":"Feature","geometry":{"type":"Point","coordinates":[-4.42685,36.72537]},"properties":{"anio":2017}},{"type":"Feature","geometry":{"type":"Point","coordinates":[-4.4244,36.72352]},"properties":{"anio":2017}},{"type":"Feature","geometry":{"type":"Point","coordinates":[-4.42184,36.72299]},"properties":{"anio":2017}},{"type":"Feature","geometry":{"type":"Point","coordinates":[-4.42357,36.72113]},"properties":{"anio":2017}},{"type":"Feature","geometry":{"type":"Point","coordinates":[-4.42113,36.72245]},"properties":{"anio":2017}},{"type":"Feature","geometry":{"type":"Point","coordinates":[-4.41587,36.72907]},"properties":{"anio":2017}},{"type":"Feature","geometry":{"type":"Point","coordinates":[-4.41659,36.72317]},"properties":{"anio":2017}},{"type":"Feature","geometry":{"type":"Point","coordinates":[-4.41659,36.72317]},"properties":{"anio":2017}},{"type":"Feature","geometry":{"type":"Point","coordinates":[-4.42318,36.72077]},"properties":{"anio":2017}},{"type":"Feature","geometry":{"type":"Point","coordinates":[-4.4158,36.73112]},"properties":{"anio":2017}},{"type":"Feature","geometry":{"type":"Point","coordinates":[-4.42881,36.7137]},"properties":{"anio":2017}},{"type":"Feature","geometry":{"type":"Point","coordinates":[-4.42212,36.72375]},"properties":{"anio":2017}},{"type":"Feature","geometry":{"type":"Point","coordinates":[-4.41191,36.72767]},"properties":{"anio":2017}},{"type":"Feature","geometry":{"type":"Point","coordinates":[-4.41294,36.72774]},"properties":{"anio":2017}},{"type":"Feature","geometry":{"type":"Point","coordinates":[-4.4267,36.72309]},"properties":{"anio":2017}},{"type":"Feature","geometry":{"type":"Point","coordinates":[-4.41357,36.73204]},"properties":{"anio":2017}},{"type":"Feature","geometry":{"type":"Point","coordinates":[-4.41982,36.72583]},"properties":{"anio":2017}},{"type":"Feature","geometry":{"type":"Point","coordinates":[-4.4205,36.72573]},"properties":{"anio":2017}},{"type":"Feature","geometry":{"type":"Point","coordinates":[-4.42185,36.72281]},"properties":{"anio":2017}},{"type":"Feature","geometry":{"type":"Point","coordinates":[-4.4167,36.7307]},"properties":{"anio":2017}},{"type":"Feature","geometry":{"type":"Point","coordinates":[-4.42149,36.72956]},"properties":{"anio":2017}},{"type":"Feature","geometry":{"type":"Point","coordinates":[-4.41373,36.72545]},"properties":{"anio":2017}},{"type":"Feature","geometry":{"type":"Point","coordinates":[-4.42254,36.72272]},"properties":{"anio":2017}},{"type":"Feature","geometry":{"type":"Point","coordinates":[-4.41884,36.72097]},"properties":{"anio":2017}},{"type":"Feature","geometry":{"type":"Point","coordinates":[-4.42384,36.71472]},"properties":{"anio":2017}},{"type":"Feature","geometry":{"type":"Point","coordinates":[-4.42503,36.72187]},"properties":{"anio":2017}},{"type":"Feature","geometry":{"type":"Point","coordinates":[-4.42769,36.71522]},"properties":{"anio":2017}},{"type":"Feature","geometry":{"type":"Point","coordinates":[-4.41982,36.72583]},"properties":{"anio":2017}},{"type":"Feature","geometry":{"type":"Point","coordinates":[-4.41973,36.72389]},"properties":{"anio":2017}},{"type":"Feature","geometry":{"type":"Point","coordinates":[-4.42475,36.71907]},"properties":{"anio":2017}},{"type":"Feature","geometry":{"type":"Point","coordinates":[-4.41444,36.72593]},"properties":{"anio":2017}},{"type":"Feature","geometry":{"type":"Point","coordinates":[-4.41559,36.72398]},"properties":{"anio":2017}},{"type":"Feature","geometry":{"type":"Point","coordinates":[-4.42525,36.72764]},"properties":{"anio":2017}},{"type":"Feature","geometry":{"type":"Point","coordinates":[-4.41104,36.72886]},"properties":{"anio":2017}},{"type":"Feature","geometry":{"type":"Point","coordinates":[-4.41204,36.72809]},"properties":{"anio":2017}},{"type":"Feature","geometry":{"type":"Point","coordinates":[-4.42323,36.721]},"properties":{"anio":2017}},{"type":"Feature","geometry":{"type":"Point","coordinates":[-4.41973,36.72389]},"properties":{"anio":2017}},{"type":"Feature","geometry":{"type":"Point","coordinates":[-4.42989,36.72516]},"properties":{"anio":2017}},{"type":"Feature","geometry":{"type":"Point","coordinates":[-4.42289,36.72735]},"properties":{"anio":2017}},{"type":"Feature","geometry":{"type":"Point","coordinates":[-4.42034,36.72239]},"properties":{"anio":2017}},{"type":"Feature","geometry":{"type":"Point","coordinates":[-4.4248,36.71848]},"properties":{"anio":2017}},{"type":"Feature","geometry":{"type":"Point","coordinates":[-4.4121,36.73841]},"properties":{"anio":2017}},{"type":"Feature","geometry":{"type":"Point","coordinates":[-4.41546,36.73042]},"properties":{"anio":2017}},{"type":"Feature","geometry":{"type":"Point","coordinates":[-4.41499,36.72744]},"properties":{"anio":2017}},{"type":"Feature","geometry":{"type":"Point","coordinates":[-4.41918,36.72559]},"properties":{"anio":2017}},{"type":"Feature","geometry":{"type":"Point","coordinates":[-4.42224,36.7238]},"properties":{"anio":2017}},{"type":"Feature","geometry":{"type":"Point","coordinates":[-4.42101,36.72708]},"properties":{"anio":2017}},{"type":"Feature","geometry":{"type":"Point","coordinates":[-4.42181,36.72323]},"properties":{"anio":2017}},{"type":"Feature","geometry":{"type":"Point","coordinates":[-4.42475,36.72212]},"properties":{"anio":2017}},{"type":"Feature","geometry":{"type":"Point","coordinates":[-4.42646,36.72219]},"properties":{"anio":2017}},{"type":"Feature","geometry":{"type":"Point","coordinates":[-4.42467,36.72314]},"properties":{"anio":2017}},{"type":"Feature","geometry":{"type":"Point","coordinates":[-4.42467,36.72314]},"properties":{"anio":2017}},{"type":"Feature","geometry":{"type":"Point","coordinates":[-4.42538,36.72506]},"properties":{"anio":2017}},{"type":"Feature","geometry":{"type":"Point","coordinates":[-4.42888,36.72641]},"properties":{"anio":2017}},{"type":"Feature","geometry":{"type":"Point","coordinates":[-4.42888,36.72641]},"properties":{"anio":2017}},{"type":"Feature","geometry":{"type":"Point","coordinates":[-4.41103,36.71827]},"properties":{"anio":2017}},{"type":"Feature","geometry":{"type":"Point","coordinates":[-4.42118,36.72667]},"properties":{"anio":2017}},{"type":"Feature","geometry":{"type":"Point","coordinates":[-4.42881,36.7137]},"properties":{"anio":2017}},{"type":"Feature","geometry":{"type":"Point","coordinates":[-4.42332,36.72614]},"properties":{"anio":2017}},{"type":"Feature","geometry":{"type":"Point","coordinates":[-4.42883,36.71101]},"properties":{"anio":2017}},{"type":"Feature","geometry":{"type":"Point","coordinates":[-4.41609,36.72481]},"properties":{"anio":2017}},{"type":"Feature","geometry":{"type":"Point","coordinates":[-4.41625,36.73402]},"properties":{"anio":2017}},{"type":"Feature","geometry":{"type":"Point","coordinates":[-4.41772,36.73191]},"properties":{"anio":2017}},{"type":"Feature","geometry":{"type":"Point","coordinates":[-4.42748,36.71155]},"properties":{"anio":2017}},{"type":"Feature","geometry":{"type":"Point","coordinates":[-4.42312,36.72379]},"properties":{"anio":2017}},{"type":"Feature","geometry":{"type":"Point","coordinates":[-4.42417,36.72103]},"properties":{"anio":2017}},{"type":"Feature","geometry":{"type":"Point","coordinates":[-4.42103,36.72144]},"properties":{"anio":2017}},{"type":"Feature","geometry":{"type":"Point","coordinates":[-4.42251,36.72077]},"properties":{"anio":2017}},{"type":"Feature","geometry":{"type":"Point","coordinates":[-4.41596,36.72432]},"properties":{"anio":2017}},{"type":"Feature","geometry":{"type":"Point","coordinates":[-4.40881,36.71958]},"properties":{"anio":2017}},{"type":"Feature","geometry":{"type":"Point","coordinates":[-4.43059,36.72358]},"properties":{"anio":2017}},{"type":"Feature","geometry":{"type":"Point","coordinates":[-4.4217,36.71629]},"properties":{"anio":2017}},{"type":"Feature","geometry":{"type":"Point","coordinates":[-4.41536,36.72748]},"properties":{"anio":2017}},{"type":"Feature","geometry":{"type":"Point","coordinates":[-4.42519,36.71896]},"properties":{"anio":2017}},{"type":"Feature","geometry":{"type":"Point","coordinates":[-4.41977,36.72349]},"properties":{"anio":2017}},{"type":"Feature","geometry":{"type":"Point","coordinates":[-4.41422,36.73027]},"properties":{"anio":2017}},{"type":"Feature","geometry":{"type":"Point","coordinates":[-4.42439,36.71343]},"properties":{"anio":2017}},{"type":"Feature","geometry":{"type":"Point","coordinates":[-4.42036,36.72716]},"properties":{"anio":2017}},{"type":"Feature","geometry":{"type":"Point","coordinates":[-4.43009,36.72284]},"properties":{"anio":2017}},{"type":"Feature","geometry":{"type":"Point","coordinates":[-4.43001,36.72335]},"properties":{"anio":2017}},{"type":"Feature","geometry":{"type":"Point","coordinates":[-4.41488,36.73157]},"properties":{"anio":2017}},{"type":"Feature","geometry":{"type":"Point","coordinates":[-4.41486,36.73026]},"properties":{"anio":2017}},{"type":"Feature","geometry":{"type":"Point","coordinates":[-4.41512,36.73009]},"properties":{"anio":2017}},{"type":"Feature","geometry":{"type":"Point","coordinates":[-4.41125,36.71744]},"properties":{"anio":2017}},{"type":"Feature","geometry":{"type":"Point","coordinates":[-4.42736,36.71108]},"properties":{"anio":2017}},{"type":"Feature","geometry":{"type":"Point","coordinates":[-4.42795,36.72192]},"properties":{"anio":2017}},{"type":"Feature","geometry":{"type":"Point","coordinates":[-4.41943,36.72209]},"properties":{"anio":2017}},{"type":"Feature","geometry":{"type":"Point","coordinates":[-4.43259,36.72086]},"properties":{"anio":2017}},{"type":"Feature","geometry":{"type":"Point","coordinates":[-4.42555,36.72777]},"properties":{"anio":2017}},{"type":"Feature","geometry":{"type":"Point","coordinates":[-4.42665,36.7117]},"properties":{"anio":2017}},{"type":"Feature","geometry":{"type":"Point","coordinates":[-4.41092,36.73002]},"properties":{"anio":2017}},{"type":"Feature","geometry":{"type":"Point","coordinates":[-4.4251,36.72306]},"properties":{"anio":2017}},{"type":"Feature","geometry":{"type":"Point","coordinates":[-4.42112,36.72108]},"properties":{"anio":2017}},{"type":"Feature","geometry":{"type":"Point","coordinates":[-4.41125,36.71744]},"properties":{"anio":2017}},{"type":"Feature","geometry":{"type":"Point","coordinates":[-4.4237,36.72407]},"properties":{"anio":2017}},{"type":"Feature","geometry":{"type":"Point","coordinates":[-4.42725,36.7241]},"properties":{"anio":2017}},{"type":"Feature","geometry":{"type":"Point","coordinates":[-4.41564,36.72375]},"properties":{"anio":2017}},{"type":"Feature","geometry":{"type":"Point","coordinates":[-4.41546,36.73042]},"properties":{"anio":2017}},{"type":"Feature","geometry":{"type":"Point","coordinates":[-4.43206,36.72377]},"properties":{"anio":2017}},{"type":"Feature","geometry":{"type":"Point","coordinates":[-4.42389,36.72439]},"properties":{"anio":2017}},{"type":"Feature","geometry":{"type":"Point","coordinates":[-4.41993,36.72453]},"properties":{"anio":2017}},{"type":"Feature","geometry":{"type":"Point","coordinates":[-4.4239,36.7242]},"properties":{"anio":2017}},{"type":"Feature","geometry":{"type":"Point","coordinates":[-4.42403,36.7227]},"properties":{"anio":2017}},{"type":"Feature","geometry":{"type":"Point","coordinates":[-4.41422,36.73027]},"properties":{"anio":2017}},{"type":"Feature","geometry":{"type":"Point","coordinates":[-4.42397,36.72459]},"properties":{"anio":2017}},{"type":"Feature","geometry":{"type":"Point","coordinates":[-4.42282,36.72218]},"properties":{"anio":2017}},{"type":"Feature","geometry":{"type":"Point","coordinates":[-4.42282,36.72218]},"properties":{"anio":2017}},{"type":"Feature","geometry":{"type":"Point","coordinates":[-4.43251,36.72182]},"properties":{"anio":2017}},{"type":"Feature","geometry":{"type":"Point","coordinates":[-4.41883,36.72544]},"properties":{"anio":2017}},{"type":"Feature","geometry":{"type":"Point","coordinates":[-4.42148,36.72821]},"properties":{"anio":2017}},{"type":"Feature","geometry":{"type":"Point","coordinates":[-4.42545,36.72889]},"properties":{"anio":2017}},{"type":"Feature","geometry":{"type":"Point","coordinates":[-4.4208,36.72203]},"properties":{"anio":2017}},{"type":"Feature","geometry":{"type":"Point","coordinates":[-4.42313,36.71999]},"properties":{"anio":2017}},{"type":"Feature","geometry":{"type":"Point","coordinates":[-4.41943,36.72534]},"properties":{"anio":2017}},{"type":"Feature","geometry":{"type":"Point","coordinates":[-4.42374,36.72717]},"properties":{"anio":2017}},{"type":"Feature","geometry":{"type":"Point","coordinates":[-4.41443,36.72959]},"properties":{"anio":2017}},{"type":"Feature","geometry":{"type":"Point","coordinates":[-4.41943,36.72534]},"properties":{"anio":2017}},{"type":"Feature","geometry":{"type":"Point","coordinates":[-4.41167,36.71919]},"properties":{"anio":2016}},{"type":"Feature","geometry":{"type":"Point","coordinates":[-4.41209,36.72892]},"properties":{"anio":2017}},{"type":"Feature","geometry":{"type":"Point","coordinates":[-4.42785,36.72423]},"properties":{"anio":2017}},{"type":"Feature","geometry":{"type":"Point","coordinates":[-4.42783,36.72425]},"properties":{"anio":2017}},{"type":"Feature","geometry":{"type":"Point","coordinates":[-4.42506,36.72705]},"properties":{"anio":2017}},{"type":"Feature","geometry":{"type":"Point","coordinates":[-4.41982,36.72583]},"properties":{"anio":2017}},{"type":"Feature","geometry":{"type":"Point","coordinates":[-4.40834,36.72021]},"properties":{"anio":2017}},{"type":"Feature","geometry":{"type":"Point","coordinates":[-4.42863,36.72104]},"properties":{"anio":2017}},{"type":"Feature","geometry":{"type":"Point","coordinates":[-4.4301,36.72088]},"properties":{"anio":2017}},{"type":"Feature","geometry":{"type":"Point","coordinates":[-4.41472,36.72501]},"properties":{"anio":2017}},{"type":"Feature","geometry":{"type":"Point","coordinates":[-4.42275,36.72]},"properties":{"anio":2017}},{"type":"Feature","geometry":{"type":"Point","coordinates":[-4.4232,36.72396]},"properties":{"anio":2017}},{"type":"Feature","geometry":{"type":"Point","coordinates":[-4.41046,36.71938]},"properties":{"anio":2017}},{"type":"Feature","geometry":{"type":"Point","coordinates":[-4.41966,36.72274]},"properties":{"anio":2017}},{"type":"Feature","geometry":{"type":"Point","coordinates":[-4.42413,36.72104]},"properties":{"anio":2017}},{"type":"Feature","geometry":{"type":"Point","coordinates":[-4.42237,36.7196]},"properties":{"anio":2017}},{"type":"Feature","geometry":{"type":"Point","coordinates":[-4.4296,36.72036]},"properties":{"anio":2017}},{"type":"Feature","geometry":{"type":"Point","coordinates":[-4.41254,36.7271]},"properties":{"anio":2017}},{"type":"Feature","geometry":{"type":"Point","coordinates":[-4.4267,36.72309]},"properties":{"anio":2017}},{"type":"Feature","geometry":{"type":"Point","coordinates":[-4.4294,36.72307]},"properties":{"anio":2017}},{"type":"Feature","geometry":{"type":"Point","coordinates":[-4.41519,36.72495]},"properties":{"anio":2017}},{"type":"Feature","geometry":{"type":"Point","coordinates":[-4.4224,36.72366]},"properties":{"anio":2017}},{"type":"Feature","geometry":{"type":"Point","coordinates":[-4.4267,36.72309]},"properties":{"anio":2017}},{"type":"Feature","geometry":{"type":"Point","coordinates":[-4.42297,36.72051]},"properties":{"anio":2017}},{"type":"Feature","geometry":{"type":"Point","coordinates":[-4.41515,36.72375]},"properties":{"anio":2017}},{"type":"Feature","geometry":{"type":"Point","coordinates":[-4.42352,36.72793]},"properties":{"anio":2017}},{"type":"Feature","geometry":{"type":"Point","coordinates":[-4.41847,36.72437]},"properties":{"anio":2017}},{"type":"Feature","geometry":{"type":"Point","coordinates":[-4.42424,36.71784]},"properties":{"anio":2017}},{"type":"Feature","geometry":{"type":"Point","coordinates":[-4.42154,36.72196]},"properties":{"anio":2017}},{"type":"Feature","geometry":{"type":"Point","coordinates":[-4.42989,36.71194]},"properties":{"anio":2017}},{"type":"Feature","geometry":{"type":"Point","coordinates":[-4.41098,36.72109]},"properties":{"anio":2017}},{"type":"Feature","geometry":{"type":"Point","coordinates":[-4.41478,36.72628]},"properties":{"anio":2017}},{"type":"Feature","geometry":{"type":"Point","coordinates":[-4.41818,36.7198]},"properties":{"anio":2017}},{"type":"Feature","geometry":{"type":"Point","coordinates":[-4.4239,36.72093]},"properties":{"anio":2017}},{"type":"Feature","geometry":{"type":"Point","coordinates":[-4.4239,36.72093]},"properties":{"anio":2017}},{"type":"Feature","geometry":{"type":"Point","coordinates":[-4.43179,36.72139]},"properties":{"anio":2017}},{"type":"Feature","geometry":{"type":"Point","coordinates":[-4.42325,36.72007]},"properties":{"anio":2017}},{"type":"Feature","geometry":{"type":"Point","coordinates":[-4.42939,36.72331]},"properties":{"anio":2017}},{"type":"Feature","geometry":{"type":"Point","coordinates":[-4.4267,36.72309]},"properties":{"anio":2017}},{"type":"Feature","geometry":{"type":"Point","coordinates":[-4.42353,36.72637]},"properties":{"anio":2017}},{"type":"Feature","geometry":{"type":"Point","coordinates":[-4.42149,36.72663]},"properties":{"anio":2017}},{"type":"Feature","geometry":{"type":"Point","coordinates":[-4.41636,36.72465]},"properties":{"anio":2017}},{"type":"Feature","geometry":{"type":"Point","coordinates":[-4.42212,36.71925]},"properties":{"anio":2017}},{"type":"Feature","geometry":{"type":"Point","coordinates":[-4.42881,36.7137]},"properties":{"anio":2017}},{"type":"Feature","geometry":{"type":"Point","coordinates":[-4.42644,36.72314]},"properties":{"anio":2017}},{"type":"Feature","geometry":{"type":"Point","coordinates":[-4.40901,36.7196]},"properties":{"anio":2017}},{"type":"Feature","geometry":{"type":"Point","coordinates":[-4.42368,36.71499]},"properties":{"anio":2017}},{"type":"Feature","geometry":{"type":"Point","coordinates":[-4.41168,36.71903]},"properties":{"anio":2017}},{"type":"Feature","geometry":{"type":"Point","coordinates":[-4.4196,36.72174]},"properties":{"anio":2017}},{"type":"Feature","geometry":{"type":"Point","coordinates":[-4.4196,36.72174]},"properties":{"anio":2017}},{"type":"Feature","geometry":{"type":"Point","coordinates":[-4.41722,36.72377]},"properties":{"anio":2017}},{"type":"Feature","geometry":{"type":"Point","coordinates":[-4.42926,36.72482]},"properties":{"anio":2017}},{"type":"Feature","geometry":{"type":"Point","coordinates":[-4.42154,36.72196]},"properties":{"anio":2017}},{"type":"Feature","geometry":{"type":"Point","coordinates":[-4.42955,36.72405]},"properties":{"anio":2017}},{"type":"Feature","geometry":{"type":"Point","coordinates":[-4.42449,36.72397]},"properties":{"anio":2017}},{"type":"Feature","geometry":{"type":"Point","coordinates":[-4.41851,36.72337]},"properties":{"anio":2017}},{"type":"Feature","geometry":{"type":"Point","coordinates":[-4.41081,36.72998]},"properties":{"anio":2017}},{"type":"Feature","geometry":{"type":"Point","coordinates":[-4.42008,36.72101]},"properties":{"anio":2017}},{"type":"Feature","geometry":{"type":"Point","coordinates":[-4.42006,36.72536]},"properties":{"anio":2017}},{"type":"Feature","geometry":{"type":"Point","coordinates":[-4.4187,36.73111]},"properties":{"anio":2017}},{"type":"Feature","geometry":{"type":"Point","coordinates":[-4.42,36.72218]},"properties":{"anio":2017}},{"type":"Feature","geometry":{"type":"Point","coordinates":[-4.42,36.72218]},"properties":{"anio":2017}},{"type":"Feature","geometry":{"type":"Point","coordinates":[-4.42823,36.71997]},"properties":{"anio":2017}},{"type":"Feature","geometry":{"type":"Point","coordinates":[-4.41437,36.72944]},"properties":{"anio":2017}},{"type":"Feature","geometry":{"type":"Point","coordinates":[-4.42357,36.72113]},"properties":{"anio":2017}},{"type":"Feature","geometry":{"type":"Point","coordinates":[-4.42283,36.7247]},"properties":{"anio":2017}},{"type":"Feature","geometry":{"type":"Point","coordinates":[-4.41191,36.72767]},"properties":{"anio":2017}},{"type":"Feature","geometry":{"type":"Point","coordinates":[-4.42373,36.7211]},"properties":{"anio":2017}},{"type":"Feature","geometry":{"type":"Point","coordinates":[-4.42373,36.7211]},"properties":{"anio":2017}},{"type":"Feature","geometry":{"type":"Point","coordinates":[-4.42008,36.72088]},"properties":{"anio":2017}},{"type":"Feature","geometry":{"type":"Point","coordinates":[-4.41467,36.72482]},"properties":{"anio":2017}},{"type":"Feature","geometry":{"type":"Point","coordinates":[-4.42765,36.72371]},"properties":{"anio":2017}},{"type":"Feature","geometry":{"type":"Point","coordinates":[-4.42431,36.72503]},"properties":{"anio":2017}},{"type":"Feature","geometry":{"type":"Point","coordinates":[-4.42036,36.72716]},"properties":{"anio":2017}},{"type":"Feature","geometry":{"type":"Point","coordinates":[-4.41659,36.73175]},"properties":{"anio":2017}},{"type":"Feature","geometry":{"type":"Point","coordinates":[-4.42863,36.72104]},"properties":{"anio":2017}},{"type":"Feature","geometry":{"type":"Point","coordinates":[-4.42126,36.72865]},"properties":{"anio":2017}},{"type":"Feature","geometry":{"type":"Point","coordinates":[-4.41472,36.72501]},"properties":{"anio":2017}},{"type":"Feature","geometry":{"type":"Point","coordinates":[-4.43062,36.7141]},"properties":{"anio":2017}},{"type":"Feature","geometry":{"type":"Point","coordinates":[-4.427,36.72278]},"properties":{"anio":2017}},{"type":"Feature","geometry":{"type":"Point","coordinates":[-4.42008,36.72101]},"properties":{"anio":2017}},{"type":"Feature","geometry":{"type":"Point","coordinates":[-4.42708,36.71254]},"properties":{"anio":2017}},{"type":"Feature","geometry":{"type":"Point","coordinates":[-4.41382,36.72563]},"properties":{"anio":2017}},{"type":"Feature","geometry":{"type":"Point","coordinates":[-4.4161,36.7259]},"properties":{"anio":2017}},{"type":"Feature","geometry":{"type":"Point","coordinates":[-4.42363,36.71942]},"properties":{"anio":2017}},{"type":"Feature","geometry":{"type":"Point","coordinates":[-4.42363,36.71942]},"properties":{"anio":2017}},{"type":"Feature","geometry":{"type":"Point","coordinates":[-4.4162,36.73084]},"properties":{"anio":2017}},{"type":"Feature","geometry":{"type":"Point","coordinates":[-4.41605,36.72439]},"properties":{"anio":2017}},{"type":"Feature","geometry":{"type":"Point","coordinates":[-4.42089,36.72169]},"properties":{"anio":2017}},{"type":"Feature","geometry":{"type":"Point","coordinates":[-4.41743,36.72468]},"properties":{"anio":2017}},{"type":"Feature","geometry":{"type":"Point","coordinates":[-4.41743,36.72468]},"properties":{"anio":2017}},{"type":"Feature","geometry":{"type":"Point","coordinates":[-4.42332,36.71956]},"properties":{"anio":2017}},{"type":"Feature","geometry":{"type":"Point","coordinates":[-4.42368,36.7199]},"properties":{"anio":2017}},{"type":"Feature","geometry":{"type":"Point","coordinates":[-4.41922,36.72588]},"properties":{"anio":2017}},{"type":"Feature","geometry":{"type":"Point","coordinates":[-4.42015,36.72642]},"properties":{"anio":2017}},{"type":"Feature","geometry":{"type":"Point","coordinates":[-4.42688,36.71554]},"properties":{"anio":2017}},{"type":"Feature","geometry":{"type":"Point","coordinates":[-4.42304,36.71955]},"properties":{"anio":2017}},{"type":"Feature","geometry":{"type":"Point","coordinates":[-4.42313,36.71999]},"properties":{"anio":2017}},{"type":"Feature","geometry":{"type":"Point","coordinates":[-4.41555,36.72932]},"properties":{"anio":2017}},{"type":"Feature","geometry":{"type":"Point","coordinates":[-4.41125,36.71744]},"properties":{"anio":2017}},{"type":"Feature","geometry":{"type":"Point","coordinates":[-4.42933,36.7246]},"properties":{"anio":2017}},{"type":"Feature","geometry":{"type":"Point","coordinates":[-4.4193,36.72674]},"properties":{"anio":2017}},{"type":"Feature","geometry":{"type":"Point","coordinates":[-4.42933,36.7246]},"properties":{"anio":2017}},{"type":"Feature","geometry":{"type":"Point","coordinates":[-4.42933,36.7246]},"properties":{"anio":2017}},{"type":"Feature","geometry":{"type":"Point","coordinates":[-4.42933,36.7246]},"properties":{"anio":2017}},{"type":"Feature","geometry":{"type":"Point","coordinates":[-4.42933,36.7246]},"properties":{"anio":2017}},{"type":"Feature","geometry":{"type":"Point","coordinates":[-4.41908,36.72559]},"properties":{"anio":2017}},{"type":"Feature","geometry":{"type":"Point","coordinates":[-4.41467,36.72482]},"properties":{"anio":2017}},{"type":"Feature","geometry":{"type":"Point","coordinates":[-4.43097,36.72157]},"properties":{"anio":2017}},{"type":"Feature","geometry":{"type":"Point","coordinates":[-4.42476,36.72367]},"properties":{"anio":2017}},{"type":"Feature","geometry":{"type":"Point","coordinates":[-4.41897,36.72203]},"properties":{"anio":2017}},{"type":"Feature","geometry":{"type":"Point","coordinates":[-4.41103,36.71812]},"properties":{"anio":2017}},{"type":"Feature","geometry":{"type":"Point","coordinates":[-4.42353,36.72357]},"properties":{"anio":2017}},{"type":"Feature","geometry":{"type":"Point","coordinates":[-4.40548,36.72798]},"properties":{"anio":2017}},{"type":"Feature","geometry":{"type":"Point","coordinates":[-4.41982,36.72583]},"properties":{"anio":2017}},{"type":"Feature","geometry":{"type":"Point","coordinates":[-4.41169,36.7175]},"properties":{"anio":2017}},{"type":"Feature","geometry":{"type":"Point","coordinates":[-4.41103,36.71812]},"properties":{"anio":2017}},{"type":"Feature","geometry":{"type":"Point","coordinates":[-4.41456,36.72855]},"properties":{"anio":2017}},{"type":"Feature","geometry":{"type":"Point","coordinates":[-4.41704,36.72521]},"properties":{"anio":2017}},{"type":"Feature","geometry":{"type":"Point","coordinates":[-4.41191,36.72767]},"properties":{"anio":2017}},{"type":"Feature","geometry":{"type":"Point","coordinates":[-4.42222,36.7154]},"properties":{"anio":2017}},{"type":"Feature","geometry":{"type":"Point","coordinates":[-4.41908,36.72559]},"properties":{"anio":2017}},{"type":"Feature","geometry":{"type":"Point","coordinates":[-4.41169,36.7175]},"properties":{"anio":2017}},{"type":"Feature","geometry":{"type":"Point","coordinates":[-4.4188,36.72225]},"properties":{"anio":2017}},{"type":"Feature","geometry":{"type":"Point","coordinates":[-4.42375,36.71517]},"properties":{"anio":2017}},{"type":"Feature","geometry":{"type":"Point","coordinates":[-4.41833,36.72288]},"properties":{"anio":2017}},{"type":"Feature","geometry":{"type":"Point","coordinates":[-4.41165,36.7187]},"properties":{"anio":2017}},{"type":"Feature","geometry":{"type":"Point","coordinates":[-4.43027,36.71418]},"properties":{"anio":2017}},{"type":"Feature","geometry":{"type":"Point","coordinates":[-4.4242,36.719]},"properties":{"anio":2017}},{"type":"Feature","geometry":{"type":"Point","coordinates":[-4.42545,36.72709]},"properties":{"anio":2017}},{"type":"Feature","geometry":{"type":"Point","coordinates":[-4.41359,36.72711]},"properties":{"anio":2017}},{"type":"Feature","geometry":{"type":"Point","coordinates":[-4.42236,36.72445]},"properties":{"anio":2017}},{"type":"Feature","geometry":{"type":"Point","coordinates":[-4.41585,36.72644]},"properties":{"anio":2017}},{"type":"Feature","geometry":{"type":"Point","coordinates":[-4.43038,36.7216]},"properties":{"anio":2017}},{"type":"Feature","geometry":{"type":"Point","coordinates":[-4.41947,36.7245]},"properties":{"anio":2017}},{"type":"Feature","geometry":{"type":"Point","coordinates":[-4.43004,36.71864]},"properties":{"anio":2017}},{"type":"Feature","geometry":{"type":"Point","coordinates":[-4.41178,36.71688]},"properties":{"anio":2017}},{"type":"Feature","geometry":{"type":"Point","coordinates":[-4.42311,36.72252]},"properties":{"anio":2017}},{"type":"Feature","geometry":{"type":"Point","coordinates":[-4.42311,36.72252]},"properties":{"anio":2017}},{"type":"Feature","geometry":{"type":"Point","coordinates":[-4.42018,36.72888]},"properties":{"anio":2017}},{"type":"Feature","geometry":{"type":"Point","coordinates":[-4.409,36.71983]},"properties":{"anio":2017}},{"type":"Feature","geometry":{"type":"Point","coordinates":[-4.42522,36.72874]},"properties":{"anio":2017}},{"type":"Feature","geometry":{"type":"Point","coordinates":[-4.42229,36.71629]},"properties":{"anio":2017}},{"type":"Feature","geometry":{"type":"Point","coordinates":[-4.41982,36.72583]},"properties":{"anio":2017}},{"type":"Feature","geometry":{"type":"Point","coordinates":[-4.42149,36.7242]},"properties":{"anio":2017}},{"type":"Feature","geometry":{"type":"Point","coordinates":[-4.40548,36.72798]},"properties":{"anio":2017}},{"type":"Feature","geometry":{"type":"Point","coordinates":[-4.42086,36.731]},"properties":{"anio":2017}},{"type":"Feature","geometry":{"type":"Point","coordinates":[-4.41982,36.72583]},"properties":{"anio":2017}},{"type":"Feature","geometry":{"type":"Point","coordinates":[-4.41982,36.72583]},"properties":{"anio":2017}},{"type":"Feature","geometry":{"type":"Point","coordinates":[-4.42219,36.72503]},"properties":{"anio":2017}},{"type":"Feature","geometry":{"type":"Point","coordinates":[-4.42302,36.72242]},"properties":{"anio":2017}},{"type":"Feature","geometry":{"type":"Point","coordinates":[-4.42302,36.72242]},"properties":{"anio":2017}},{"type":"Feature","geometry":{"type":"Point","coordinates":[-4.42302,36.72242]},"properties":{"anio":2017}},{"type":"Feature","geometry":{"type":"Point","coordinates":[-4.42302,36.72242]},"properties":{"anio":2017}},{"type":"Feature","geometry":{"type":"Point","coordinates":[-4.42302,36.72242]},"properties":{"anio":2017}},{"type":"Feature","geometry":{"type":"Point","coordinates":[-4.42302,36.72242]},"properties":{"anio":2017}},{"type":"Feature","geometry":{"type":"Point","coordinates":[-4.42302,36.72242]},"properties":{"anio":2017}},{"type":"Feature","geometry":{"type":"Point","coordinates":[-4.4181,36.71995]},"properties":{"anio":2017}},{"type":"Feature","geometry":{"type":"Point","coordinates":[-4.42483,36.71505]},"properties":{"anio":2017}},{"type":"Feature","geometry":{"type":"Point","coordinates":[-4.42005,36.72557]},"properties":{"anio":2017}},{"type":"Feature","geometry":{"type":"Point","coordinates":[-4.42106,36.72413]},"properties":{"anio":2017}},{"type":"Feature","geometry":{"type":"Point","coordinates":[-4.42302,36.72242]},"properties":{"anio":2017}},{"type":"Feature","geometry":{"type":"Point","coordinates":[-4.4198,36.7241]},"properties":{"anio":2017}},{"type":"Feature","geometry":{"type":"Point","coordinates":[-4.42527,36.72376]},"properties":{"anio":2017}},{"type":"Feature","geometry":{"type":"Point","coordinates":[-4.41878,36.7241]},"properties":{"anio":2017}},{"type":"Feature","geometry":{"type":"Point","coordinates":[-4.41948,36.72184]},"properties":{"anio":2017}},{"type":"Feature","geometry":{"type":"Point","coordinates":[-4.41942,36.72494]},"properties":{"anio":2017}},{"type":"Feature","geometry":{"type":"Point","coordinates":[-4.41141,36.72635]},"properties":{"anio":2017}},{"type":"Feature","geometry":{"type":"Point","coordinates":[-4.41164,36.71762]},"properties":{"anio":2017}},{"type":"Feature","geometry":{"type":"Point","coordinates":[-4.41942,36.72494]},"properties":{"anio":2017}},{"type":"Feature","geometry":{"type":"Point","coordinates":[-4.42861,36.71208]},"properties":{"anio":2017}},{"type":"Feature","geometry":{"type":"Point","coordinates":[-4.42221,36.72735]},"properties":{"anio":2017}},{"type":"Feature","geometry":{"type":"Point","coordinates":[-4.42221,36.72735]},"properties":{"anio":2017}},{"type":"Feature","geometry":{"type":"Point","coordinates":[-4.42418,36.71925]},"properties":{"anio":2017}},{"type":"Feature","geometry":{"type":"Point","coordinates":[-4.42082,36.72201]},"properties":{"anio":2017}},{"type":"Feature","geometry":{"type":"Point","coordinates":[-4.41801,36.724]},"properties":{"anio":2017}},{"type":"Feature","geometry":{"type":"Point","coordinates":[-4.41982,36.72583]},"properties":{"anio":2017}},{"type":"Feature","geometry":{"type":"Point","coordinates":[-4.42478,36.72355]},"properties":{"anio":2017}},{"type":"Feature","geometry":{"type":"Point","coordinates":[-4.42453,36.72886]},"properties":{"anio":2017}},{"type":"Feature","geometry":{"type":"Point","coordinates":[-4.42073,36.72697]},"properties":{"anio":2017}},{"type":"Feature","geometry":{"type":"Point","coordinates":[-4.42052,36.7262]},"properties":{"anio":2017}},{"type":"Feature","geometry":{"type":"Point","coordinates":[-4.42052,36.7262]},"properties":{"anio":2017}},{"type":"Feature","geometry":{"type":"Point","coordinates":[-4.42052,36.7262]},"properties":{"anio":2017}},{"type":"Feature","geometry":{"type":"Point","coordinates":[-4.41652,36.72358]},"properties":{"anio":2017}},{"type":"Feature","geometry":{"type":"Point","coordinates":[-4.41982,36.72583]},"properties":{"anio":2017}},{"type":"Feature","geometry":{"type":"Point","coordinates":[-4.42407,36.72451]},"properties":{"anio":2017}},{"type":"Feature","geometry":{"type":"Point","coordinates":[-4.41944,36.72332]},"properties":{"anio":2017}},{"type":"Feature","geometry":{"type":"Point","coordinates":[-4.41982,36.72583]},"properties":{"anio":2017}},{"type":"Feature","geometry":{"type":"Point","coordinates":[-4.41608,36.73488]},"properties":{"anio":2017}},{"type":"Feature","geometry":{"type":"Point","coordinates":[-4.42424,36.72401]},"properties":{"anio":2017}},{"type":"Feature","geometry":{"type":"Point","coordinates":[-4.41603,36.72487]},"properties":{"anio":2017}},{"type":"Feature","geometry":{"type":"Point","coordinates":[-4.40854,36.71876]},"properties":{"anio":2017}},{"type":"Feature","geometry":{"type":"Point","coordinates":[-4.42378,36.71673]},"properties":{"anio":2017}},{"type":"Feature","geometry":{"type":"Point","coordinates":[-4.42378,36.71673]},"properties":{"anio":2017}},{"type":"Feature","geometry":{"type":"Point","coordinates":[-4.42378,36.71673]},"properties":{"anio":2017}},{"type":"Feature","geometry":{"type":"Point","coordinates":[-4.42378,36.71673]},"properties":{"anio":2017}},{"type":"Feature","geometry":{"type":"Point","coordinates":[-4.42378,36.71673]},"properties":{"anio":2017}},{"type":"Feature","geometry":{"type":"Point","coordinates":[-4.42378,36.71673]},"properties":{"anio":2017}},{"type":"Feature","geometry":{"type":"Point","coordinates":[-4.42807,36.71098]},"properties":{"anio":2017}},{"type":"Feature","geometry":{"type":"Point","coordinates":[-4.42208,36.71589]},"properties":{"anio":2017}},{"type":"Feature","geometry":{"type":"Point","coordinates":[-4.41939,36.72661]},"properties":{"anio":2017}},{"type":"Feature","geometry":{"type":"Point","coordinates":[-4.41125,36.71744]},"properties":{"anio":2017}},{"type":"Feature","geometry":{"type":"Point","coordinates":[-4.4271,36.7221]},"properties":{"anio":2017}},{"type":"Feature","geometry":{"type":"Point","coordinates":[-4.41254,36.72827]},"properties":{"anio":2017}},{"type":"Feature","geometry":{"type":"Point","coordinates":[-4.42374,36.72928]},"properties":{"anio":2017}},{"type":"Feature","geometry":{"type":"Point","coordinates":[-4.41945,36.72234]},"properties":{"anio":2017}},{"type":"Feature","geometry":{"type":"Point","coordinates":[-4.41768,36.72481]},"properties":{"anio":2017}},{"type":"Feature","geometry":{"type":"Point","coordinates":[-4.40481,36.72095]},"properties":{"anio":2017}},{"type":"Feature","geometry":{"type":"Point","coordinates":[-4.42403,36.7227]},"properties":{"anio":2017}},{"type":"Feature","geometry":{"type":"Point","coordinates":[-4.41103,36.71812]},"properties":{"anio":2017}},{"type":"Feature","geometry":{"type":"Point","coordinates":[-4.41103,36.71812]},"properties":{"anio":2017}},{"type":"Feature","geometry":{"type":"Point","coordinates":[-4.42781,36.71499]},"properties":{"anio":2017}},{"type":"Feature","geometry":{"type":"Point","coordinates":[-4.42109,36.72133]},"properties":{"anio":2017}},{"type":"Feature","geometry":{"type":"Point","coordinates":[-4.42044,36.71995]},"properties":{"anio":2017}},{"type":"Feature","geometry":{"type":"Point","coordinates":[-4.42226,36.7229]},"properties":{"anio":2017}},{"type":"Feature","geometry":{"type":"Point","coordinates":[-4.42052,36.72122]},"properties":{"anio":2017}},{"type":"Feature","geometry":{"type":"Point","coordinates":[-4.40739,36.72128]},"properties":{"anio":2017}},{"type":"Feature","geometry":{"type":"Point","coordinates":[-4.41806,36.72374]},"properties":{"anio":2017}},{"type":"Feature","geometry":{"type":"Point","coordinates":[-4.40888,36.71982]},"properties":{"anio":2017}},{"type":"Feature","geometry":{"type":"Point","coordinates":[-4.41982,36.72583]},"properties":{"anio":2017}},{"type":"Feature","geometry":{"type":"Point","coordinates":[-4.42246,36.7192]},"properties":{"anio":2017}},{"type":"Feature","geometry":{"type":"Point","coordinates":[-4.42431,36.7163]},"properties":{"anio":2017}},{"type":"Feature","geometry":{"type":"Point","coordinates":[-4.42507,36.72786]},"properties":{"anio":2017}},{"type":"Feature","geometry":{"type":"Point","coordinates":[-4.41825,36.72191]},"properties":{"anio":2017}},{"type":"Feature","geometry":{"type":"Point","coordinates":[-4.41825,36.72191]},"properties":{"anio":2017}},{"type":"Feature","geometry":{"type":"Point","coordinates":[-4.41919,36.72579]},"properties":{"anio":2017}},{"type":"Feature","geometry":{"type":"Point","coordinates":[-4.42006,36.72536]},"properties":{"anio":2017}},{"type":"Feature","geometry":{"type":"Point","coordinates":[-4.41088,36.72682]},"properties":{"anio":2017}},{"type":"Feature","geometry":{"type":"Point","coordinates":[-4.41916,36.72653]},"properties":{"anio":2017}},{"type":"Feature","geometry":{"type":"Point","coordinates":[-4.42081,36.72496]},"properties":{"anio":2017}},{"type":"Feature","geometry":{"type":"Point","coordinates":[-4.42136,36.72634]},"properties":{"anio":2017}},{"type":"Feature","geometry":{"type":"Point","coordinates":[-4.42433,36.72832]},"properties":{"anio":2017}},{"type":"Feature","geometry":{"type":"Point","coordinates":[-4.41882,36.72266]},"properties":{"anio":2017}},{"type":"Feature","geometry":{"type":"Point","coordinates":[-4.42617,36.72179]},"properties":{"anio":2017}},{"type":"Feature","geometry":{"type":"Point","coordinates":[-4.42113,36.72163]},"properties":{"anio":2017}},{"type":"Feature","geometry":{"type":"Point","coordinates":[-4.41966,36.72274]},"properties":{"anio":2017}},{"type":"Feature","geometry":{"type":"Point","coordinates":[-4.42688,36.71554]},"properties":{"anio":2017}},{"type":"Feature","geometry":{"type":"Point","coordinates":[-4.42392,36.716]},"properties":{"anio":2017}},{"type":"Feature","geometry":{"type":"Point","coordinates":[-4.42233,36.71739]},"properties":{"anio":2017}},{"type":"Feature","geometry":{"type":"Point","coordinates":[-4.42278,36.71941]},"properties":{"anio":2017}},{"type":"Feature","geometry":{"type":"Point","coordinates":[-4.42366,36.71909]},"properties":{"anio":2017}},{"type":"Feature","geometry":{"type":"Point","coordinates":[-4.41738,36.72193]},"properties":{"anio":2017}},{"type":"Feature","geometry":{"type":"Point","coordinates":[-4.41738,36.72193]},"properties":{"anio":2017}},{"type":"Feature","geometry":{"type":"Point","coordinates":[-4.41738,36.72193]},"properties":{"anio":2017}},{"type":"Feature","geometry":{"type":"Point","coordinates":[-4.41132,36.72763]},"properties":{"anio":2017}},{"type":"Feature","geometry":{"type":"Point","coordinates":[-4.42398,36.72144]},"properties":{"anio":2017}},{"type":"Feature","geometry":{"type":"Point","coordinates":[-4.41345,36.72557]},"properties":{"anio":2017}},{"type":"Feature","geometry":{"type":"Point","coordinates":[-4.42368,36.7199]},"properties":{"anio":2017}},{"type":"Feature","geometry":{"type":"Point","coordinates":[-4.42403,36.7227]},"properties":{"anio":2017}},{"type":"Feature","geometry":{"type":"Point","coordinates":[-4.41579,36.73006]},"properties":{"anio":2017}},{"type":"Feature","geometry":{"type":"Point","coordinates":[-4.43232,36.72026]},"properties":{"anio":2017}},{"type":"Feature","geometry":{"type":"Point","coordinates":[-4.42368,36.7199]},"properties":{"anio":2017}},{"type":"Feature","geometry":{"type":"Point","coordinates":[-4.42752,36.71314]},"properties":{"anio":2017}},{"type":"Feature","geometry":{"type":"Point","coordinates":[-4.42368,36.7199]},"properties":{"anio":2017}},{"type":"Feature","geometry":{"type":"Point","coordinates":[-4.42261,36.72319]},"properties":{"anio":2017}},{"type":"Feature","geometry":{"type":"Point","coordinates":[-4.40481,36.72095]},"properties":{"anio":2017}},{"type":"Feature","geometry":{"type":"Point","coordinates":[-4.4158,36.73112]},"properties":{"anio":2017}},{"type":"Feature","geometry":{"type":"Point","coordinates":[-4.42052,36.7262]},"properties":{"anio":2017}},{"type":"Feature","geometry":{"type":"Point","coordinates":[-4.41738,36.72193]},"properties":{"anio":2017}},{"type":"Feature","geometry":{"type":"Point","coordinates":[-4.42479,36.72231]},"properties":{"anio":2017}},{"type":"Feature","geometry":{"type":"Point","coordinates":[-4.41982,36.72583]},"properties":{"anio":2017}},{"type":"Feature","geometry":{"type":"Point","coordinates":[-4.41982,36.72583]},"properties":{"anio":2017}},{"type":"Feature","geometry":{"type":"Point","coordinates":[-4.41738,36.72193]},"properties":{"anio":2017}},{"type":"Feature","geometry":{"type":"Point","coordinates":[-4.4207,36.72316]},"properties":{"anio":2017}},{"type":"Feature","geometry":{"type":"Point","coordinates":[-4.42458,36.72126]},"properties":{"anio":2017}},{"type":"Feature","geometry":{"type":"Point","coordinates":[-4.41641,36.72432]},"properties":{"anio":2017}},{"type":"Feature","geometry":{"type":"Point","coordinates":[-4.41108,36.72658]},"properties":{"anio":2017}},{"type":"Feature","geometry":{"type":"Point","coordinates":[-4.41738,36.72193]},"properties":{"anio":2017}},{"type":"Feature","geometry":{"type":"Point","coordinates":[-4.41652,36.72358]},"properties":{"anio":2017}},{"type":"Feature","geometry":{"type":"Point","coordinates":[-4.41632,36.72401]},"properties":{"anio":2017}},{"type":"Feature","geometry":{"type":"Point","coordinates":[-4.41632,36.72401]},"properties":{"anio":2017}},{"type":"Feature","geometry":{"type":"Point","coordinates":[-4.42419,36.72293]},"properties":{"anio":2017}},{"type":"Feature","geometry":{"type":"Point","coordinates":[-4.42489,36.71945]},"properties":{"anio":2017}},{"type":"Feature","geometry":{"type":"Point","coordinates":[-4.42739,36.71403]},"properties":{"anio":2017}},{"type":"Feature","geometry":{"type":"Point","coordinates":[-4.41738,36.72193]},"properties":{"anio":2017}},{"type":"Feature","geometry":{"type":"Point","coordinates":[-4.42759,36.72384]},"properties":{"anio":2017}},{"type":"Feature","geometry":{"type":"Point","coordinates":[-4.43153,36.72376]},"properties":{"anio":2017}},{"type":"Feature","geometry":{"type":"Point","coordinates":[-4.41962,36.7251]},"properties":{"anio":2017}},{"type":"Feature","geometry":{"type":"Point","coordinates":[-4.42363,36.71942]},"properties":{"anio":2017}},{"type":"Feature","geometry":{"type":"Point","coordinates":[-4.42332,36.71956]},"properties":{"anio":2017}},{"type":"Feature","geometry":{"type":"Point","coordinates":[-4.42064,36.71953]},"properties":{"anio":2017}},{"type":"Feature","geometry":{"type":"Point","coordinates":[-4.41452,36.73001]},"properties":{"anio":2017}},{"type":"Feature","geometry":{"type":"Point","coordinates":[-4.41753,36.72209]},"properties":{"anio":2017}},{"type":"Feature","geometry":{"type":"Point","coordinates":[-4.41611,36.72999]},"properties":{"anio":2017}},{"type":"Feature","geometry":{"type":"Point","coordinates":[-4.42466,36.72714]},"properties":{"anio":2017}},{"type":"Feature","geometry":{"type":"Point","coordinates":[-4.41864,36.72418]},"properties":{"anio":2017}},{"type":"Feature","geometry":{"type":"Point","coordinates":[-4.42768,36.72648]},"properties":{"anio":2017}},{"type":"Feature","geometry":{"type":"Point","coordinates":[-4.41825,36.72191]},"properties":{"anio":2017}},{"type":"Feature","geometry":{"type":"Point","coordinates":[-4.42368,36.7199]},"properties":{"anio":2017}},{"type":"Feature","geometry":{"type":"Point","coordinates":[-4.42135,36.72426]},"properties":{"anio":2017}},{"type":"Feature","geometry":{"type":"Point","coordinates":[-4.42109,36.72133]},"properties":{"anio":2017}},{"type":"Feature","geometry":{"type":"Point","coordinates":[-4.42284,36.72018]},"properties":{"anio":2017}},{"type":"Feature","geometry":{"type":"Point","coordinates":[-4.42312,36.72379]},"properties":{"anio":2017}},{"type":"Feature","geometry":{"type":"Point","coordinates":[-4.42523,36.71856]},"properties":{"anio":2017}},{"type":"Feature","geometry":{"type":"Point","coordinates":[-4.4098,36.72797]},"properties":{"anio":2017}},{"type":"Feature","geometry":{"type":"Point","coordinates":[-4.41178,36.71836]},"properties":{"anio":2017}},{"type":"Feature","geometry":{"type":"Point","coordinates":[-4.41419,36.7278]},"properties":{"anio":2017}},{"type":"Feature","geometry":{"type":"Point","coordinates":[-4.41889,36.72536]},"properties":{"anio":2017}},{"type":"Feature","geometry":{"type":"Point","coordinates":[-4.42699,36.72245]},"properties":{"anio":2017}},{"type":"Feature","geometry":{"type":"Point","coordinates":[-4.42342,36.72121]},"properties":{"anio":2017}},{"type":"Feature","geometry":{"type":"Point","coordinates":[-4.42236,36.72445]},"properties":{"anio":2017}},{"type":"Feature","geometry":{"type":"Point","coordinates":[-4.42041,36.72412]},"properties":{"anio":2017}},{"type":"Feature","geometry":{"type":"Point","coordinates":[-4.4188,36.72518]},"properties":{"anio":2017}},{"type":"Feature","geometry":{"type":"Point","coordinates":[-4.42699,36.71264]},"properties":{"anio":2017}},{"type":"Feature","geometry":{"type":"Point","coordinates":[-4.42363,36.72063]},"properties":{"anio":2017}},{"type":"Feature","geometry":{"type":"Point","coordinates":[-4.42368,36.71934]},"properties":{"anio":2017}},{"type":"Feature","geometry":{"type":"Point","coordinates":[-4.41974,36.72465]},"properties":{"anio":2017}},{"type":"Feature","geometry":{"type":"Point","coordinates":[-4.41497,36.73237]},"properties":{"anio":2017}},{"type":"Feature","geometry":{"type":"Point","coordinates":[-4.42374,36.72928]},"properties":{"anio":2017}},{"type":"Feature","geometry":{"type":"Point","coordinates":[-4.42458,36.71413]},"properties":{"anio":2017}},{"type":"Feature","geometry":{"type":"Point","coordinates":[-4.42314,36.71457]},"properties":{"anio":2017}},{"type":"Feature","geometry":{"type":"Point","coordinates":[-4.41457,36.72873]},"properties":{"anio":2017}},{"type":"Feature","geometry":{"type":"Point","coordinates":[-4.41397,36.72559]},"properties":{"anio":2017}},{"type":"Feature","geometry":{"type":"Point","coordinates":[-4.42052,36.7262]},"properties":{"anio":2017}},{"type":"Feature","geometry":{"type":"Point","coordinates":[-4.42403,36.7227]},"properties":{"anio":2017}},{"type":"Feature","geometry":{"type":"Point","coordinates":[-4.41449,36.72574]},"properties":{"anio":2017}},{"type":"Feature","geometry":{"type":"Point","coordinates":[-4.41449,36.72574]},"properties":{"anio":2017}},{"type":"Feature","geometry":{"type":"Point","coordinates":[-4.41982,36.72583]},"properties":{"anio":2017}},{"type":"Feature","geometry":{"type":"Point","coordinates":[-4.42251,36.72077]},"properties":{"anio":2017}},{"type":"Feature","geometry":{"type":"Point","coordinates":[-4.41806,36.72374]},"properties":{"anio":2017}},{"type":"Feature","geometry":{"type":"Point","coordinates":[-4.41453,36.73119]},"properties":{"anio":2017}},{"type":"Feature","geometry":{"type":"Point","coordinates":[-4.42476,36.72367]},"properties":{"anio":2017}},{"type":"Feature","geometry":{"type":"Point","coordinates":[-4.42476,36.72367]},"properties":{"anio":2017}},{"type":"Feature","geometry":{"type":"Point","coordinates":[-4.42189,36.7241]},"properties":{"anio":2017}},{"type":"Feature","geometry":{"type":"Point","coordinates":[-4.42342,36.72121]},"properties":{"anio":2017}},{"type":"Feature","geometry":{"type":"Point","coordinates":[-4.41884,36.72097]},"properties":{"anio":2017}},{"type":"Feature","geometry":{"type":"Point","coordinates":[-4.41342,36.72969]},"properties":{"anio":2017}},{"type":"Feature","geometry":{"type":"Point","coordinates":[-4.41887,36.72514]},"properties":{"anio":2017}},{"type":"Feature","geometry":{"type":"Point","coordinates":[-4.42052,36.7262]},"properties":{"anio":2017}},{"type":"Feature","geometry":{"type":"Point","coordinates":[-4.4224,36.72366]},"properties":{"anio":2017}},{"type":"Feature","geometry":{"type":"Point","coordinates":[-4.42398,36.72144]},"properties":{"anio":2017}},{"type":"Feature","geometry":{"type":"Point","coordinates":[-4.42397,36.728]},"properties":{"anio":2017}},{"type":"Feature","geometry":{"type":"Point","coordinates":[-4.41886,36.73024]},"properties":{"anio":2017}},{"type":"Feature","geometry":{"type":"Point","coordinates":[-4.42247,36.72528]},"properties":{"anio":2017}},{"type":"Feature","geometry":{"type":"Point","coordinates":[-4.42874,36.71185]},"properties":{"anio":2017}},{"type":"Feature","geometry":{"type":"Point","coordinates":[-4.42374,36.71974]},"properties":{"anio":2017}},{"type":"Feature","geometry":{"type":"Point","coordinates":[-4.42035,36.72621]},"properties":{"anio":2017}},{"type":"Feature","geometry":{"type":"Point","coordinates":[-4.42035,36.72621]},"properties":{"anio":2017}},{"type":"Feature","geometry":{"type":"Point","coordinates":[-4.42024,36.72521]},"properties":{"anio":2017}},{"type":"Feature","geometry":{"type":"Point","coordinates":[-4.4237,36.73066]},"properties":{"anio":2017}},{"type":"Feature","geometry":{"type":"Point","coordinates":[-4.42506,36.71966]},"properties":{"anio":2017}},{"type":"Feature","geometry":{"type":"Point","coordinates":[-4.41866,36.72426]},"properties":{"anio":2017}},{"type":"Feature","geometry":{"type":"Point","coordinates":[-4.42867,36.72168]},"properties":{"anio":2017}},{"type":"Feature","geometry":{"type":"Point","coordinates":[-4.42515,36.72211]},"properties":{"anio":2017}},{"type":"Feature","geometry":{"type":"Point","coordinates":[-4.41617,36.73576]},"properties":{"anio":2017}},{"type":"Feature","geometry":{"type":"Point","coordinates":[-4.42024,36.72521]},"properties":{"anio":2017}},{"type":"Feature","geometry":{"type":"Point","coordinates":[-4.42024,36.72521]},"properties":{"anio":2017}},{"type":"Feature","geometry":{"type":"Point","coordinates":[-4.42024,36.72521]},"properties":{"anio":2017}},{"type":"Feature","geometry":{"type":"Point","coordinates":[-4.42024,36.72521]},"properties":{"anio":2017}},{"type":"Feature","geometry":{"type":"Point","coordinates":[-4.42041,36.72412]},"properties":{"anio":2017}},{"type":"Feature","geometry":{"type":"Point","coordinates":[-4.42093,36.7251]},"properties":{"anio":2017}},{"type":"Feature","geometry":{"type":"Point","coordinates":[-4.41125,36.71744]},"properties":{"anio":2017}},{"type":"Feature","geometry":{"type":"Point","coordinates":[-4.40814,36.71902]},"properties":{"anio":2017}},{"type":"Feature","geometry":{"type":"Point","coordinates":[-4.43007,36.72246]},"properties":{"anio":2017}},{"type":"Feature","geometry":{"type":"Point","coordinates":[-4.42496,36.72252]},"properties":{"anio":2017}},{"type":"Feature","geometry":{"type":"Point","coordinates":[-4.43007,36.72246]},"properties":{"anio":2017}},{"type":"Feature","geometry":{"type":"Point","coordinates":[-4.42431,36.71594]},"properties":{"anio":2017}},{"type":"Feature","geometry":{"type":"Point","coordinates":[-4.41254,36.72729]},"properties":{"anio":2017}},{"type":"Feature","geometry":{"type":"Point","coordinates":[-4.41186,36.72594]},"properties":{"anio":2017}},{"type":"Feature","geometry":{"type":"Point","coordinates":[-4.41559,36.72398]},"properties":{"anio":2017}},{"type":"Feature","geometry":{"type":"Point","coordinates":[-4.42096,36.72126]},"properties":{"anio":2017}},{"type":"Feature","geometry":{"type":"Point","coordinates":[-4.41382,36.72563]},"properties":{"anio":2017}},{"type":"Feature","geometry":{"type":"Point","coordinates":[-4.42263,36.7183]},"properties":{"anio":2017}},{"type":"Feature","geometry":{"type":"Point","coordinates":[-4.42254,36.72272]},"properties":{"anio":2017}},{"type":"Feature","geometry":{"type":"Point","coordinates":[-4.41906,36.72288]},"properties":{"anio":2017}},{"type":"Feature","geometry":{"type":"Point","coordinates":[-4.41945,36.72234]},"properties":{"anio":2017}},{"type":"Feature","geometry":{"type":"Point","coordinates":[-4.42195,36.71659]},"properties":{"anio":2017}},{"type":"Feature","geometry":{"type":"Point","coordinates":[-4.42195,36.71659]},"properties":{"anio":2017}},{"type":"Feature","geometry":{"type":"Point","coordinates":[-4.42894,36.72677]},"properties":{"anio":2017}},{"type":"Feature","geometry":{"type":"Point","coordinates":[-4.42175,36.72438]},"properties":{"anio":2017}},{"type":"Feature","geometry":{"type":"Point","coordinates":[-4.42496,36.72252]},"properties":{"anio":2017}},{"type":"Feature","geometry":{"type":"Point","coordinates":[-4.41911,36.72224]},"properties":{"anio":2017}},{"type":"Feature","geometry":{"type":"Point","coordinates":[-4.41897,36.72203]},"properties":{"anio":2017}},{"type":"Feature","geometry":{"type":"Point","coordinates":[-4.40566,36.72043]},"properties":{"anio":2017}},{"type":"Feature","geometry":{"type":"Point","coordinates":[-4.42311,36.72252]},"properties":{"anio":2017}},{"type":"Feature","geometry":{"type":"Point","coordinates":[-4.41237,36.71731]},"properties":{"anio":2017}},{"type":"Feature","geometry":{"type":"Point","coordinates":[-4.4237,36.72407]},"properties":{"anio":2017}},{"type":"Feature","geometry":{"type":"Point","coordinates":[-4.4213,36.72618]},"properties":{"anio":2017}},{"type":"Feature","geometry":{"type":"Point","coordinates":[-4.41108,36.72658]},"properties":{"anio":2017}},{"type":"Feature","geometry":{"type":"Point","coordinates":[-4.41444,36.72593]},"properties":{"anio":2017}},{"type":"Feature","geometry":{"type":"Point","coordinates":[-4.42219,36.72247]},"properties":{"anio":2017}},{"type":"Feature","geometry":{"type":"Point","coordinates":[-4.40914,36.71917]},"properties":{"anio":2017}},{"type":"Feature","geometry":{"type":"Point","coordinates":[-4.42072,36.72884]},"properties":{"anio":2017}},{"type":"Feature","geometry":{"type":"Point","coordinates":[-4.42392,36.72414]},"properties":{"anio":2017}},{"type":"Feature","geometry":{"type":"Point","coordinates":[-4.4197,36.7254]},"properties":{"anio":2017}},{"type":"Feature","geometry":{"type":"Point","coordinates":[-4.42418,36.71925]},"properties":{"anio":2017}},{"type":"Feature","geometry":{"type":"Point","coordinates":[-4.41982,36.72583]},"properties":{"anio":2017}},{"type":"Feature","geometry":{"type":"Point","coordinates":[-4.41806,36.72374]},"properties":{"anio":2017}},{"type":"Feature","geometry":{"type":"Point","coordinates":[-4.41857,36.72559]},"properties":{"anio":2017}},{"type":"Feature","geometry":{"type":"Point","coordinates":[-4.42876,36.72354]},"properties":{"anio":2017}},{"type":"Feature","geometry":{"type":"Point","coordinates":[-4.41808,36.72572]},"properties":{"anio":2017}},{"type":"Feature","geometry":{"type":"Point","coordinates":[-4.40481,36.72095]},"properties":{"anio":2017}},{"type":"Feature","geometry":{"type":"Point","coordinates":[-4.4197,36.7254]},"properties":{"anio":2017}},{"type":"Feature","geometry":{"type":"Point","coordinates":[-4.42235,36.72411]},"properties":{"anio":2017}},{"type":"Feature","geometry":{"type":"Point","coordinates":[-4.42533,36.71764]},"properties":{"anio":2017}},{"type":"Feature","geometry":{"type":"Point","coordinates":[-4.4194,36.7234]},"properties":{"anio":2017}},{"type":"Feature","geometry":{"type":"Point","coordinates":[-4.41441,36.73076]},"properties":{"anio":2017}},{"type":"Feature","geometry":{"type":"Point","coordinates":[-4.41982,36.72583]},"properties":{"anio":2017}},{"type":"Feature","geometry":{"type":"Point","coordinates":[-4.41982,36.72583]},"properties":{"anio":2017}},{"type":"Feature","geometry":{"type":"Point","coordinates":[-4.42234,36.71551]},"properties":{"anio":2017}},{"type":"Feature","geometry":{"type":"Point","coordinates":[-4.42311,36.71922]},"properties":{"anio":2017}},{"type":"Feature","geometry":{"type":"Point","coordinates":[-4.4194,36.7234]},"properties":{"anio":2017}},{"type":"Feature","geometry":{"type":"Point","coordinates":[-4.41882,36.72266]},"properties":{"anio":2017}},{"type":"Feature","geometry":{"type":"Point","coordinates":[-4.43131,36.72156]},"properties":{"anio":2017}},{"type":"Feature","geometry":{"type":"Point","coordinates":[-4.42072,36.72858]},"properties":{"anio":2017}},{"type":"Feature","geometry":{"type":"Point","coordinates":[-4.42005,36.72557]},"properties":{"anio":2017}},{"type":"Feature","geometry":{"type":"Point","coordinates":[-4.42121,36.7197]},"properties":{"anio":2017}},{"type":"Feature","geometry":{"type":"Point","coordinates":[-4.42178,36.72625]},"properties":{"anio":2017}},{"type":"Feature","geometry":{"type":"Point","coordinates":[-4.41503,36.72785]},"properties":{"anio":2018}},{"type":"Feature","geometry":{"type":"Point","coordinates":[-4.41178,36.71688]},"properties":{"anio":2018}},{"type":"Feature","geometry":{"type":"Point","coordinates":[-4.42024,36.72521]},"properties":{"anio":2018}},{"type":"Feature","geometry":{"type":"Point","coordinates":[-4.42368,36.7199]},"properties":{"anio":2018}},{"type":"Feature","geometry":{"type":"Point","coordinates":[-4.41629,36.72573]},"properties":{"anio":2018}},{"type":"Feature","geometry":{"type":"Point","coordinates":[-4.42832,36.72249]},"properties":{"anio":2018}},{"type":"Feature","geometry":{"type":"Point","coordinates":[-4.4155,36.73398]},"properties":{"anio":2018}},{"type":"Feature","geometry":{"type":"Point","coordinates":[-4.42536,36.71634]},"properties":{"anio":2018}},{"type":"Feature","geometry":{"type":"Point","coordinates":[-4.41893,36.72502]},"properties":{"anio":2018}},{"type":"Feature","geometry":{"type":"Point","coordinates":[-4.41893,36.72502]},"properties":{"anio":2018}},{"type":"Feature","geometry":{"type":"Point","coordinates":[-4.41893,36.72502]},"properties":{"anio":2018}},{"type":"Feature","geometry":{"type":"Point","coordinates":[-4.42207,36.72425]},"properties":{"anio":2018}},{"type":"Feature","geometry":{"type":"Point","coordinates":[-4.42383,36.7263]},"properties":{"anio":2018}},{"type":"Feature","geometry":{"type":"Point","coordinates":[-4.4237,36.72407]},"properties":{"anio":2018}},{"type":"Feature","geometry":{"type":"Point","coordinates":[-4.42235,36.72411]},"properties":{"anio":2018}},{"type":"Feature","geometry":{"type":"Point","coordinates":[-4.42398,36.71493]},"properties":{"anio":2018}},{"type":"Feature","geometry":{"type":"Point","coordinates":[-4.41571,36.72431]},"properties":{"anio":2018}},{"type":"Feature","geometry":{"type":"Point","coordinates":[-4.41382,36.72563]},"properties":{"anio":2018}},{"type":"Feature","geometry":{"type":"Point","coordinates":[-4.42418,36.71925]},"properties":{"anio":2018}},{"type":"Feature","geometry":{"type":"Point","coordinates":[-4.4119,36.72955]},"properties":{"anio":2018}},{"type":"Feature","geometry":{"type":"Point","coordinates":[-4.42676,36.71349]},"properties":{"anio":2018}},{"type":"Feature","geometry":{"type":"Point","coordinates":[-4.42194,36.72197]},"properties":{"anio":2018}},{"type":"Feature","geometry":{"type":"Point","coordinates":[-4.42038,36.72367]},"properties":{"anio":2018}},{"type":"Feature","geometry":{"type":"Point","coordinates":[-4.41406,36.72969]},"properties":{"anio":2018}},{"type":"Feature","geometry":{"type":"Point","coordinates":[-4.4216,36.72107]},"properties":{"anio":2018}},{"type":"Feature","geometry":{"type":"Point","coordinates":[-4.4216,36.72107]},"properties":{"anio":2018}},{"type":"Feature","geometry":{"type":"Point","coordinates":[-4.4216,36.72107]},"properties":{"anio":2018}},{"type":"Feature","geometry":{"type":"Point","coordinates":[-4.41898,36.72175]},"properties":{"anio":2018}},{"type":"Feature","geometry":{"type":"Point","coordinates":[-4.41046,36.71938]},"properties":{"anio":2018}},{"type":"Feature","geometry":{"type":"Point","coordinates":[-4.42236,36.72247]},"properties":{"anio":2018}},{"type":"Feature","geometry":{"type":"Point","coordinates":[-4.41801,36.724]},"properties":{"anio":2018}},{"type":"Feature","geometry":{"type":"Point","coordinates":[-4.42326,36.72386]},"properties":{"anio":2018}},{"type":"Feature","geometry":{"type":"Point","coordinates":[-4.41919,36.72579]},"properties":{"anio":2018}},{"type":"Feature","geometry":{"type":"Point","coordinates":[-4.41412,36.7285]},"properties":{"anio":2018}},{"type":"Feature","geometry":{"type":"Point","coordinates":[-4.41997,36.72425]},"properties":{"anio":2018}},{"type":"Feature","geometry":{"type":"Point","coordinates":[-4.41301,36.72661]},"properties":{"anio":2018}},{"type":"Feature","geometry":{"type":"Point","coordinates":[-4.42558,36.72719]},"properties":{"anio":2018}},{"type":"Feature","geometry":{"type":"Point","coordinates":[-4.42331,36.71686]},"properties":{"anio":2018}},{"type":"Feature","geometry":{"type":"Point","coordinates":[-4.4226,36.72058]},"properties":{"anio":2018}},{"type":"Feature","geometry":{"type":"Point","coordinates":[-4.42437,36.73008]},"properties":{"anio":2018}},{"type":"Feature","geometry":{"type":"Point","coordinates":[-4.42436,36.73004]},"properties":{"anio":2018}},{"type":"Feature","geometry":{"type":"Point","coordinates":[-4.41982,36.72679]},"properties":{"anio":2018}},{"type":"Feature","geometry":{"type":"Point","coordinates":[-4.42406,36.72311]},"properties":{"anio":2018}},{"type":"Feature","geometry":{"type":"Point","coordinates":[-4.42064,36.72329]},"properties":{"anio":2018}},{"type":"Feature","geometry":{"type":"Point","coordinates":[-4.43007,36.72336]},"properties":{"anio":2018}},{"type":"Feature","geometry":{"type":"Point","coordinates":[-4.4275,36.725]},"properties":{"anio":2018}},{"type":"Feature","geometry":{"type":"Point","coordinates":[-4.42323,36.71686]},"properties":{"anio":2018}},{"type":"Feature","geometry":{"type":"Point","coordinates":[-4.42311,36.72252]},"properties":{"anio":2018}},{"type":"Feature","geometry":{"type":"Point","coordinates":[-4.41432,36.72925]},"properties":{"anio":2018}},{"type":"Feature","geometry":{"type":"Point","coordinates":[-4.42699,36.72245]},"properties":{"anio":2018}},{"type":"Feature","geometry":{"type":"Point","coordinates":[-4.41126,36.71815]},"properties":{"anio":2018}},{"type":"Feature","geometry":{"type":"Point","coordinates":[-4.41895,36.72423]},"properties":{"anio":2018}},{"type":"Feature","geometry":{"type":"Point","coordinates":[-4.42368,36.7199]},"properties":{"anio":2018}},{"type":"Feature","geometry":{"type":"Point","coordinates":[-4.41178,36.72139]},"properties":{"anio":2018}},{"type":"Feature","geometry":{"type":"Point","coordinates":[-4.42235,36.72411]},"properties":{"anio":2018}},{"type":"Feature","geometry":{"type":"Point","coordinates":[-4.41982,36.72583]},"properties":{"anio":2018}},{"type":"Feature","geometry":{"type":"Point","coordinates":[-4.4156,36.72606]},"properties":{"anio":2018}},{"type":"Feature","geometry":{"type":"Point","coordinates":[-4.41046,36.71938]},"properties":{"anio":2018}},{"type":"Feature","geometry":{"type":"Point","coordinates":[-4.4086,36.71947]},"properties":{"anio":2018}},{"type":"Feature","geometry":{"type":"Point","coordinates":[-4.42283,36.7247]},"properties":{"anio":2018}},{"type":"Feature","geometry":{"type":"Point","coordinates":[-4.41982,36.72583]},"properties":{"anio":2018}},{"type":"Feature","geometry":{"type":"Point","coordinates":[-4.41985,36.72297]},"properties":{"anio":2018}},{"type":"Feature","geometry":{"type":"Point","coordinates":[-4.43069,36.72574]},"properties":{"anio":2018}},{"type":"Feature","geometry":{"type":"Point","coordinates":[-4.4139,36.72555]},"properties":{"anio":2018}},{"type":"Feature","geometry":{"type":"Point","coordinates":[-4.41417,36.72566]},"properties":{"anio":2018}},{"type":"Feature","geometry":{"type":"Point","coordinates":[-4.42403,36.7227]},"properties":{"anio":2018}},{"type":"Feature","geometry":{"type":"Point","coordinates":[-4.42266,36.72541]},"properties":{"anio":2018}},{"type":"Feature","geometry":{"type":"Point","coordinates":[-4.42254,36.72272]},"properties":{"anio":2018}},{"type":"Feature","geometry":{"type":"Point","coordinates":[-4.42058,36.72363]},"properties":{"anio":2018}},{"type":"Feature","geometry":{"type":"Point","coordinates":[-4.42129,36.72181]},"properties":{"anio":2018}},{"type":"Feature","geometry":{"type":"Point","coordinates":[-4.42441,36.72011]},"properties":{"anio":2018}},{"type":"Feature","geometry":{"type":"Point","coordinates":[-4.42506,36.71966]},"properties":{"anio":2018}},{"type":"Feature","geometry":{"type":"Point","coordinates":[-4.42015,36.72642]},"properties":{"anio":2018}},{"type":"Feature","geometry":{"type":"Point","coordinates":[-4.40973,36.72104]},"properties":{"anio":2018}},{"type":"Feature","geometry":{"type":"Point","coordinates":[-4.41254,36.72729]},"properties":{"anio":2018}},{"type":"Feature","geometry":{"type":"Point","coordinates":[-4.41467,36.72482]},"properties":{"anio":2018}},{"type":"Feature","geometry":{"type":"Point","coordinates":[-4.42881,36.71962]},"properties":{"anio":2018}},{"type":"Feature","geometry":{"type":"Point","coordinates":[-4.4213,36.72618]},"properties":{"anio":2018}},{"type":"Feature","geometry":{"type":"Point","coordinates":[-4.42823,36.71823]},"properties":{"anio":2018}},{"type":"Feature","geometry":{"type":"Point","coordinates":[-4.4251,36.72335]},"properties":{"anio":2018}},{"type":"Feature","geometry":{"type":"Point","coordinates":[-4.4251,36.72335]},"properties":{"anio":2018}},{"type":"Feature","geometry":{"type":"Point","coordinates":[-4.41132,36.72763]},"properties":{"anio":2018}},{"type":"Feature","geometry":{"type":"Point","coordinates":[-4.42357,36.72113]},"properties":{"anio":2018}},{"type":"Feature","geometry":{"type":"Point","coordinates":[-4.41484,36.73302]},"properties":{"anio":2018}},{"type":"Feature","geometry":{"type":"Point","coordinates":[-4.42384,36.71472]},"properties":{"anio":2018}},{"type":"Feature","geometry":{"type":"Point","coordinates":[-4.42363,36.71466]},"properties":{"anio":2018}},{"type":"Feature","geometry":{"type":"Point","coordinates":[-4.41046,36.71938]},"properties":{"anio":2018}},{"type":"Feature","geometry":{"type":"Point","coordinates":[-4.41432,36.72925]},"properties":{"anio":2018}},{"type":"Feature","geometry":{"type":"Point","coordinates":[-4.41227,36.7277]},"properties":{"anio":2018}},{"type":"Feature","geometry":{"type":"Point","coordinates":[-4.42309,36.71657]},"properties":{"anio":2018}},{"type":"Feature","geometry":{"type":"Point","coordinates":[-4.41955,36.72432]},"properties":{"anio":2018}},{"type":"Feature","geometry":{"type":"Point","coordinates":[-4.42863,36.72104]},"properties":{"anio":2018}},{"type":"Feature","geometry":{"type":"Point","coordinates":[-4.41402,36.73015]},"properties":{"anio":2018}},{"type":"Feature","geometry":{"type":"Point","coordinates":[-4.42073,36.72697]},"properties":{"anio":2018}},{"type":"Feature","geometry":{"type":"Point","coordinates":[-4.42653,36.71126]},"properties":{"anio":2018}},{"type":"Feature","geometry":{"type":"Point","coordinates":[-4.41722,36.72377]},"properties":{"anio":2018}},{"type":"Feature","geometry":{"type":"Point","coordinates":[-4.41905,36.72136]},"properties":{"anio":2018}},{"type":"Feature","geometry":{"type":"Point","coordinates":[-4.42222,36.72057]},"properties":{"anio":2018}},{"type":"Feature","geometry":{"type":"Point","coordinates":[-4.4275,36.725]},"properties":{"anio":2018}},{"type":"Feature","geometry":{"type":"Point","coordinates":[-4.41889,36.72536]},"properties":{"anio":2018}},{"type":"Feature","geometry":{"type":"Point","coordinates":[-4.41718,36.72441]},"properties":{"anio":2018}},{"type":"Feature","geometry":{"type":"Point","coordinates":[-4.42723,36.72179]},"properties":{"anio":2018}},{"type":"Feature","geometry":{"type":"Point","coordinates":[-4.42269,36.7192]},"properties":{"anio":2018}},{"type":"Feature","geometry":{"type":"Point","coordinates":[-4.42184,36.72299]},"properties":{"anio":2018}},{"type":"Feature","geometry":{"type":"Point","coordinates":[-4.42372,36.72124]},"properties":{"anio":2018}},{"type":"Feature","geometry":{"type":"Point","coordinates":[-4.42083,36.72188]},"properties":{"anio":2018}},{"type":"Feature","geometry":{"type":"Point","coordinates":[-4.4248,36.71848]},"properties":{"anio":2018}},{"type":"Feature","geometry":{"type":"Point","coordinates":[-4.41942,36.71945]},"properties":{"anio":2018}},{"type":"Feature","geometry":{"type":"Point","coordinates":[-4.42066,36.72967]},"properties":{"anio":2018}},{"type":"Feature","geometry":{"type":"Point","coordinates":[-4.42081,36.72496]},"properties":{"anio":2018}},{"type":"Feature","geometry":{"type":"Point","coordinates":[-4.42361,36.71776]},"properties":{"anio":2018}},{"type":"Feature","geometry":{"type":"Point","coordinates":[-4.42212,36.71925]},"properties":{"anio":2018}},{"type":"Feature","geometry":{"type":"Point","coordinates":[-4.41345,36.72557]},"properties":{"anio":2018}},{"type":"Feature","geometry":{"type":"Point","coordinates":[-4.41564,36.72375]},"properties":{"anio":2018}},{"type":"Feature","geometry":{"type":"Point","coordinates":[-4.41753,36.72209]},"properties":{"anio":2018}},{"type":"Feature","geometry":{"type":"Point","coordinates":[-4.43007,36.72246]},"properties":{"anio":2018}},{"type":"Feature","geometry":{"type":"Point","coordinates":[-4.41242,36.72814]},"properties":{"anio":2018}},{"type":"Feature","geometry":{"type":"Point","coordinates":[-4.42511,36.72326]},"properties":{"anio":2018}},{"type":"Feature","geometry":{"type":"Point","coordinates":[-4.42503,36.72187]},"properties":{"anio":2018}},{"type":"Feature","geometry":{"type":"Point","coordinates":[-4.42783,36.72425]},"properties":{"anio":2018}},{"type":"Feature","geometry":{"type":"Point","coordinates":[-4.40928,36.7193]},"properties":{"anio":2018}},{"type":"Feature","geometry":{"type":"Point","coordinates":[-4.4217,36.71629]},"properties":{"anio":2018}},{"type":"Feature","geometry":{"type":"Point","coordinates":[-4.42361,36.71776]},"properties":{"anio":2018}},{"type":"Feature","geometry":{"type":"Point","coordinates":[-4.41516,36.73342]},"properties":{"anio":2018}},{"type":"Feature","geometry":{"type":"Point","coordinates":[-4.43004,36.71864]},"properties":{"anio":2018}},{"type":"Feature","geometry":{"type":"Point","coordinates":[-4.42304,36.71955]},"properties":{"anio":2018}},{"type":"Feature","geometry":{"type":"Point","coordinates":[-4.42304,36.71955]},"properties":{"anio":2018}},{"type":"Feature","geometry":{"type":"Point","coordinates":[-4.42024,36.72521]},"properties":{"anio":2018}},{"type":"Feature","geometry":{"type":"Point","coordinates":[-4.42132,36.71992]},"properties":{"anio":2018}},{"type":"Feature","geometry":{"type":"Point","coordinates":[-4.42979,36.72121]},"properties":{"anio":2018}},{"type":"Feature","geometry":{"type":"Point","coordinates":[-4.42867,36.72168]},"properties":{"anio":2018}},{"type":"Feature","geometry":{"type":"Point","coordinates":[-4.40896,36.72008]},"properties":{"anio":2018}},{"type":"Feature","geometry":{"type":"Point","coordinates":[-4.42071,36.72198]},"properties":{"anio":2018}},{"type":"Feature","geometry":{"type":"Point","coordinates":[-4.4275,36.725]},"properties":{"anio":2018}},{"type":"Feature","geometry":{"type":"Point","coordinates":[-4.42644,36.72314]},"properties":{"anio":2018}},{"type":"Feature","geometry":{"type":"Point","coordinates":[-4.42366,36.71963]},"properties":{"anio":2018}},{"type":"Feature","geometry":{"type":"Point","coordinates":[-4.43243,36.7223]},"properties":{"anio":2018}},{"type":"Feature","geometry":{"type":"Point","coordinates":[-4.42045,36.72247]},"properties":{"anio":2018}},{"type":"Feature","geometry":{"type":"Point","coordinates":[-4.41901,36.72362]},"properties":{"anio":2018}},{"type":"Feature","geometry":{"type":"Point","coordinates":[-4.41178,36.72716]},"properties":{"anio":2018}},{"type":"Feature","geometry":{"type":"Point","coordinates":[-4.4193,36.72674]},"properties":{"anio":2018}},{"type":"Feature","geometry":{"type":"Point","coordinates":[-4.42024,36.72521]},"properties":{"anio":2018}},{"type":"Feature","geometry":{"type":"Point","coordinates":[-4.42109,36.72133]},"properties":{"anio":2018}},{"type":"Feature","geometry":{"type":"Point","coordinates":[-4.4193,36.72674]},"properties":{"anio":2018}},{"type":"Feature","geometry":{"type":"Point","coordinates":[-4.42392,36.72414]},"properties":{"anio":2018}},{"type":"Feature","geometry":{"type":"Point","coordinates":[-4.42749,36.72174]},"properties":{"anio":2018}},{"type":"Feature","geometry":{"type":"Point","coordinates":[-4.4278,36.72523]},"properties":{"anio":2018}},{"type":"Feature","geometry":{"type":"Point","coordinates":[-4.42366,36.72543]},"properties":{"anio":2018}},{"type":"Feature","geometry":{"type":"Point","coordinates":[-4.41817,36.72034]},"properties":{"anio":2018}},{"type":"Feature","geometry":{"type":"Point","coordinates":[-4.42254,36.72192]},"properties":{"anio":2018}},{"type":"Feature","geometry":{"type":"Point","coordinates":[-4.41943,36.72534]},"properties":{"anio":2018}},{"type":"Feature","geometry":{"type":"Point","coordinates":[-4.42506,36.71473]},"properties":{"anio":2018}},{"type":"Feature","geometry":{"type":"Point","coordinates":[-4.42024,36.72521]},"properties":{"anio":2018}},{"type":"Feature","geometry":{"type":"Point","coordinates":[-4.42024,36.72521]},"properties":{"anio":2018}},{"type":"Feature","geometry":{"type":"Point","coordinates":[-4.41125,36.71744]},"properties":{"anio":2018}},{"type":"Feature","geometry":{"type":"Point","coordinates":[-4.41895,36.72423]},"properties":{"anio":2018}},{"type":"Feature","geometry":{"type":"Point","coordinates":[-4.42843,36.72094]},"properties":{"anio":2018}},{"type":"Feature","geometry":{"type":"Point","coordinates":[-4.41484,36.72786]},"properties":{"anio":2018}},{"type":"Feature","geometry":{"type":"Point","coordinates":[-4.42347,36.71514]},"properties":{"anio":2018}},{"type":"Feature","geometry":{"type":"Point","coordinates":[-4.42219,36.72503]},"properties":{"anio":2018}},{"type":"Feature","geometry":{"type":"Point","coordinates":[-4.41359,36.72566]},"properties":{"anio":2018}},{"type":"Feature","geometry":{"type":"Point","coordinates":[-4.42383,36.7263]},"properties":{"anio":2018}},{"type":"Feature","geometry":{"type":"Point","coordinates":[-4.41982,36.72583]},"properties":{"anio":2018}},{"type":"Feature","geometry":{"type":"Point","coordinates":[-4.41804,36.7254]},"properties":{"anio":2018}},{"type":"Feature","geometry":{"type":"Point","coordinates":[-4.42175,36.71734]},"properties":{"anio":2018}},{"type":"Feature","geometry":{"type":"Point","coordinates":[-4.42175,36.71734]},"properties":{"anio":2018}},{"type":"Feature","geometry":{"type":"Point","coordinates":[-4.41982,36.72583]},"properties":{"anio":2018}},{"type":"Feature","geometry":{"type":"Point","coordinates":[-4.42768,36.72648]},"properties":{"anio":2018}},{"type":"Feature","geometry":{"type":"Point","coordinates":[-4.41866,36.72005]},"properties":{"anio":2018}},{"type":"Feature","geometry":{"type":"Point","coordinates":[-4.42432,36.72516]},"properties":{"anio":2018}},{"type":"Feature","geometry":{"type":"Point","coordinates":[-4.40607,36.72493]},"properties":{"anio":2018}},{"type":"Feature","geometry":{"type":"Point","coordinates":[-4.41125,36.71744]},"properties":{"anio":2018}},{"type":"Feature","geometry":{"type":"Point","coordinates":[-4.42155,36.72396]},"properties":{"anio":2018}},{"type":"Feature","geometry":{"type":"Point","coordinates":[-4.42474,36.7148]},"properties":{"anio":2018}},{"type":"Feature","geometry":{"type":"Point","coordinates":[-4.42439,36.71343]},"properties":{"anio":2018}},{"type":"Feature","geometry":{"type":"Point","coordinates":[-4.42096,36.72756]},"properties":{"anio":2018}},{"type":"Feature","geometry":{"type":"Point","coordinates":[-4.42254,36.72272]},"properties":{"anio":2018}},{"type":"Feature","geometry":{"type":"Point","coordinates":[-4.41985,36.72297]},"properties":{"anio":2018}},{"type":"Feature","geometry":{"type":"Point","coordinates":[-4.42311,36.72431]},"properties":{"anio":2018}},{"type":"Feature","geometry":{"type":"Point","coordinates":[-4.42227,36.72003]},"properties":{"anio":2018}},{"type":"Feature","geometry":{"type":"Point","coordinates":[-4.41429,36.73449]},"properties":{"anio":2018}},{"type":"Feature","geometry":{"type":"Point","coordinates":[-4.41429,36.73449]},"properties":{"anio":2018}},{"type":"Feature","geometry":{"type":"Point","coordinates":[-4.41429,36.73449]},"properties":{"anio":2018}},{"type":"Feature","geometry":{"type":"Point","coordinates":[-4.41429,36.73449]},"properties":{"anio":2018}},{"type":"Feature","geometry":{"type":"Point","coordinates":[-4.42045,36.72247]},"properties":{"anio":2018}},{"type":"Feature","geometry":{"type":"Point","coordinates":[-4.41621,36.72448]},"properties":{"anio":2018}},{"type":"Feature","geometry":{"type":"Point","coordinates":[-4.42331,36.71941]},"properties":{"anio":2018}},{"type":"Feature","geometry":{"type":"Point","coordinates":[-4.41775,36.73646]},"properties":{"anio":2018}},{"type":"Feature","geometry":{"type":"Point","coordinates":[-4.42474,36.72287]},"properties":{"anio":2018}},{"type":"Feature","geometry":{"type":"Point","coordinates":[-4.41889,36.72536]},"properties":{"anio":2018}},{"type":"Feature","geometry":{"type":"Point","coordinates":[-4.42689,36.72313]},"properties":{"anio":2018}},{"type":"Feature","geometry":{"type":"Point","coordinates":[-4.40813,36.7214]},"properties":{"anio":2018}},{"type":"Feature","geometry":{"type":"Point","coordinates":[-4.42073,36.72697]},"properties":{"anio":2018}},{"type":"Feature","geometry":{"type":"Point","coordinates":[-4.41178,36.71836]},"properties":{"anio":2018}},{"type":"Feature","geometry":{"type":"Point","coordinates":[-4.42093,36.71847]},"properties":{"anio":2018}},{"type":"Feature","geometry":{"type":"Point","coordinates":[-4.42474,36.7148]},"properties":{"anio":2018}},{"type":"Feature","geometry":{"type":"Point","coordinates":[-4.42144,36.71908]},"properties":{"anio":2018}},{"type":"Feature","geometry":{"type":"Point","coordinates":[-4.42185,36.72281]},"properties":{"anio":2018}},{"type":"Feature","geometry":{"type":"Point","coordinates":[-4.41652,36.72358]},"properties":{"anio":2018}},{"type":"Feature","geometry":{"type":"Point","coordinates":[-4.4159,36.72491]},"properties":{"anio":2018}},{"type":"Feature","geometry":{"type":"Point","coordinates":[-4.4159,36.72491]},"properties":{"anio":2018}},{"type":"Feature","geometry":{"type":"Point","coordinates":[-4.42395,36.71943]},"properties":{"anio":2018}},{"type":"Feature","geometry":{"type":"Point","coordinates":[-4.41046,36.71938]},"properties":{"anio":2018}},{"type":"Feature","geometry":{"type":"Point","coordinates":[-4.422,36.72059]},"properties":{"anio":2018}},{"type":"Feature","geometry":{"type":"Point","coordinates":[-4.42024,36.72521]},"properties":{"anio":2018}},{"type":"Feature","geometry":{"type":"Point","coordinates":[-4.41917,36.7297]},"properties":{"anio":2018}},{"type":"Feature","geometry":{"type":"Point","coordinates":[-4.42342,36.72121]},"properties":{"anio":2018}},{"type":"Feature","geometry":{"type":"Point","coordinates":[-4.4213,36.72319]},"properties":{"anio":2018}},{"type":"Feature","geometry":{"type":"Point","coordinates":[-4.41791,36.72053]},"properties":{"anio":2018}},{"type":"Feature","geometry":{"type":"Point","coordinates":[-4.41865,36.72337]},"properties":{"anio":2018}},{"type":"Feature","geometry":{"type":"Point","coordinates":[-4.41889,36.72536]},"properties":{"anio":2018}},{"type":"Feature","geometry":{"type":"Point","coordinates":[-4.41834,36.72225]},"properties":{"anio":2018}},{"type":"Feature","geometry":{"type":"Point","coordinates":[-4.41184,36.72697]},"properties":{"anio":2018}},{"type":"Feature","geometry":{"type":"Point","coordinates":[-4.42422,36.72024]},"properties":{"anio":2018}},{"type":"Feature","geometry":{"type":"Point","coordinates":[-4.42383,36.7263]},"properties":{"anio":2018}},{"type":"Feature","geometry":{"type":"Point","coordinates":[-4.42989,36.72516]},"properties":{"anio":2018}},{"type":"Feature","geometry":{"type":"Point","coordinates":[-4.42305,36.71519]},"properties":{"anio":2018}},{"type":"Feature","geometry":{"type":"Point","coordinates":[-4.42244,36.73038]},"properties":{"anio":2018}},{"type":"Feature","geometry":{"type":"Point","coordinates":[-4.4287,36.71161]},"properties":{"anio":2018}},{"type":"Feature","geometry":{"type":"Point","coordinates":[-4.42477,36.72149]},"properties":{"anio":2018}},{"type":"Feature","geometry":{"type":"Point","coordinates":[-4.41997,36.72251]},"properties":{"anio":2018}},{"type":"Feature","geometry":{"type":"Point","coordinates":[-4.42942,36.7113]},"properties":{"anio":2018}},{"type":"Feature","geometry":{"type":"Point","coordinates":[-4.42366,36.7287]},"properties":{"anio":2018}},{"type":"Feature","geometry":{"type":"Point","coordinates":[-4.42024,36.72521]},"properties":{"anio":2018}},{"type":"Feature","geometry":{"type":"Point","coordinates":[-4.42254,36.72365]},"properties":{"anio":2018}},{"type":"Feature","geometry":{"type":"Point","coordinates":[-4.4159,36.72491]},"properties":{"anio":2018}},{"type":"Feature","geometry":{"type":"Point","coordinates":[-4.42729,36.72218]},"properties":{"anio":2018}},{"type":"Feature","geometry":{"type":"Point","coordinates":[-4.42474,36.7148]},"properties":{"anio":2018}},{"type":"Feature","geometry":{"type":"Point","coordinates":[-4.42511,36.72326]},"properties":{"anio":2018}},{"type":"Feature","geometry":{"type":"Point","coordinates":[-4.41808,36.72572]},"properties":{"anio":2018}},{"type":"Feature","geometry":{"type":"Point","coordinates":[-4.4247,36.72293]},"properties":{"anio":2018}},{"type":"Feature","geometry":{"type":"Point","coordinates":[-4.42064,36.72329]},"properties":{"anio":2018}},{"type":"Feature","geometry":{"type":"Point","coordinates":[-4.4278,36.72523]},"properties":{"anio":2018}},{"type":"Feature","geometry":{"type":"Point","coordinates":[-4.42785,36.72384]},"properties":{"anio":2018}},{"type":"Feature","geometry":{"type":"Point","coordinates":[-4.42472,36.71888]},"properties":{"anio":2018}},{"type":"Feature","geometry":{"type":"Point","coordinates":[-4.42471,36.72096]},"properties":{"anio":2018}},{"type":"Feature","geometry":{"type":"Point","coordinates":[-4.42207,36.72425]},"properties":{"anio":2018}},{"type":"Feature","geometry":{"type":"Point","coordinates":[-4.4197,36.7254]},"properties":{"anio":2018}},{"type":"Feature","geometry":{"type":"Point","coordinates":[-4.42812,36.72021]},"properties":{"anio":2018}},{"type":"Feature","geometry":{"type":"Point","coordinates":[-4.41632,36.72401]},"properties":{"anio":2018}},{"type":"Feature","geometry":{"type":"Point","coordinates":[-4.41876,36.72556]},"properties":{"anio":2018}},{"type":"Feature","geometry":{"type":"Point","coordinates":[-4.41942,36.71945]},"properties":{"anio":2018}},{"type":"Feature","geometry":{"type":"Point","coordinates":[-4.41178,36.71688]},"properties":{"anio":2018}},{"type":"Feature","geometry":{"type":"Point","coordinates":[-4.42103,36.7203]},"properties":{"anio":2018}},{"type":"Feature","geometry":{"type":"Point","coordinates":[-4.4226,36.72058]},"properties":{"anio":2018}},{"type":"Feature","geometry":{"type":"Point","coordinates":[-4.42103,36.7203]},"properties":{"anio":2018}},{"type":"Feature","geometry":{"type":"Point","coordinates":[-4.42235,36.72047]},"properties":{"anio":2018}},{"type":"Feature","geometry":{"type":"Point","coordinates":[-4.42001,36.72116]},"properties":{"anio":2018}},{"type":"Feature","geometry":{"type":"Point","coordinates":[-4.42278,36.71941]},"properties":{"anio":2018}},{"type":"Feature","geometry":{"type":"Point","coordinates":[-4.40901,36.72952]},"properties":{"anio":2018}},{"type":"Feature","geometry":{"type":"Point","coordinates":[-4.42408,36.72507]},"properties":{"anio":2018}},{"type":"Feature","geometry":{"type":"Point","coordinates":[-4.42867,36.72168]},"properties":{"anio":2018}},{"type":"Feature","geometry":{"type":"Point","coordinates":[-4.42439,36.71343]},"properties":{"anio":2018}},{"type":"Feature","geometry":{"type":"Point","coordinates":[-4.42748,36.71155]},"properties":{"anio":2018}},{"type":"Feature","geometry":{"type":"Point","coordinates":[-4.42254,36.72192]},"properties":{"anio":2018}},{"type":"Feature","geometry":{"type":"Point","coordinates":[-4.39966,36.72188]},"properties":{"anio":2018}},{"type":"Feature","geometry":{"type":"Point","coordinates":[-4.41918,36.72559]},"properties":{"anio":2018}},{"type":"Feature","geometry":{"type":"Point","coordinates":[-4.42848,36.71404]},"properties":{"anio":2018}},{"type":"Feature","geometry":{"type":"Point","coordinates":[-4.4275,36.725]},"properties":{"anio":2018}},{"type":"Feature","geometry":{"type":"Point","coordinates":[-4.41801,36.724]},"properties":{"anio":2018}},{"type":"Feature","geometry":{"type":"Point","coordinates":[-4.42734,36.72157]},"properties":{"anio":2018}},{"type":"Feature","geometry":{"type":"Point","coordinates":[-4.41123,36.7195]},"properties":{"anio":2018}},{"type":"Feature","geometry":{"type":"Point","coordinates":[-4.4213,36.72618]},"properties":{"anio":2018}},{"type":"Feature","geometry":{"type":"Point","coordinates":[-4.41838,36.72043]},"properties":{"anio":2018}},{"type":"Feature","geometry":{"type":"Point","coordinates":[-4.42283,36.7247]},"properties":{"anio":2018}},{"type":"Feature","geometry":{"type":"Point","coordinates":[-4.42289,36.72735]},"properties":{"anio":2018}},{"type":"Feature","geometry":{"type":"Point","coordinates":[-4.42699,36.72308]},"properties":{"anio":2018}},{"type":"Feature","geometry":{"type":"Point","coordinates":[-4.42219,36.72503]},"properties":{"anio":2018}},{"type":"Feature","geometry":{"type":"Point","coordinates":[-4.41428,36.72809]},"properties":{"anio":2018}},{"type":"Feature","geometry":{"type":"Point","coordinates":[-4.41555,36.72611]},"properties":{"anio":2018}},{"type":"Feature","geometry":{"type":"Point","coordinates":[-4.42556,36.72755]},"properties":{"anio":2018}},{"type":"Feature","geometry":{"type":"Point","coordinates":[-4.42154,36.72196]},"properties":{"anio":2018}},{"type":"Feature","geometry":{"type":"Point","coordinates":[-4.42154,36.72196]},"properties":{"anio":2018}},{"type":"Feature","geometry":{"type":"Point","coordinates":[-4.41718,36.72441]},"properties":{"anio":2018}},{"type":"Feature","geometry":{"type":"Point","coordinates":[-4.42154,36.72196]},"properties":{"anio":2018}},{"type":"Feature","geometry":{"type":"Point","coordinates":[-4.41782,36.72051]},"properties":{"anio":2018}},{"type":"Feature","geometry":{"type":"Point","coordinates":[-4.41641,36.72432]},"properties":{"anio":2018}},{"type":"Feature","geometry":{"type":"Point","coordinates":[-4.41933,36.72506]},"properties":{"anio":2018}},{"type":"Feature","geometry":{"type":"Point","coordinates":[-4.4148,36.73273]},"properties":{"anio":2018}},{"type":"Feature","geometry":{"type":"Point","coordinates":[-4.41488,36.73157]},"properties":{"anio":2018}},{"type":"Feature","geometry":{"type":"Point","coordinates":[-4.42518,36.72259]},"properties":{"anio":2018}},{"type":"Feature","geometry":{"type":"Point","coordinates":[-4.42769,36.71522]},"properties":{"anio":2018}},{"type":"Feature","geometry":{"type":"Point","coordinates":[-4.42769,36.71522]},"properties":{"anio":2018}},{"type":"Feature","geometry":{"type":"Point","coordinates":[-4.42153,36.7287]},"properties":{"anio":2018}},{"type":"Feature","geometry":{"type":"Point","coordinates":[-4.41152,36.72776]},"properties":{"anio":2018}},{"type":"Feature","geometry":{"type":"Point","coordinates":[-4.43232,36.72026]},"properties":{"anio":2018}},{"type":"Feature","geometry":{"type":"Point","coordinates":[-4.43025,36.72144]},"properties":{"anio":2018}},{"type":"Feature","geometry":{"type":"Point","coordinates":[-4.42212,36.72375]},"properties":{"anio":2018}},{"type":"Feature","geometry":{"type":"Point","coordinates":[-4.41108,36.72763]},"properties":{"anio":2018}},{"type":"Feature","geometry":{"type":"Point","coordinates":[-4.42479,36.72508]},"properties":{"anio":2018}},{"type":"Feature","geometry":{"type":"Point","coordinates":[-4.42074,36.72356]},"properties":{"anio":2018}},{"type":"Feature","geometry":{"type":"Point","coordinates":[-4.42309,36.71657]},"properties":{"anio":2018}},{"type":"Feature","geometry":{"type":"Point","coordinates":[-4.40965,36.71911]},"properties":{"anio":2018}},{"type":"Feature","geometry":{"type":"Point","coordinates":[-4.42682,36.71216]},"properties":{"anio":2018}},{"type":"Feature","geometry":{"type":"Point","coordinates":[-4.41431,36.72572]},"properties":{"anio":2018}},{"type":"Feature","geometry":{"type":"Point","coordinates":[-4.41431,36.72572]},"properties":{"anio":2018}},{"type":"Feature","geometry":{"type":"Point","coordinates":[-4.4298,36.72301]},"properties":{"anio":2018}},{"type":"Feature","geometry":{"type":"Point","coordinates":[-4.41983,36.72266]},"properties":{"anio":2018}},{"type":"Feature","geometry":{"type":"Point","coordinates":[-4.42159,36.72544]},"properties":{"anio":2018}},{"type":"Feature","geometry":{"type":"Point","coordinates":[-4.41125,36.71744]},"properties":{"anio":2018}},{"type":"Feature","geometry":{"type":"Point","coordinates":[-4.41523,36.72518]},"properties":{"anio":2018}},{"type":"Feature","geometry":{"type":"Point","coordinates":[-4.41593,36.7239]},"properties":{"anio":2018}},{"type":"Feature","geometry":{"type":"Point","coordinates":[-4.41857,36.72296]},"properties":{"anio":2018}},{"type":"Feature","geometry":{"type":"Point","coordinates":[-4.42289,36.72735]},"properties":{"anio":2018}},{"type":"Feature","geometry":{"type":"Point","coordinates":[-4.41508,36.72799]},"properties":{"anio":2018}},{"type":"Feature","geometry":{"type":"Point","coordinates":[-4.421,36.72939]},"properties":{"anio":2018}},{"type":"Feature","geometry":{"type":"Point","coordinates":[-4.41125,36.71744]},"properties":{"anio":2018}},{"type":"Feature","geometry":{"type":"Point","coordinates":[-4.41406,36.72804]},"properties":{"anio":2018}},{"type":"Feature","geometry":{"type":"Point","coordinates":[-4.40905,36.72819]},"properties":{"anio":2018}},{"type":"Feature","geometry":{"type":"Point","coordinates":[-4.42171,36.72663]},"properties":{"anio":2018}},{"type":"Feature","geometry":{"type":"Point","coordinates":[-4.42427,36.72493]},"properties":{"anio":2018}},{"type":"Feature","geometry":{"type":"Point","coordinates":[-4.41178,36.71836]},"properties":{"anio":2018}},{"type":"Feature","geometry":{"type":"Point","coordinates":[-4.41132,36.72763]},"properties":{"anio":2018}},{"type":"Feature","geometry":{"type":"Point","coordinates":[-4.42283,36.7247]},"properties":{"anio":2018}},{"type":"Feature","geometry":{"type":"Point","coordinates":[-4.4271,36.7221]},"properties":{"anio":2018}},{"type":"Feature","geometry":{"type":"Point","coordinates":[-4.42655,36.7216]},"properties":{"anio":2018}},{"type":"Feature","geometry":{"type":"Point","coordinates":[-4.42449,36.72046]},"properties":{"anio":2018}},{"type":"Feature","geometry":{"type":"Point","coordinates":[-4.42644,36.72314]},"properties":{"anio":2018}},{"type":"Feature","geometry":{"type":"Point","coordinates":[-4.42514,36.72444]},"properties":{"anio":2018}},{"type":"Feature","geometry":{"type":"Point","coordinates":[-4.43206,36.72377]},"properties":{"anio":2018}},{"type":"Feature","geometry":{"type":"Point","coordinates":[-4.41794,36.72547]},"properties":{"anio":2018}},{"type":"Feature","geometry":{"type":"Point","coordinates":[-4.42922,36.71633]},"properties":{"anio":2018}},{"type":"Feature","geometry":{"type":"Point","coordinates":[-4.42183,36.72459]},"properties":{"anio":2018}},{"type":"Feature","geometry":{"type":"Point","coordinates":[-4.42275,36.73184]},"properties":{"anio":2018}},{"type":"Feature","geometry":{"type":"Point","coordinates":[-4.41417,36.72566]},"properties":{"anio":2018}},{"type":"Feature","geometry":{"type":"Point","coordinates":[-4.42326,36.7266]},"properties":{"anio":2018}},{"type":"Feature","geometry":{"type":"Point","coordinates":[-4.41982,36.72583]},"properties":{"anio":2018}},{"type":"Feature","geometry":{"type":"Point","coordinates":[-4.41401,36.72841]},"properties":{"anio":2018}},{"type":"Feature","geometry":{"type":"Point","coordinates":[-4.42296,36.7275]},"properties":{"anio":2018}},{"type":"Feature","geometry":{"type":"Point","coordinates":[-4.41566,36.72521]},"properties":{"anio":2018}},{"type":"Feature","geometry":{"type":"Point","coordinates":[-4.42453,36.72886]},"properties":{"anio":2018}},{"type":"Feature","geometry":{"type":"Point","coordinates":[-4.42403,36.71596]},"properties":{"anio":2018}},{"type":"Feature","geometry":{"type":"Point","coordinates":[-4.41834,36.72416]},"properties":{"anio":2018}},{"type":"Feature","geometry":{"type":"Point","coordinates":[-4.42095,36.72807]},"properties":{"anio":2018}},{"type":"Feature","geometry":{"type":"Point","coordinates":[-4.42824,36.72004]},"properties":{"anio":2018}},{"type":"Feature","geometry":{"type":"Point","coordinates":[-4.41565,36.72368]},"properties":{"anio":2018}},{"type":"Feature","geometry":{"type":"Point","coordinates":[-4.41889,36.72536]},"properties":{"anio":2018}},{"type":"Feature","geometry":{"type":"Point","coordinates":[-4.41697,36.73042]},"properties":{"anio":2018}},{"type":"Feature","geometry":{"type":"Point","coordinates":[-4.41867,36.72172]},"properties":{"anio":2018}},{"type":"Feature","geometry":{"type":"Point","coordinates":[-4.4097,36.71982]},"properties":{"anio":2018}},{"type":"Feature","geometry":{"type":"Point","coordinates":[-4.42824,36.71127]},"properties":{"anio":2018}},{"type":"Feature","geometry":{"type":"Point","coordinates":[-4.42066,36.72643]},"properties":{"anio":2018}},{"type":"Feature","geometry":{"type":"Point","coordinates":[-4.41942,36.71945]},"properties":{"anio":2018}},{"type":"Feature","geometry":{"type":"Point","coordinates":[-4.41896,36.7298]},"properties":{"anio":2018}},{"type":"Feature","geometry":{"type":"Point","coordinates":[-4.41625,36.72468]},"properties":{"anio":2018}},{"type":"Feature","geometry":{"type":"Point","coordinates":[-4.42059,36.72972]},"properties":{"anio":2018}},{"type":"Feature","geometry":{"type":"Point","coordinates":[-4.41942,36.72494]},"properties":{"anio":2018}},{"type":"Feature","geometry":{"type":"Point","coordinates":[-4.41823,36.72424]},"properties":{"anio":2018}},{"type":"Feature","geometry":{"type":"Point","coordinates":[-4.41989,36.72386]},"properties":{"anio":2018}},{"type":"Feature","geometry":{"type":"Point","coordinates":[-4.41989,36.72386]},"properties":{"anio":2018}},{"type":"Feature","geometry":{"type":"Point","coordinates":[-4.41621,36.72448]},"properties":{"anio":2018}},{"type":"Feature","geometry":{"type":"Point","coordinates":[-4.41621,36.72448]},"properties":{"anio":2018}},{"type":"Feature","geometry":{"type":"Point","coordinates":[-4.40979,36.71948]},"properties":{"anio":2018}},{"type":"Feature","geometry":{"type":"Point","coordinates":[-4.4087,36.72778]},"properties":{"anio":2018}},{"type":"Feature","geometry":{"type":"Point","coordinates":[-4.42388,36.7228]},"properties":{"anio":2018}},{"type":"Feature","geometry":{"type":"Point","coordinates":[-4.4226,36.72058]},"properties":{"anio":2018}},{"type":"Feature","geometry":{"type":"Point","coordinates":[-4.42233,36.71739]},"properties":{"anio":2018}},{"type":"Feature","geometry":{"type":"Point","coordinates":[-4.4226,36.72058]},"properties":{"anio":2018}},{"type":"Feature","geometry":{"type":"Point","coordinates":[-4.42355,36.71977]},"properties":{"anio":2018}},{"type":"Feature","geometry":{"type":"Point","coordinates":[-4.4226,36.72058]},"properties":{"anio":2018}},{"type":"Feature","geometry":{"type":"Point","coordinates":[-4.42135,36.72426]},"properties":{"anio":2018}},{"type":"Feature","geometry":{"type":"Point","coordinates":[-4.4296,36.72294]},"properties":{"anio":2018}},{"type":"Feature","geometry":{"type":"Point","coordinates":[-4.42325,36.72605]},"properties":{"anio":2018}},{"type":"Feature","geometry":{"type":"Point","coordinates":[-4.42447,36.71926]},"properties":{"anio":2018}},{"type":"Feature","geometry":{"type":"Point","coordinates":[-4.41524,36.72444]},"properties":{"anio":2018}},{"type":"Feature","geometry":{"type":"Point","coordinates":[-4.4267,36.72309]},"properties":{"anio":2018}},{"type":"Feature","geometry":{"type":"Point","coordinates":[-4.41254,36.71619]},"properties":{"anio":2018}},{"type":"Feature","geometry":{"type":"Point","coordinates":[-4.41753,36.72209]},"properties":{"anio":2018}},{"type":"Feature","geometry":{"type":"Point","coordinates":[-4.4115,36.7213]},"properties":{"anio":2018}},{"type":"Feature","geometry":{"type":"Point","coordinates":[-4.42049,36.72495]},"properties":{"anio":2018}},{"type":"Feature","geometry":{"type":"Point","coordinates":[-4.42863,36.72531]},"properties":{"anio":2018}},{"type":"Feature","geometry":{"type":"Point","coordinates":[-4.42768,36.72648]},"properties":{"anio":2018}},{"type":"Feature","geometry":{"type":"Point","coordinates":[-4.42154,36.72442]},"properties":{"anio":2018}},{"type":"Feature","geometry":{"type":"Point","coordinates":[-4.4247,36.72301]},"properties":{"anio":2018}},{"type":"Feature","geometry":{"type":"Point","coordinates":[-4.41464,36.72957]},"properties":{"anio":2018}},{"type":"Feature","geometry":{"type":"Point","coordinates":[-4.42846,36.72497]},"properties":{"anio":2018}},{"type":"Feature","geometry":{"type":"Point","coordinates":[-4.42471,36.72096]},"properties":{"anio":2018}},{"type":"Feature","geometry":{"type":"Point","coordinates":[-4.42945,36.72272]},"properties":{"anio":2018}},{"type":"Feature","geometry":{"type":"Point","coordinates":[-4.41464,36.72957]},"properties":{"anio":2018}},{"type":"Feature","geometry":{"type":"Point","coordinates":[-4.42332,36.72668]},"properties":{"anio":2018}},{"type":"Feature","geometry":{"type":"Point","coordinates":[-4.41868,36.72652]},"properties":{"anio":2018}},{"type":"Feature","geometry":{"type":"Point","coordinates":[-4.42008,36.72101]},"properties":{"anio":2018}},{"type":"Feature","geometry":{"type":"Point","coordinates":[-4.42008,36.72101]},"properties":{"anio":2018}},{"type":"Feature","geometry":{"type":"Point","coordinates":[-4.41178,36.71836]},"properties":{"anio":2018}},{"type":"Feature","geometry":{"type":"Point","coordinates":[-4.42427,36.73052]},"properties":{"anio":2018}},{"type":"Feature","geometry":{"type":"Point","coordinates":[-4.41428,36.73038]},"properties":{"anio":2018}},{"type":"Feature","geometry":{"type":"Point","coordinates":[-4.41958,36.73235]},"properties":{"anio":2018}},{"type":"Feature","geometry":{"type":"Point","coordinates":[-4.42403,36.7227]},"properties":{"anio":2018}},{"type":"Feature","geometry":{"type":"Point","coordinates":[-4.42329,36.72773]},"properties":{"anio":2018}},{"type":"Feature","geometry":{"type":"Point","coordinates":[-4.41918,36.72559]},"properties":{"anio":2018}},{"type":"Feature","geometry":{"type":"Point","coordinates":[-4.42135,36.71712]},"properties":{"anio":2018}},{"type":"Feature","geometry":{"type":"Point","coordinates":[-4.41722,36.72377]},"properties":{"anio":2018}},{"type":"Feature","geometry":{"type":"Point","coordinates":[-4.41165,36.7187]},"properties":{"anio":2018}},{"type":"Feature","geometry":{"type":"Point","coordinates":[-4.42133,36.7224]},"properties":{"anio":2018}},{"type":"Feature","geometry":{"type":"Point","coordinates":[-4.41422,36.73027]},"properties":{"anio":2018}},{"type":"Feature","geometry":{"type":"Point","coordinates":[-4.4103,36.72635]},"properties":{"anio":2018}},{"type":"Feature","geometry":{"type":"Point","coordinates":[-4.42048,36.723]},"properties":{"anio":2018}},{"type":"Feature","geometry":{"type":"Point","coordinates":[-4.41791,36.72053]},"properties":{"anio":2018}},{"type":"Feature","geometry":{"type":"Point","coordinates":[-4.42059,36.72972]},"properties":{"anio":2018}},{"type":"Feature","geometry":{"type":"Point","coordinates":[-4.42059,36.72972]},"properties":{"anio":2018}},{"type":"Feature","geometry":{"type":"Point","coordinates":[-4.42418,36.72845]},"properties":{"anio":2018}},{"type":"Feature","geometry":{"type":"Point","coordinates":[-4.41562,36.73422]},"properties":{"anio":2018}},{"type":"Feature","geometry":{"type":"Point","coordinates":[-4.42219,36.72503]},"properties":{"anio":2018}},{"type":"Feature","geometry":{"type":"Point","coordinates":[-4.41997,36.72425]},"properties":{"anio":2018}},{"type":"Feature","geometry":{"type":"Point","coordinates":[-4.42209,36.72285]},"properties":{"anio":2018}},{"type":"Feature","geometry":{"type":"Point","coordinates":[-4.41955,36.72432]},"properties":{"anio":2018}},{"type":"Feature","geometry":{"type":"Point","coordinates":[-4.42183,36.72459]},"properties":{"anio":2018}},{"type":"Feature","geometry":{"type":"Point","coordinates":[-4.42061,36.72265]},"properties":{"anio":2018}},{"type":"Feature","geometry":{"type":"Point","coordinates":[-4.4198,36.7241]},"properties":{"anio":2018}},{"type":"Feature","geometry":{"type":"Point","coordinates":[-4.4244,36.72352]},"properties":{"anio":2018}},{"type":"Feature","geometry":{"type":"Point","coordinates":[-4.42125,36.72256]},"properties":{"anio":2018}},{"type":"Feature","geometry":{"type":"Point","coordinates":[-4.41912,36.72489]},"properties":{"anio":2018}},{"type":"Feature","geometry":{"type":"Point","coordinates":[-4.42171,36.73451]},"properties":{"anio":2018}},{"type":"Feature","geometry":{"type":"Point","coordinates":[-4.42825,36.72543]},"properties":{"anio":2018}},{"type":"Feature","geometry":{"type":"Point","coordinates":[-4.41853,36.73042]},"properties":{"anio":2018}},{"type":"Feature","geometry":{"type":"Point","coordinates":[-4.41947,36.7245]},"properties":{"anio":2018}},{"type":"Feature","geometry":{"type":"Point","coordinates":[-4.41986,36.72961]},"properties":{"anio":2018}},{"type":"Feature","geometry":{"type":"Point","coordinates":[-4.41982,36.72583]},"properties":{"anio":2018}},{"type":"Feature","geometry":{"type":"Point","coordinates":[-4.41982,36.72583]},"properties":{"anio":2018}},{"type":"Feature","geometry":{"type":"Point","coordinates":[-4.41254,36.71619]},"properties":{"anio":2018}},{"type":"Feature","geometry":{"type":"Point","coordinates":[-4.42071,36.72198]},"properties":{"anio":2018}},{"type":"Feature","geometry":{"type":"Point","coordinates":[-4.43231,36.72038]},"properties":{"anio":2018}},{"type":"Feature","geometry":{"type":"Point","coordinates":[-4.4267,36.72309]},"properties":{"anio":2018}},{"type":"Feature","geometry":{"type":"Point","coordinates":[-4.42556,36.72771]},"properties":{"anio":2018}},{"type":"Feature","geometry":{"type":"Point","coordinates":[-4.4213,36.72618]},"properties":{"anio":2018}},{"type":"Feature","geometry":{"type":"Point","coordinates":[-4.41472,36.72501]},"properties":{"anio":2018}},{"type":"Feature","geometry":{"type":"Point","coordinates":[-4.42036,36.72716]},"properties":{"anio":2018}},{"type":"Feature","geometry":{"type":"Point","coordinates":[-4.41982,36.72679]},"properties":{"anio":2018}},{"type":"Feature","geometry":{"type":"Point","coordinates":[-4.41632,36.72401]},"properties":{"anio":2018}},{"type":"Feature","geometry":{"type":"Point","coordinates":[-4.41559,36.72398]},"properties":{"anio":2018}},{"type":"Feature","geometry":{"type":"Point","coordinates":[-4.42232,36.72373]},"properties":{"anio":2018}},{"type":"Feature","geometry":{"type":"Point","coordinates":[-4.4174,36.72384]},"properties":{"anio":2018}},{"type":"Feature","geometry":{"type":"Point","coordinates":[-4.42464,36.71899]},"properties":{"anio":2018}},{"type":"Feature","geometry":{"type":"Point","coordinates":[-4.42939,36.72331]},"properties":{"anio":2018}},{"type":"Feature","geometry":{"type":"Point","coordinates":[-4.41933,36.72557]},"properties":{"anio":2018}},{"type":"Feature","geometry":{"type":"Point","coordinates":[-4.42074,36.72356]},"properties":{"anio":2018}},{"type":"Feature","geometry":{"type":"Point","coordinates":[-4.4236,36.72421]},"properties":{"anio":2018}},{"type":"Feature","geometry":{"type":"Point","coordinates":[-4.41064,36.73048]},"properties":{"anio":2018}},{"type":"Feature","geometry":{"type":"Point","coordinates":[-4.41974,36.72122]},"properties":{"anio":2018}},{"type":"Feature","geometry":{"type":"Point","coordinates":[-4.42863,36.72104]},"properties":{"anio":2018}},{"type":"Feature","geometry":{"type":"Point","coordinates":[-4.42514,36.722]},"properties":{"anio":2018}},{"type":"Feature","geometry":{"type":"Point","coordinates":[-4.42514,36.722]},"properties":{"anio":2018}},{"type":"Feature","geometry":{"type":"Point","coordinates":[-4.42668,36.7242]},"properties":{"anio":2018}},{"type":"Feature","geometry":{"type":"Point","coordinates":[-4.41918,36.72559]},"properties":{"anio":2018}},{"type":"Feature","geometry":{"type":"Point","coordinates":[-4.41857,36.72296]},"properties":{"anio":2018}},{"type":"Feature","geometry":{"type":"Point","coordinates":[-4.41935,36.72311]},"properties":{"anio":2018}},{"type":"Feature","geometry":{"type":"Point","coordinates":[-4.41838,36.72043]},"properties":{"anio":2018}},{"type":"Feature","geometry":{"type":"Point","coordinates":[-4.42452,36.71382]},"properties":{"anio":2018}},{"type":"Feature","geometry":{"type":"Point","coordinates":[-4.41566,36.73249]},"properties":{"anio":2018}},{"type":"Feature","geometry":{"type":"Point","coordinates":[-4.42283,36.7247]},"properties":{"anio":2018}},{"type":"Feature","geometry":{"type":"Point","coordinates":[-4.42651,36.7132]},"properties":{"anio":2018}},{"type":"Feature","geometry":{"type":"Point","coordinates":[-4.41237,36.71731]},"properties":{"anio":2018}},{"type":"Feature","geometry":{"type":"Point","coordinates":[-4.43209,36.72078]},"properties":{"anio":2018}},{"type":"Feature","geometry":{"type":"Point","coordinates":[-4.43124,36.72304]},"properties":{"anio":2018}},{"type":"Feature","geometry":{"type":"Point","coordinates":[-4.41513,36.72532]},"properties":{"anio":2018}},{"type":"Feature","geometry":{"type":"Point","coordinates":[-4.42268,36.72385]},"properties":{"anio":2018}},{"type":"Feature","geometry":{"type":"Point","coordinates":[-4.4158,36.73112]},"properties":{"anio":2018}},{"type":"Feature","geometry":{"type":"Point","coordinates":[-4.41125,36.71744]},"properties":{"anio":2018}},{"type":"Feature","geometry":{"type":"Point","coordinates":[-4.41908,36.72559]},"properties":{"anio":2018}},{"type":"Feature","geometry":{"type":"Point","coordinates":[-4.41908,36.72559]},"properties":{"anio":2018}},{"type":"Feature","geometry":{"type":"Point","coordinates":[-4.42071,36.72198]},"properties":{"anio":2018}},{"type":"Feature","geometry":{"type":"Point","coordinates":[-4.42375,36.71517]},"properties":{"anio":2018}},{"type":"Feature","geometry":{"type":"Point","coordinates":[-4.42935,36.72007]},"properties":{"anio":2018}},{"type":"Feature","geometry":{"type":"Point","coordinates":[-4.42101,36.72117]},"properties":{"anio":2018}},{"type":"Feature","geometry":{"type":"Point","coordinates":[-4.41644,36.7311]},"properties":{"anio":2018}},{"type":"Feature","geometry":{"type":"Point","coordinates":[-4.43062,36.7141]},"properties":{"anio":2018}},{"type":"Feature","geometry":{"type":"Point","coordinates":[-4.41536,36.72901]},"properties":{"anio":2018}},{"type":"Feature","geometry":{"type":"Point","coordinates":[-4.41982,36.72583]},"properties":{"anio":2018}},{"type":"Feature","geometry":{"type":"Point","coordinates":[-4.42116,36.71982]},"properties":{"anio":2018}},{"type":"Feature","geometry":{"type":"Point","coordinates":[-4.41897,36.72568]},"properties":{"anio":2018}},{"type":"Feature","geometry":{"type":"Point","coordinates":[-4.41897,36.72568]},"properties":{"anio":2018}},{"type":"Feature","geometry":{"type":"Point","coordinates":[-4.41897,36.72568]},"properties":{"anio":2018}},{"type":"Feature","geometry":{"type":"Point","coordinates":[-4.41237,36.71731]},"properties":{"anio":2018}},{"type":"Feature","geometry":{"type":"Point","coordinates":[-4.421,36.73181]},"properties":{"anio":2018}},{"type":"Feature","geometry":{"type":"Point","coordinates":[-4.42212,36.71925]},"properties":{"anio":2018}},{"type":"Feature","geometry":{"type":"Point","coordinates":[-4.42922,36.72642]},"properties":{"anio":2018}},{"type":"Feature","geometry":{"type":"Point","coordinates":[-4.42474,36.72856]},"properties":{"anio":2018}},{"type":"Feature","geometry":{"type":"Point","coordinates":[-4.41472,36.72501]},"properties":{"anio":2018}},{"type":"Feature","geometry":{"type":"Point","coordinates":[-4.41907,36.73055]},"properties":{"anio":2018}},{"type":"Feature","geometry":{"type":"Point","coordinates":[-4.42066,36.72643]},"properties":{"anio":2018}},{"type":"Feature","geometry":{"type":"Point","coordinates":[-4.42403,36.71596]},"properties":{"anio":2018}},{"type":"Feature","geometry":{"type":"Point","coordinates":[-4.41106,36.72984]},"properties":{"anio":2018}},{"type":"Feature","geometry":{"type":"Point","coordinates":[-4.43059,36.72358]},"properties":{"anio":2018}},{"type":"Feature","geometry":{"type":"Point","coordinates":[-4.41815,36.72064]},"properties":{"anio":2018}},{"type":"Feature","geometry":{"type":"Point","coordinates":[-4.41165,36.7187]},"properties":{"anio":2018}},{"type":"Feature","geometry":{"type":"Point","coordinates":[-4.40973,36.72104]},"properties":{"anio":2018}},{"type":"Feature","geometry":{"type":"Point","coordinates":[-4.41125,36.71744]},"properties":{"anio":2018}},{"type":"Feature","geometry":{"type":"Point","coordinates":[-4.4274,36.72181]},"properties":{"anio":2018}},{"type":"Feature","geometry":{"type":"Point","coordinates":[-4.42445,36.71987]},"properties":{"anio":2018}},{"type":"Feature","geometry":{"type":"Point","coordinates":[-4.41806,36.72374]},"properties":{"anio":2018}},{"type":"Feature","geometry":{"type":"Point","coordinates":[-4.41743,36.72468]},"properties":{"anio":2018}},{"type":"Feature","geometry":{"type":"Point","coordinates":[-4.42159,36.73021]},"properties":{"anio":2018}},{"type":"Feature","geometry":{"type":"Point","coordinates":[-4.41234,36.72579]},"properties":{"anio":2018}},{"type":"Feature","geometry":{"type":"Point","coordinates":[-4.41817,36.72034]},"properties":{"anio":2018}},{"type":"Feature","geometry":{"type":"Point","coordinates":[-4.41105,36.71801]},"properties":{"anio":2018}},{"type":"Feature","geometry":{"type":"Point","coordinates":[-4.4214,36.72139]},"properties":{"anio":2018}},{"type":"Feature","geometry":{"type":"Point","coordinates":[-4.4146,36.72883]},"properties":{"anio":2018}},{"type":"Feature","geometry":{"type":"Point","coordinates":[-4.41982,36.72583]},"properties":{"anio":2018}},{"type":"Feature","geometry":{"type":"Point","coordinates":[-4.42824,36.71127]},"properties":{"anio":2018}},{"type":"Feature","geometry":{"type":"Point","coordinates":[-4.42375,36.71517]},"properties":{"anio":2018}},{"type":"Feature","geometry":{"type":"Point","coordinates":[-4.42494,36.7145]},"properties":{"anio":2018}},{"type":"Feature","geometry":{"type":"Point","coordinates":[-4.41219,36.72783]},"properties":{"anio":2018}},{"type":"Feature","geometry":{"type":"Point","coordinates":[-4.42848,36.71434]},"properties":{"anio":2018}},{"type":"Feature","geometry":{"type":"Point","coordinates":[-4.42768,36.72648]},"properties":{"anio":2018}},{"type":"Feature","geometry":{"type":"Point","coordinates":[-4.42768,36.72648]},"properties":{"anio":2018}},{"type":"Feature","geometry":{"type":"Point","coordinates":[-4.42768,36.72648]},"properties":{"anio":2018}},{"type":"Feature","geometry":{"type":"Point","coordinates":[-4.41536,36.73112]},"properties":{"anio":2018}},{"type":"Feature","geometry":{"type":"Point","coordinates":[-4.41644,36.7311]},"properties":{"anio":2018}},{"type":"Feature","geometry":{"type":"Point","coordinates":[-4.42133,36.7224]},"properties":{"anio":2018}},{"type":"Feature","geometry":{"type":"Point","coordinates":[-4.42133,36.7224]},"properties":{"anio":2018}},{"type":"Feature","geometry":{"type":"Point","coordinates":[-4.42399,36.72465]},"properties":{"anio":2018}},{"type":"Feature","geometry":{"type":"Point","coordinates":[-4.41544,36.72659]},"properties":{"anio":2018}},{"type":"Feature","geometry":{"type":"Point","coordinates":[-4.42133,36.7224]},"properties":{"anio":2018}},{"type":"Feature","geometry":{"type":"Point","coordinates":[-4.42133,36.7224]},"properties":{"anio":2018}},{"type":"Feature","geometry":{"type":"Point","coordinates":[-4.42133,36.7224]},"properties":{"anio":2018}},{"type":"Feature","geometry":{"type":"Point","coordinates":[-4.42133,36.7224]},"properties":{"anio":2018}},{"type":"Feature","geometry":{"type":"Point","coordinates":[-4.42273,36.72675]},"properties":{"anio":2018}},{"type":"Feature","geometry":{"type":"Point","coordinates":[-4.42229,36.72065]},"properties":{"anio":2018}},{"type":"Feature","geometry":{"type":"Point","coordinates":[-4.41742,36.72256]},"properties":{"anio":2018}},{"type":"Feature","geometry":{"type":"Point","coordinates":[-4.42532,36.72888]},"properties":{"anio":2018}},{"type":"Feature","geometry":{"type":"Point","coordinates":[-4.42881,36.71962]},"properties":{"anio":2018}},{"type":"Feature","geometry":{"type":"Point","coordinates":[-4.41035,36.71796]},"properties":{"anio":2018}},{"type":"Feature","geometry":{"type":"Point","coordinates":[-4.4251,36.72335]},"properties":{"anio":2018}},{"type":"Feature","geometry":{"type":"Point","coordinates":[-4.4119,36.72955]},"properties":{"anio":2018}},{"type":"Feature","geometry":{"type":"Point","coordinates":[-4.42066,36.72643]},"properties":{"anio":2018}},{"type":"Feature","geometry":{"type":"Point","coordinates":[-4.41456,36.72855]},"properties":{"anio":2018}},{"type":"Feature","geometry":{"type":"Point","coordinates":[-4.42127,36.72998]},"properties":{"anio":2018}},{"type":"Feature","geometry":{"type":"Point","coordinates":[-4.42049,36.72536]},"properties":{"anio":2018}},{"type":"Feature","geometry":{"type":"Point","coordinates":[-4.41301,36.72661]},"properties":{"anio":2018}},{"type":"Feature","geometry":{"type":"Point","coordinates":[-4.42132,36.71992]},"properties":{"anio":2018}},{"type":"Feature","geometry":{"type":"Point","coordinates":[-4.42406,36.72311]},"properties":{"anio":2018}},{"type":"Feature","geometry":{"type":"Point","coordinates":[-4.42699,36.71264]},"properties":{"anio":2018}},{"type":"Feature","geometry":{"type":"Point","coordinates":[-4.41629,36.72573]},"properties":{"anio":2018}},{"type":"Feature","geometry":{"type":"Point","coordinates":[-4.42848,36.71434]},"properties":{"anio":2018}},{"type":"Feature","geometry":{"type":"Point","coordinates":[-4.42246,36.7192]},"properties":{"anio":2018}},{"type":"Feature","geometry":{"type":"Point","coordinates":[-4.43223,36.72352]},"properties":{"anio":2018}},{"type":"Feature","geometry":{"type":"Point","coordinates":[-4.41729,36.72258]},"properties":{"anio":2018}},{"type":"Feature","geometry":{"type":"Point","coordinates":[-4.42136,36.72634]},"properties":{"anio":2018}},{"type":"Feature","geometry":{"type":"Point","coordinates":[-4.4265,36.71248]},"properties":{"anio":2018}},{"type":"Feature","geometry":{"type":"Point","coordinates":[-4.42699,36.72308]},"properties":{"anio":2018}},{"type":"Feature","geometry":{"type":"Point","coordinates":[-4.4232,36.7258]},"properties":{"anio":2018}},{"type":"Feature","geometry":{"type":"Point","coordinates":[-4.4212,36.72644]},"properties":{"anio":2018}},{"type":"Feature","geometry":{"type":"Point","coordinates":[-4.42675,36.72218]},"properties":{"anio":2018}},{"type":"Feature","geometry":{"type":"Point","coordinates":[-4.41441,36.73076]},"properties":{"anio":2018}},{"type":"Feature","geometry":{"type":"Point","coordinates":[-4.41977,36.72544]},"properties":{"anio":2018}},{"type":"Feature","geometry":{"type":"Point","coordinates":[-4.41237,36.71731]},"properties":{"anio":2018}},{"type":"Feature","geometry":{"type":"Point","coordinates":[-4.41237,36.71731]},"properties":{"anio":2018}},{"type":"Feature","geometry":{"type":"Point","coordinates":[-4.42144,36.71908]},"properties":{"anio":2018}},{"type":"Feature","geometry":{"type":"Point","coordinates":[-4.42147,36.72741]},"properties":{"anio":2018}},{"type":"Feature","geometry":{"type":"Point","coordinates":[-4.42685,36.72537]},"properties":{"anio":2018}},{"type":"Feature","geometry":{"type":"Point","coordinates":[-4.4226,36.72058]},"properties":{"anio":2018}},{"type":"Feature","geometry":{"type":"Point","coordinates":[-4.41178,36.71688]},"properties":{"anio":2018}},{"type":"Feature","geometry":{"type":"Point","coordinates":[-4.42952,36.71318]},"properties":{"anio":2018}},{"type":"Feature","geometry":{"type":"Point","coordinates":[-4.42423,36.71882]},"properties":{"anio":2018}},{"type":"Feature","geometry":{"type":"Point","coordinates":[-4.4179,36.72033]},"properties":{"anio":2018}},{"type":"Feature","geometry":{"type":"Point","coordinates":[-4.41806,36.72519]},"properties":{"anio":2018}},{"type":"Feature","geometry":{"type":"Point","coordinates":[-4.43232,36.72026]},"properties":{"anio":2018}},{"type":"Feature","geometry":{"type":"Point","coordinates":[-4.42058,36.72363]},"properties":{"anio":2018}},{"type":"Feature","geometry":{"type":"Point","coordinates":[-4.42852,36.72127]},"properties":{"anio":2018}},{"type":"Feature","geometry":{"type":"Point","coordinates":[-4.42296,36.71544]},"properties":{"anio":2018}},{"type":"Feature","geometry":{"type":"Point","coordinates":[-4.41254,36.7271]},"properties":{"anio":2018}},{"type":"Feature","geometry":{"type":"Point","coordinates":[-4.41287,36.72702]},"properties":{"anio":2018}},{"type":"Feature","geometry":{"type":"Point","coordinates":[-4.4166,36.72476]},"properties":{"anio":2018}},{"type":"Feature","geometry":{"type":"Point","coordinates":[-4.42181,36.72323]},"properties":{"anio":2018}},{"type":"Feature","geometry":{"type":"Point","coordinates":[-4.42368,36.71499]},"properties":{"anio":2018}},{"type":"Feature","geometry":{"type":"Point","coordinates":[-4.40814,36.71902]},"properties":{"anio":2018}},{"type":"Feature","geometry":{"type":"Point","coordinates":[-4.41955,36.72432]},"properties":{"anio":2018}},{"type":"Feature","geometry":{"type":"Point","coordinates":[-4.42261,36.72026]},"properties":{"anio":2018}},{"type":"Feature","geometry":{"type":"Point","coordinates":[-4.42261,36.72026]},"properties":{"anio":2018}},{"type":"Feature","geometry":{"type":"Point","coordinates":[-4.42848,36.71434]},"properties":{"anio":2018}},{"type":"Feature","geometry":{"type":"Point","coordinates":[-4.42384,36.71472]},"properties":{"anio":2018}},{"type":"Feature","geometry":{"type":"Point","coordinates":[-4.42212,36.72375]},"properties":{"anio":2018}},{"type":"Feature","geometry":{"type":"Point","coordinates":[-4.41865,36.72337]},"properties":{"anio":2018}},{"type":"Feature","geometry":{"type":"Point","coordinates":[-4.41979,36.72505]},"properties":{"anio":2018}},{"type":"Feature","geometry":{"type":"Point","coordinates":[-4.40481,36.72095]},"properties":{"anio":2018}},{"type":"Feature","geometry":{"type":"Point","coordinates":[-4.41977,36.72544]},"properties":{"anio":2018}},{"type":"Feature","geometry":{"type":"Point","coordinates":[-4.4194,36.7234]},"properties":{"anio":2018}},{"type":"Feature","geometry":{"type":"Point","coordinates":[-4.42515,36.72188]},"properties":{"anio":2018}},{"type":"Feature","geometry":{"type":"Point","coordinates":[-4.41963,36.72157]},"properties":{"anio":2018}},{"type":"Feature","geometry":{"type":"Point","coordinates":[-4.41614,36.72532]},"properties":{"anio":2018}},{"type":"Feature","geometry":{"type":"Point","coordinates":[-4.41046,36.71938]},"properties":{"anio":2018}},{"type":"Feature","geometry":{"type":"Point","coordinates":[-4.41152,36.72776]},"properties":{"anio":2018}},{"type":"Feature","geometry":{"type":"Point","coordinates":[-4.42219,36.72503]},"properties":{"anio":2018}},{"type":"Feature","geometry":{"type":"Point","coordinates":[-4.41125,36.71744]},"properties":{"anio":2018}},{"type":"Feature","geometry":{"type":"Point","coordinates":[-4.41777,36.72246]},"properties":{"anio":2018}},{"type":"Feature","geometry":{"type":"Point","coordinates":[-4.43067,36.72142]},"properties":{"anio":2018}},{"type":"Feature","geometry":{"type":"Point","coordinates":[-4.41486,36.73026]},"properties":{"anio":2018}},{"type":"Feature","geometry":{"type":"Point","coordinates":[-4.4103,36.72635]},"properties":{"anio":2018}},{"type":"Feature","geometry":{"type":"Point","coordinates":[-4.42066,36.72967]},"properties":{"anio":2018}},{"type":"Feature","geometry":{"type":"Point","coordinates":[-4.42043,36.72826]},"properties":{"anio":2018}},{"type":"Feature","geometry":{"type":"Point","coordinates":[-4.41897,36.72568]},"properties":{"anio":2018}},{"type":"Feature","geometry":{"type":"Point","coordinates":[-4.4194,36.7234]},"properties":{"anio":2018}},{"type":"Feature","geometry":{"type":"Point","coordinates":[-4.42496,36.72252]},"properties":{"anio":2018}},{"type":"Feature","geometry":{"type":"Point","coordinates":[-4.42118,36.72017]},"properties":{"anio":2018}},{"type":"Feature","geometry":{"type":"Point","coordinates":[-4.42118,36.72017]},"properties":{"anio":2018}},{"type":"Feature","geometry":{"type":"Point","coordinates":[-4.40481,36.72095]},"properties":{"anio":2018}},{"type":"Feature","geometry":{"type":"Point","coordinates":[-4.42066,36.72643]},"properties":{"anio":2018}},{"type":"Feature","geometry":{"type":"Point","coordinates":[-4.4203,36.72633]},"properties":{"anio":2018}},{"type":"Feature","geometry":{"type":"Point","coordinates":[-4.42881,36.71962]},"properties":{"anio":2018}},{"type":"Feature","geometry":{"type":"Point","coordinates":[-4.42502,36.72574]},"properties":{"anio":2018}},{"type":"Feature","geometry":{"type":"Point","coordinates":[-4.41962,36.7251]},"properties":{"anio":2018}},{"type":"Feature","geometry":{"type":"Point","coordinates":[-4.41936,36.72629]},"properties":{"anio":2018}},{"type":"Feature","geometry":{"type":"Point","coordinates":[-4.41587,36.72623]},"properties":{"anio":2018}},{"type":"Feature","geometry":{"type":"Point","coordinates":[-4.41878,36.7241]},"properties":{"anio":2018}},{"type":"Feature","geometry":{"type":"Point","coordinates":[-4.42133,36.7224]},"properties":{"anio":2018}},{"type":"Feature","geometry":{"type":"Point","coordinates":[-4.4137,36.72952]},"properties":{"anio":2018}},{"type":"Feature","geometry":{"type":"Point","coordinates":[-4.42835,36.72456]},"properties":{"anio":2018}},{"type":"Feature","geometry":{"type":"Point","coordinates":[-4.42296,36.7275]},"properties":{"anio":2018}},{"type":"Feature","geometry":{"type":"Point","coordinates":[-4.42074,36.72356]},"properties":{"anio":2018}},{"type":"Feature","geometry":{"type":"Point","coordinates":[-4.42102,36.72273]},"properties":{"anio":2018}},{"type":"Feature","geometry":{"type":"Point","coordinates":[-4.41169,36.7175]},"properties":{"anio":2018}},{"type":"Feature","geometry":{"type":"Point","coordinates":[-4.42121,36.7197]},"properties":{"anio":2018}},{"type":"Feature","geometry":{"type":"Point","coordinates":[-4.42016,36.72352]},"properties":{"anio":2018}},{"type":"Feature","geometry":{"type":"Point","coordinates":[-4.42631,36.72349]},"properties":{"anio":2018}},{"type":"Feature","geometry":{"type":"Point","coordinates":[-4.42016,36.72352]},"properties":{"anio":2018}},{"type":"Feature","geometry":{"type":"Point","coordinates":[-4.4226,36.72058]},"properties":{"anio":2018}},{"type":"Feature","geometry":{"type":"Point","coordinates":[-4.4226,36.72058]},"properties":{"anio":2018}},{"type":"Feature","geometry":{"type":"Point","coordinates":[-4.42263,36.7183]},"properties":{"anio":2018}},{"type":"Feature","geometry":{"type":"Point","coordinates":[-4.41982,36.72583]},"properties":{"anio":2018}},{"type":"Feature","geometry":{"type":"Point","coordinates":[-4.4267,36.72554]},"properties":{"anio":2018}},{"type":"Feature","geometry":{"type":"Point","coordinates":[-4.41306,36.71577]},"properties":{"anio":2018}},{"type":"Feature","geometry":{"type":"Point","coordinates":[-4.42823,36.71823]},"properties":{"anio":2018}},{"type":"Feature","geometry":{"type":"Point","coordinates":[-4.42036,36.72716]},"properties":{"anio":2018}},{"type":"Feature","geometry":{"type":"Point","coordinates":[-4.41597,36.7309]},"properties":{"anio":2018}},{"type":"Feature","geometry":{"type":"Point","coordinates":[-4.41633,36.72352]},"properties":{"anio":2018}},{"type":"Feature","geometry":{"type":"Point","coordinates":[-4.4103,36.72635]},"properties":{"anio":2018}},{"type":"Feature","geometry":{"type":"Point","coordinates":[-4.41718,36.72441]},"properties":{"anio":2018}},{"type":"Feature","geometry":{"type":"Point","coordinates":[-4.41791,36.72053]},"properties":{"anio":2018}},{"type":"Feature","geometry":{"type":"Point","coordinates":[-4.42464,36.72092]},"properties":{"anio":2018}},{"type":"Feature","geometry":{"type":"Point","coordinates":[-4.41851,36.72337]},"properties":{"anio":2018}},{"type":"Feature","geometry":{"type":"Point","coordinates":[-4.40558,36.72064]},"properties":{"anio":2018}},{"type":"Feature","geometry":{"type":"Point","coordinates":[-4.43097,36.72157]},"properties":{"anio":2018}},{"type":"Feature","geometry":{"type":"Point","coordinates":[-4.41564,36.72319]},"properties":{"anio":2018}},{"type":"Feature","geometry":{"type":"Point","coordinates":[-4.42314,36.71543]},"properties":{"anio":2018}},{"type":"Feature","geometry":{"type":"Point","coordinates":[-4.42363,36.72757]},"properties":{"anio":2018}},{"type":"Feature","geometry":{"type":"Point","coordinates":[-4.41135,36.7211]},"properties":{"anio":2018}},{"type":"Feature","geometry":{"type":"Point","coordinates":[-4.41906,36.7252]},"properties":{"anio":2018}},{"type":"Feature","geometry":{"type":"Point","coordinates":[-4.42091,36.73374]},"properties":{"anio":2018}},{"type":"Feature","geometry":{"type":"Point","coordinates":[-4.42356,36.72097]},"properties":{"anio":2018}},{"type":"Feature","geometry":{"type":"Point","coordinates":[-4.421,36.72939]},"properties":{"anio":2018}},{"type":"Feature","geometry":{"type":"Point","coordinates":[-4.41193,36.72667]},"properties":{"anio":2018}},{"type":"Feature","geometry":{"type":"Point","coordinates":[-4.42716,36.72181]},"properties":{"anio":2018}},{"type":"Feature","geometry":{"type":"Point","coordinates":[-4.42283,36.7247]},"properties":{"anio":2018}},{"type":"Feature","geometry":{"type":"Point","coordinates":[-4.41446,36.7262]},"properties":{"anio":2018}},{"type":"Feature","geometry":{"type":"Point","coordinates":[-4.43228,36.72323]},"properties":{"anio":2018}},{"type":"Feature","geometry":{"type":"Point","coordinates":[-4.427,36.72221]},"properties":{"anio":2018}},{"type":"Feature","geometry":{"type":"Point","coordinates":[-4.42026,36.72322]},"properties":{"anio":2018}},{"type":"Feature","geometry":{"type":"Point","coordinates":[-4.41028,36.72616]},"properties":{"anio":2018}},{"type":"Feature","geometry":{"type":"Point","coordinates":[-4.42393,36.71803]},"properties":{"anio":2018}},{"type":"Feature","geometry":{"type":"Point","coordinates":[-4.42393,36.71803]},"properties":{"anio":2018}},{"type":"Feature","geometry":{"type":"Point","coordinates":[-4.42393,36.71803]},"properties":{"anio":2018}},{"type":"Feature","geometry":{"type":"Point","coordinates":[-4.42393,36.71803]},"properties":{"anio":2018}},{"type":"Feature","geometry":{"type":"Point","coordinates":[-4.42484,36.72366]},"properties":{"anio":2018}},{"type":"Feature","geometry":{"type":"Point","coordinates":[-4.41452,36.73175]},"properties":{"anio":2018}},{"type":"Feature","geometry":{"type":"Point","coordinates":[-4.4275,36.725]},"properties":{"anio":2018}},{"type":"Feature","geometry":{"type":"Point","coordinates":[-4.43116,36.7237]},"properties":{"anio":2018}},{"type":"Feature","geometry":{"type":"Point","coordinates":[-4.42707,36.71359]},"properties":{"anio":2018}},{"type":"Feature","geometry":{"type":"Point","coordinates":[-4.42445,36.72369]},"properties":{"anio":2018}},{"type":"Feature","geometry":{"type":"Point","coordinates":[-4.42445,36.72369]},"properties":{"anio":2018}},{"type":"Feature","geometry":{"type":"Point","coordinates":[-4.41864,36.72418]},"properties":{"anio":2018}},{"type":"Feature","geometry":{"type":"Point","coordinates":[-4.42068,36.72441]},"properties":{"anio":2018}},{"type":"Feature","geometry":{"type":"Point","coordinates":[-4.42704,36.72186]},"properties":{"anio":2018}},{"type":"Feature","geometry":{"type":"Point","coordinates":[-4.42363,36.72757]},"properties":{"anio":2018}},{"type":"Feature","geometry":{"type":"Point","coordinates":[-4.42206,36.7231]},"properties":{"anio":2018}},{"type":"Feature","geometry":{"type":"Point","coordinates":[-4.42783,36.72425]},"properties":{"anio":2018}},{"type":"Feature","geometry":{"type":"Point","coordinates":[-4.41851,36.72337]},"properties":{"anio":2018}},{"type":"Feature","geometry":{"type":"Point","coordinates":[-4.42001,36.72162]},"properties":{"anio":2018}},{"type":"Feature","geometry":{"type":"Point","coordinates":[-4.41126,36.71815]},"properties":{"anio":2018}},{"type":"Feature","geometry":{"type":"Point","coordinates":[-4.42036,36.7272]},"properties":{"anio":2018}},{"type":"Feature","geometry":{"type":"Point","coordinates":[-4.41125,36.71744]},"properties":{"anio":2018}},{"type":"Feature","geometry":{"type":"Point","coordinates":[-4.41817,36.72034]},"properties":{"anio":2018}},{"type":"Feature","geometry":{"type":"Point","coordinates":[-4.4278,36.72523]},"properties":{"anio":2018}},{"type":"Feature","geometry":{"type":"Point","coordinates":[-4.41889,36.72536]},"properties":{"anio":2018}},{"type":"Feature","geometry":{"type":"Point","coordinates":[-4.42066,36.72587]},"properties":{"anio":2018}},{"type":"Feature","geometry":{"type":"Point","coordinates":[-4.41423,36.72881]},"properties":{"anio":2018}},{"type":"Feature","geometry":{"type":"Point","coordinates":[-4.41722,36.72377]},"properties":{"anio":2018}},{"type":"Feature","geometry":{"type":"Point","coordinates":[-4.40979,36.71948]},"properties":{"anio":2018}},{"type":"Feature","geometry":{"type":"Point","coordinates":[-4.41515,36.72375]},"properties":{"anio":2018}},{"type":"Feature","geometry":{"type":"Point","coordinates":[-4.41242,36.72814]},"properties":{"anio":2018}},{"type":"Feature","geometry":{"type":"Point","coordinates":[-4.42115,36.7221]},"properties":{"anio":2018}},{"type":"Feature","geometry":{"type":"Point","coordinates":[-4.4058,36.72842]},"properties":{"anio":2018}},{"type":"Feature","geometry":{"type":"Point","coordinates":[-4.43154,36.72113]},"properties":{"anio":2018}},{"type":"Feature","geometry":{"type":"Point","coordinates":[-4.42239,36.72029]},"properties":{"anio":2018}},{"type":"Feature","geometry":{"type":"Point","coordinates":[-4.4161,36.7259]},"properties":{"anio":2018}},{"type":"Feature","geometry":{"type":"Point","coordinates":[-4.42052,36.7262]},"properties":{"anio":2018}},{"type":"Feature","geometry":{"type":"Point","coordinates":[-4.42044,36.72981]},"properties":{"anio":2018}},{"type":"Feature","geometry":{"type":"Point","coordinates":[-4.42044,36.72981]},"properties":{"anio":2018}},{"type":"Feature","geometry":{"type":"Point","coordinates":[-4.42208,36.71718]},"properties":{"anio":2018}},{"type":"Feature","geometry":{"type":"Point","coordinates":[-4.41862,36.72069]},"properties":{"anio":2018}},{"type":"Feature","geometry":{"type":"Point","coordinates":[-4.41862,36.72069]},"properties":{"anio":2018}},{"type":"Feature","geometry":{"type":"Point","coordinates":[-4.41919,36.72579]},"properties":{"anio":2018}},{"type":"Feature","geometry":{"type":"Point","coordinates":[-4.41971,36.72391]},"properties":{"anio":2018}},{"type":"Feature","geometry":{"type":"Point","coordinates":[-4.41971,36.72391]},"properties":{"anio":2018}},{"type":"Feature","geometry":{"type":"Point","coordinates":[-4.42176,36.72439]},"properties":{"anio":2018}},{"type":"Feature","geometry":{"type":"Point","coordinates":[-4.42283,36.7247]},"properties":{"anio":2018}},{"type":"Feature","geometry":{"type":"Point","coordinates":[-4.42015,36.72642]},"properties":{"anio":2018}},{"type":"Feature","geometry":{"type":"Point","coordinates":[-4.42977,36.72413]},"properties":{"anio":2018}},{"type":"Feature","geometry":{"type":"Point","coordinates":[-4.42149,36.72663]},"properties":{"anio":2018}},{"type":"Feature","geometry":{"type":"Point","coordinates":[-4.42149,36.72663]},"properties":{"anio":2018}},{"type":"Feature","geometry":{"type":"Point","coordinates":[-4.41997,36.72425]},"properties":{"anio":2018}},{"type":"Feature","geometry":{"type":"Point","coordinates":[-4.42083,36.73145]},"properties":{"anio":2018}},{"type":"Feature","geometry":{"type":"Point","coordinates":[-4.42518,36.72259]},"properties":{"anio":2018}},{"type":"Feature","geometry":{"type":"Point","coordinates":[-4.42014,36.71947]},"properties":{"anio":2018}},{"type":"Feature","geometry":{"type":"Point","coordinates":[-4.41088,36.72682]},"properties":{"anio":2018}},{"type":"Feature","geometry":{"type":"Point","coordinates":[-4.4236,36.71867]},"properties":{"anio":2018}},{"type":"Feature","geometry":{"type":"Point","coordinates":[-4.42399,36.72831]},"properties":{"anio":2018}},{"type":"Feature","geometry":{"type":"Point","coordinates":[-4.41851,36.72337]},"properties":{"anio":2018}},{"type":"Feature","geometry":{"type":"Point","coordinates":[-4.41458,36.72605]},"properties":{"anio":2018}},{"type":"Feature","geometry":{"type":"Point","coordinates":[-4.41248,36.72622]},"properties":{"anio":2018}},{"type":"Feature","geometry":{"type":"Point","coordinates":[-4.4251,36.72335]},"properties":{"anio":2018}},{"type":"Feature","geometry":{"type":"Point","coordinates":[-4.40821,36.71953]},"properties":{"anio":2018}},{"type":"Feature","geometry":{"type":"Point","coordinates":[-4.41178,36.71836]},"properties":{"anio":2018}},{"type":"Feature","geometry":{"type":"Point","coordinates":[-4.40834,36.72021]},"properties":{"anio":2018}},{"type":"Feature","geometry":{"type":"Point","coordinates":[-4.42861,36.71208]},"properties":{"anio":2018}},{"type":"Feature","geometry":{"type":"Point","coordinates":[-4.40973,36.72104]},"properties":{"anio":2018}},{"type":"Feature","geometry":{"type":"Point","coordinates":[-4.40481,36.72095]},"properties":{"anio":2018}},{"type":"Feature","geometry":{"type":"Point","coordinates":[-4.40481,36.72095]},"properties":{"anio":2018}},{"type":"Feature","geometry":{"type":"Point","coordinates":[-4.42138,36.72215]},"properties":{"anio":2018}},{"type":"Feature","geometry":{"type":"Point","coordinates":[-4.42381,36.72001]},"properties":{"anio":2018}},{"type":"Feature","geometry":{"type":"Point","coordinates":[-4.42452,36.71382]},"properties":{"anio":2018}},{"type":"Feature","geometry":{"type":"Point","coordinates":[-4.43185,36.72111]},"properties":{"anio":2018}},{"type":"Feature","geometry":{"type":"Point","coordinates":[-4.40845,36.72842]},"properties":{"anio":2018}},{"type":"Feature","geometry":{"type":"Point","coordinates":[-4.42462,36.71345]},"properties":{"anio":2018}},{"type":"Feature","geometry":{"type":"Point","coordinates":[-4.42199,36.72448]},"properties":{"anio":2018}},{"type":"Feature","geometry":{"type":"Point","coordinates":[-4.423,36.72919]},"properties":{"anio":2018}},{"type":"Feature","geometry":{"type":"Point","coordinates":[-4.42049,36.72536]},"properties":{"anio":2018}},{"type":"Feature","geometry":{"type":"Point","coordinates":[-4.41573,36.72384]},"properties":{"anio":2018}},{"type":"Feature","geometry":{"type":"Point","coordinates":[-4.41845,36.72405]},"properties":{"anio":2018}},{"type":"Feature","geometry":{"type":"Point","coordinates":[-4.42824,36.72004]},"properties":{"anio":2018}},{"type":"Feature","geometry":{"type":"Point","coordinates":[-4.42374,36.72928]},"properties":{"anio":2018}},{"type":"Feature","geometry":{"type":"Point","coordinates":[-4.41123,36.7195]},"properties":{"anio":2018}},{"type":"Feature","geometry":{"type":"Point","coordinates":[-4.42898,36.71423]},"properties":{"anio":2018}},{"type":"Feature","geometry":{"type":"Point","coordinates":[-4.41441,36.73076]},"properties":{"anio":2018}},{"type":"Feature","geometry":{"type":"Point","coordinates":[-4.42304,36.71955]},"properties":{"anio":2018}},{"type":"Feature","geometry":{"type":"Point","coordinates":[-4.42926,36.72482]},"properties":{"anio":2018}},{"type":"Feature","geometry":{"type":"Point","coordinates":[-4.42785,36.72384]},"properties":{"anio":2018}},{"type":"Feature","geometry":{"type":"Point","coordinates":[-4.41536,36.72748]},"properties":{"anio":2018}},{"type":"Feature","geometry":{"type":"Point","coordinates":[-4.41933,36.72557]},"properties":{"anio":2018}},{"type":"Feature","geometry":{"type":"Point","coordinates":[-4.42898,36.71423]},"properties":{"anio":2018}},{"type":"Feature","geometry":{"type":"Point","coordinates":[-4.41387,36.72868]},"properties":{"anio":2018}},{"type":"Feature","geometry":{"type":"Point","coordinates":[-4.42138,36.72215]},"properties":{"anio":2018}},{"type":"Feature","geometry":{"type":"Point","coordinates":[-4.42138,36.72215]},"properties":{"anio":2018}},{"type":"Feature","geometry":{"type":"Point","coordinates":[-4.42376,36.72056]},"properties":{"anio":2018}},{"type":"Feature","geometry":{"type":"Point","coordinates":[-4.41404,36.73448]},"properties":{"anio":2018}},{"type":"Feature","geometry":{"type":"Point","coordinates":[-4.41126,36.71815]},"properties":{"anio":2018}},{"type":"Feature","geometry":{"type":"Point","coordinates":[-4.4243,36.72773]},"properties":{"anio":2018}},{"type":"Feature","geometry":{"type":"Point","coordinates":[-4.427,36.72646]},"properties":{"anio":2018}},{"type":"Feature","geometry":{"type":"Point","coordinates":[-4.42166,36.72414]},"properties":{"anio":2018}},{"type":"Feature","geometry":{"type":"Point","coordinates":[-4.4275,36.725]},"properties":{"anio":2018}},{"type":"Feature","geometry":{"type":"Point","coordinates":[-4.41035,36.71796]},"properties":{"anio":2018}},{"type":"Feature","geometry":{"type":"Point","coordinates":[-4.42374,36.72928]},"properties":{"anio":2018}},{"type":"Feature","geometry":{"type":"Point","coordinates":[-4.41486,36.7268]},"properties":{"anio":2018}},{"type":"Feature","geometry":{"type":"Point","coordinates":[-4.41302,36.72822]},"properties":{"anio":2018}},{"type":"Feature","geometry":{"type":"Point","coordinates":[-4.42506,36.71473]},"properties":{"anio":2018}},{"type":"Feature","geometry":{"type":"Point","coordinates":[-4.4251,36.72428]},"properties":{"anio":2018}},{"type":"Feature","geometry":{"type":"Point","coordinates":[-4.42935,36.72601]},"properties":{"anio":2018}},{"type":"Feature","geometry":{"type":"Point","coordinates":[-4.42327,36.71523]},"properties":{"anio":2018}},{"type":"Feature","geometry":{"type":"Point","coordinates":[-4.41878,36.72314]},"properties":{"anio":2018}},{"type":"Feature","geometry":{"type":"Point","coordinates":[-4.41943,36.72613]},"properties":{"anio":2018}},{"type":"Feature","geometry":{"type":"Point","coordinates":[-4.42229,36.71629]},"properties":{"anio":2018}},{"type":"Feature","geometry":{"type":"Point","coordinates":[-4.4267,36.72309]},"properties":{"anio":2018}},{"type":"Feature","geometry":{"type":"Point","coordinates":[-4.42898,36.71423]},"properties":{"anio":2018}},{"type":"Feature","geometry":{"type":"Point","coordinates":[-4.42181,36.72323]},"properties":{"anio":2018}},{"type":"Feature","geometry":{"type":"Point","coordinates":[-4.41982,36.72583]},"properties":{"anio":2018}},{"type":"Feature","geometry":{"type":"Point","coordinates":[-4.42199,36.72448]},"properties":{"anio":2018}},{"type":"Feature","geometry":{"type":"Point","coordinates":[-4.41897,36.72568]},"properties":{"anio":2018}},{"type":"Feature","geometry":{"type":"Point","coordinates":[-4.42863,36.72531]},"properties":{"anio":2018}},{"type":"Feature","geometry":{"type":"Point","coordinates":[-4.42843,36.72094]},"properties":{"anio":2018}},{"type":"Feature","geometry":{"type":"Point","coordinates":[-4.42444,36.72959]},"properties":{"anio":2018}},{"type":"Feature","geometry":{"type":"Point","coordinates":[-4.41633,36.72352]},"properties":{"anio":2018}},{"type":"Feature","geometry":{"type":"Point","coordinates":[-4.42399,36.72465]},"properties":{"anio":2018}},{"type":"Feature","geometry":{"type":"Point","coordinates":[-4.41806,36.722]},"properties":{"anio":2018}},{"type":"Feature","geometry":{"type":"Point","coordinates":[-4.42898,36.71423]},"properties":{"anio":2018}},{"type":"Feature","geometry":{"type":"Point","coordinates":[-4.41806,36.722]},"properties":{"anio":2018}},{"type":"Feature","geometry":{"type":"Point","coordinates":[-4.41806,36.722]},"properties":{"anio":2018}},{"type":"Feature","geometry":{"type":"Point","coordinates":[-4.42184,36.72299]},"properties":{"anio":2018}},{"type":"Feature","geometry":{"type":"Point","coordinates":[-4.42898,36.71423]},"properties":{"anio":2018}},{"type":"Feature","geometry":{"type":"Point","coordinates":[-4.41897,36.72309]},"properties":{"anio":2018}},{"type":"Feature","geometry":{"type":"Point","coordinates":[-4.42871,36.72457]},"properties":{"anio":2018}},{"type":"Feature","geometry":{"type":"Point","coordinates":[-4.41288,36.72808]},"properties":{"anio":2018}},{"type":"Feature","geometry":{"type":"Point","coordinates":[-4.41488,36.73157]},"properties":{"anio":2018}},{"type":"Feature","geometry":{"type":"Point","coordinates":[-4.42748,36.71155]},"properties":{"anio":2018}},{"type":"Feature","geometry":{"type":"Point","coordinates":[-4.41947,36.7245]},"properties":{"anio":2018}},{"type":"Feature","geometry":{"type":"Point","coordinates":[-4.41417,36.72566]},"properties":{"anio":2018}},{"type":"Feature","geometry":{"type":"Point","coordinates":[-4.42467,36.71803]},"properties":{"anio":2018}},{"type":"Feature","geometry":{"type":"Point","coordinates":[-4.42193,36.73345]},"properties":{"anio":2018}},{"type":"Feature","geometry":{"type":"Point","coordinates":[-4.42961,36.72605]},"properties":{"anio":2018}},{"type":"Feature","geometry":{"type":"Point","coordinates":[-4.42898,36.71423]},"properties":{"anio":2018}},{"type":"Feature","geometry":{"type":"Point","coordinates":[-4.41437,36.72944]},"properties":{"anio":2018}},{"type":"Feature","geometry":{"type":"Point","coordinates":[-4.42015,36.72642]},"properties":{"anio":2018}},{"type":"Feature","geometry":{"type":"Point","coordinates":[-4.41708,36.72364]},"properties":{"anio":2018}},{"type":"Feature","geometry":{"type":"Point","coordinates":[-4.42212,36.72375]},"properties":{"anio":2018}},{"type":"Feature","geometry":{"type":"Point","coordinates":[-4.42369,36.73051]},"properties":{"anio":2018}},{"type":"Feature","geometry":{"type":"Point","coordinates":[-4.42427,36.72493]},"properties":{"anio":2018}},{"type":"Feature","geometry":{"type":"Point","coordinates":[-4.42898,36.71423]},"properties":{"anio":2018}},{"type":"Feature","geometry":{"type":"Point","coordinates":[-4.4226,36.72058]},"properties":{"anio":2018}},{"type":"Feature","geometry":{"type":"Point","coordinates":[-4.41412,36.73338]},"properties":{"anio":2018}},{"type":"Feature","geometry":{"type":"Point","coordinates":[-4.42437,36.72074]},"properties":{"anio":2018}},{"type":"Feature","geometry":{"type":"Point","coordinates":[-4.41898,36.72175]},"properties":{"anio":2018}},{"type":"Feature","geometry":{"type":"Point","coordinates":[-4.42138,36.72215]},"properties":{"anio":2018}},{"type":"Feature","geometry":{"type":"Point","coordinates":[-4.42149,36.72663]},"properties":{"anio":2018}},{"type":"Feature","geometry":{"type":"Point","coordinates":[-4.41922,36.72588]},"properties":{"anio":2018}},{"type":"Feature","geometry":{"type":"Point","coordinates":[-4.41449,36.72666]},"properties":{"anio":2018}},{"type":"Feature","geometry":{"type":"Point","coordinates":[-4.42518,36.72259]},"properties":{"anio":2018}},{"type":"Feature","geometry":{"type":"Point","coordinates":[-4.42848,36.71434]},"properties":{"anio":2018}},{"type":"Feature","geometry":{"type":"Point","coordinates":[-4.42668,36.7242]},"properties":{"anio":2018}},{"type":"Feature","geometry":{"type":"Point","coordinates":[-4.42016,36.72352]},"properties":{"anio":2018}},{"type":"Feature","geometry":{"type":"Point","coordinates":[-4.42016,36.72352]},"properties":{"anio":2018}},{"type":"Feature","geometry":{"type":"Point","coordinates":[-4.41942,36.71945]},"properties":{"anio":2018}},{"type":"Feature","geometry":{"type":"Point","coordinates":[-4.42424,36.71784]},"properties":{"anio":2018}},{"type":"Feature","geometry":{"type":"Point","coordinates":[-4.41801,36.724]},"properties":{"anio":2018}},{"type":"Feature","geometry":{"type":"Point","coordinates":[-4.42834,36.71456]},"properties":{"anio":2018}},{"type":"Feature","geometry":{"type":"Point","coordinates":[-4.42418,36.71925]},"properties":{"anio":2018}},{"type":"Feature","geometry":{"type":"Point","coordinates":[-4.42502,36.71546]},"properties":{"anio":2018}},{"type":"Feature","geometry":{"type":"Point","coordinates":[-4.40895,36.72919]},"properties":{"anio":2018}},{"type":"Feature","geometry":{"type":"Point","coordinates":[-4.42879,36.71437]},"properties":{"anio":2018}},{"type":"Feature","geometry":{"type":"Point","coordinates":[-4.42066,36.72479]},"properties":{"anio":2018}},{"type":"Feature","geometry":{"type":"Point","coordinates":[-4.41178,36.71688]},"properties":{"anio":2018}},{"type":"Feature","geometry":{"type":"Point","coordinates":[-4.42236,36.72247]},"properties":{"anio":2018}},{"type":"Feature","geometry":{"type":"Point","coordinates":[-4.42419,36.72293]},"properties":{"anio":2018}},{"type":"Feature","geometry":{"type":"Point","coordinates":[-4.41582,36.72396]},"properties":{"anio":2018}},{"type":"Feature","geometry":{"type":"Point","coordinates":[-4.42848,36.71434]},"properties":{"anio":2018}},{"type":"Feature","geometry":{"type":"Point","coordinates":[-4.41406,36.72969]},"properties":{"anio":2018}},{"type":"Feature","geometry":{"type":"Point","coordinates":[-4.40664,36.7207]},"properties":{"anio":2018}},{"type":"Feature","geometry":{"type":"Point","coordinates":[-4.40694,36.72064]},"properties":{"anio":2018}},{"type":"Feature","geometry":{"type":"Point","coordinates":[-4.42879,36.71437]},"properties":{"anio":2018}},{"type":"Feature","geometry":{"type":"Point","coordinates":[-4.42362,36.7272]},"properties":{"anio":2018}},{"type":"Feature","geometry":{"type":"Point","coordinates":[-4.41565,36.72368]},"properties":{"anio":2018}},{"type":"Feature","geometry":{"type":"Point","coordinates":[-4.42031,36.72768]},"properties":{"anio":2018}},{"type":"Feature","geometry":{"type":"Point","coordinates":[-4.42439,36.71343]},"properties":{"anio":2018}},{"type":"Feature","geometry":{"type":"Point","coordinates":[-4.42408,36.72507]},"properties":{"anio":2018}},{"type":"Feature","geometry":{"type":"Point","coordinates":[-4.41982,36.72583]},"properties":{"anio":2018}},{"type":"Feature","geometry":{"type":"Point","coordinates":[-4.42898,36.71901]},"properties":{"anio":2018}},{"type":"Feature","geometry":{"type":"Point","coordinates":[-4.42912,36.71832]},"properties":{"anio":2018}},{"type":"Feature","geometry":{"type":"Point","coordinates":[-4.42676,36.71349]},"properties":{"anio":2018}},{"type":"Feature","geometry":{"type":"Point","coordinates":[-4.41295,36.72803]},"properties":{"anio":2018}},{"type":"Feature","geometry":{"type":"Point","coordinates":[-4.42202,36.72794]},"properties":{"anio":2018}},{"type":"Feature","geometry":{"type":"Point","coordinates":[-4.41009,36.72106]},"properties":{"anio":2018}},{"type":"Feature","geometry":{"type":"Point","coordinates":[-4.42527,36.72376]},"properties":{"anio":2018}},{"type":"Feature","geometry":{"type":"Point","coordinates":[-4.4198,36.72209]},"properties":{"anio":2018}},{"type":"Feature","geometry":{"type":"Point","coordinates":[-4.40919,36.71868]},"properties":{"anio":2018}},{"type":"Feature","geometry":{"type":"Point","coordinates":[-4.42861,36.71208]},"properties":{"anio":2018}},{"type":"Feature","geometry":{"type":"Point","coordinates":[-4.42102,36.72792]},"properties":{"anio":2018}},{"type":"Feature","geometry":{"type":"Point","coordinates":[-4.42102,36.72792]},"properties":{"anio":2018}},{"type":"Feature","geometry":{"type":"Point","coordinates":[-4.42506,36.71966]},"properties":{"anio":2018}},{"type":"Feature","geometry":{"type":"Point","coordinates":[-4.41566,36.73116]},"properties":{"anio":2018}},{"type":"Feature","geometry":{"type":"Point","coordinates":[-4.41421,36.73074]},"properties":{"anio":2018}},{"type":"Feature","geometry":{"type":"Point","coordinates":[-4.41421,36.73074]},"properties":{"anio":2018}},{"type":"Feature","geometry":{"type":"Point","coordinates":[-4.41933,36.72265]},"properties":{"anio":2018}},{"type":"Feature","geometry":{"type":"Point","coordinates":[-4.42718,36.71956]},"properties":{"anio":2018}},{"type":"Feature","geometry":{"type":"Point","coordinates":[-4.41268,36.73516]},"properties":{"anio":2018}},{"type":"Feature","geometry":{"type":"Point","coordinates":[-4.41851,36.72337]},"properties":{"anio":2018}},{"type":"Feature","geometry":{"type":"Point","coordinates":[-4.42135,36.72333]},"properties":{"anio":2018}},{"type":"Feature","geometry":{"type":"Point","coordinates":[-4.42482,36.72223]},"properties":{"anio":2018}},{"type":"Feature","geometry":{"type":"Point","coordinates":[-4.41604,36.72419]},"properties":{"anio":2018}},{"type":"Feature","geometry":{"type":"Point","coordinates":[-4.42892,36.71606]},"properties":{"anio":2018}},{"type":"Feature","geometry":{"type":"Point","coordinates":[-4.42368,36.7199]},"properties":{"anio":2018}},{"type":"Feature","geometry":{"type":"Point","coordinates":[-4.42477,36.72108]},"properties":{"anio":2018}},{"type":"Feature","geometry":{"type":"Point","coordinates":[-4.42219,36.71956]},"properties":{"anio":2018}},{"type":"Feature","geometry":{"type":"Point","coordinates":[-4.42219,36.71956]},"properties":{"anio":2018}},{"type":"Feature","geometry":{"type":"Point","coordinates":[-4.40895,36.72919]},"properties":{"anio":2018}},{"type":"Feature","geometry":{"type":"Point","coordinates":[-4.40895,36.72919]},"properties":{"anio":2018}},{"type":"Feature","geometry":{"type":"Point","coordinates":[-4.40895,36.72919]},"properties":{"anio":2018}},{"type":"Feature","geometry":{"type":"Point","coordinates":[-4.42229,36.72065]},"properties":{"anio":2018}},{"type":"Feature","geometry":{"type":"Point","coordinates":[-4.4209,36.72412]},"properties":{"anio":2018}},{"type":"Feature","geometry":{"type":"Point","coordinates":[-4.42848,36.71434]},"properties":{"anio":2018}},{"type":"Feature","geometry":{"type":"Point","coordinates":[-4.40895,36.72919]},"properties":{"anio":2018}},{"type":"Feature","geometry":{"type":"Point","coordinates":[-4.42036,36.72716]},"properties":{"anio":2018}},{"type":"Feature","geometry":{"type":"Point","coordinates":[-4.4113,36.72975]},"properties":{"anio":2018}},{"type":"Feature","geometry":{"type":"Point","coordinates":[-4.4097,36.71982]},"properties":{"anio":2018}},{"type":"Feature","geometry":{"type":"Point","coordinates":[-4.42856,36.72168]},"properties":{"anio":2018}},{"type":"Feature","geometry":{"type":"Point","coordinates":[-4.41108,36.72763]},"properties":{"anio":2018}},{"type":"Feature","geometry":{"type":"Point","coordinates":[-4.42008,36.72088]},"properties":{"anio":2018}},{"type":"Feature","geometry":{"type":"Point","coordinates":[-4.4296,36.72294]},"properties":{"anio":2018}},{"type":"Feature","geometry":{"type":"Point","coordinates":[-4.42772,36.714]},"properties":{"anio":2018}},{"type":"Feature","geometry":{"type":"Point","coordinates":[-4.41178,36.71836]},"properties":{"anio":2018}},{"type":"Feature","geometry":{"type":"Point","coordinates":[-4.40965,36.71911]},"properties":{"anio":2018}},{"type":"Feature","geometry":{"type":"Point","coordinates":[-4.41427,36.728]},"properties":{"anio":2018}},{"type":"Feature","geometry":{"type":"Point","coordinates":[-4.41633,36.72352]},"properties":{"anio":2018}},{"type":"Feature","geometry":{"type":"Point","coordinates":[-4.4194,36.7234]},"properties":{"anio":2018}},{"type":"Feature","geometry":{"type":"Point","coordinates":[-4.4194,36.7234]},"properties":{"anio":2018}},{"type":"Feature","geometry":{"type":"Point","coordinates":[-4.41132,36.72763]},"properties":{"anio":2018}},{"type":"Feature","geometry":{"type":"Point","coordinates":[-4.42011,36.73253]},"properties":{"anio":2018}},{"type":"Feature","geometry":{"type":"Point","coordinates":[-4.42184,36.72299]},"properties":{"anio":2018}},{"type":"Feature","geometry":{"type":"Point","coordinates":[-4.41796,36.72606]},"properties":{"anio":2018}},{"type":"Feature","geometry":{"type":"Point","coordinates":[-4.41865,36.72002]},"properties":{"anio":2018}},{"type":"Feature","geometry":{"type":"Point","coordinates":[-4.41125,36.71744]},"properties":{"anio":2018}},{"type":"Feature","geometry":{"type":"Point","coordinates":[-4.42207,36.72425]},"properties":{"anio":2018}},{"type":"Feature","geometry":{"type":"Point","coordinates":[-4.41663,36.73369]},"properties":{"anio":2018}},{"type":"Feature","geometry":{"type":"Point","coordinates":[-4.43263,36.72031]},"properties":{"anio":2018}},{"type":"Feature","geometry":{"type":"Point","coordinates":[-4.42293,36.72385]},"properties":{"anio":2018}},{"type":"Feature","geometry":{"type":"Point","coordinates":[-4.41125,36.71744]},"properties":{"anio":2018}},{"type":"Feature","geometry":{"type":"Point","coordinates":[-4.43083,36.72431]},"properties":{"anio":2018}},{"type":"Feature","geometry":{"type":"Point","coordinates":[-4.41542,36.72594]},"properties":{"anio":2018}},{"type":"Feature","geometry":{"type":"Point","coordinates":[-4.42038,36.72367]},"properties":{"anio":2018}},{"type":"Feature","geometry":{"type":"Point","coordinates":[-4.42064,36.72497]},"properties":{"anio":2018}},{"type":"Feature","geometry":{"type":"Point","coordinates":[-4.42309,36.72185]},"properties":{"anio":2018}},{"type":"Feature","geometry":{"type":"Point","coordinates":[-4.41966,36.72274]},"properties":{"anio":2018}},{"type":"Feature","geometry":{"type":"Point","coordinates":[-4.41982,36.72583]},"properties":{"anio":2018}},{"type":"Feature","geometry":{"type":"Point","coordinates":[-4.41625,36.73402]},"properties":{"anio":2018}},{"type":"Feature","geometry":{"type":"Point","coordinates":[-4.41861,36.73189]},"properties":{"anio":2018}},{"type":"Feature","geometry":{"type":"Point","coordinates":[-4.41905,36.72255]},"properties":{"anio":2018}},{"type":"Feature","geometry":{"type":"Point","coordinates":[-4.42155,36.72576]},"properties":{"anio":2018}},{"type":"Feature","geometry":{"type":"Point","coordinates":[-4.42695,36.71194]},"properties":{"anio":2018}},{"type":"Feature","geometry":{"type":"Point","coordinates":[-4.41609,36.7247]},"properties":{"anio":2018}},{"type":"Feature","geometry":{"type":"Point","coordinates":[-4.42219,36.72503]},"properties":{"anio":2018}},{"type":"Feature","geometry":{"type":"Point","coordinates":[-4.42106,36.72285]},"properties":{"anio":2018}},{"type":"Feature","geometry":{"type":"Point","coordinates":[-4.4211,36.72701]},"properties":{"anio":2018}},{"type":"Feature","geometry":{"type":"Point","coordinates":[-4.42066,36.72643]},"properties":{"anio":2018}},{"type":"Feature","geometry":{"type":"Point","coordinates":[-4.42314,36.71543]},"properties":{"anio":2018}},{"type":"Feature","geometry":{"type":"Point","coordinates":[-4.42874,36.71185]},"properties":{"anio":2018}},{"type":"Feature","geometry":{"type":"Point","coordinates":[-4.41889,36.72536]},"properties":{"anio":2018}},{"type":"Feature","geometry":{"type":"Point","coordinates":[-4.42496,36.71659]},"properties":{"anio":2018}},{"type":"Feature","geometry":{"type":"Point","coordinates":[-4.42675,36.72218]},"properties":{"anio":2018}},{"type":"Feature","geometry":{"type":"Point","coordinates":[-4.42898,36.71423]},"properties":{"anio":2018}},{"type":"Feature","geometry":{"type":"Point","coordinates":[-4.42007,36.72648]},"properties":{"anio":2018}},{"type":"Feature","geometry":{"type":"Point","coordinates":[-4.41046,36.71938]},"properties":{"anio":2018}},{"type":"Feature","geometry":{"type":"Point","coordinates":[-4.42053,36.72197]},"properties":{"anio":2018}},{"type":"Feature","geometry":{"type":"Point","coordinates":[-4.42065,36.726]},"properties":{"anio":2018}},{"type":"Feature","geometry":{"type":"Point","coordinates":[-4.41997,36.72425]},"properties":{"anio":2018}},{"type":"Feature","geometry":{"type":"Point","coordinates":[-4.42433,36.72239]},"properties":{"anio":2018}},{"type":"Feature","geometry":{"type":"Point","coordinates":[-4.41989,36.72549]},"properties":{"anio":2018}},{"type":"Feature","geometry":{"type":"Point","coordinates":[-4.41443,36.72959]},"properties":{"anio":2018}},{"type":"Feature","geometry":{"type":"Point","coordinates":[-4.42102,36.72296]},"properties":{"anio":2018}},{"type":"Feature","geometry":{"type":"Point","coordinates":[-4.42103,36.7203]},"properties":{"anio":2018}},{"type":"Feature","geometry":{"type":"Point","coordinates":[-4.42855,36.71176]},"properties":{"anio":2018}},{"type":"Feature","geometry":{"type":"Point","coordinates":[-4.41542,36.72594]},"properties":{"anio":2018}},{"type":"Feature","geometry":{"type":"Point","coordinates":[-4.4211,36.72701]},"properties":{"anio":2018}},{"type":"Feature","geometry":{"type":"Point","coordinates":[-4.41868,36.72652]},"properties":{"anio":2018}},{"type":"Feature","geometry":{"type":"Point","coordinates":[-4.41964,36.72364]},"properties":{"anio":2018}},{"type":"Feature","geometry":{"type":"Point","coordinates":[-4.41868,36.72652]},"properties":{"anio":2018}},{"type":"Feature","geometry":{"type":"Point","coordinates":[-4.42898,36.71423]},"properties":{"anio":2018}},{"type":"Feature","geometry":{"type":"Point","coordinates":[-4.42753,36.72437]},"properties":{"anio":2018}},{"type":"Feature","geometry":{"type":"Point","coordinates":[-4.42501,36.7209]},"properties":{"anio":2018}},{"type":"Feature","geometry":{"type":"Point","coordinates":[-4.427,36.72221]},"properties":{"anio":2018}},{"type":"Feature","geometry":{"type":"Point","coordinates":[-4.42194,36.72197]},"properties":{"anio":2018}},{"type":"Feature","geometry":{"type":"Point","coordinates":[-4.41125,36.71744]},"properties":{"anio":2018}},{"type":"Feature","geometry":{"type":"Point","coordinates":[-4.41178,36.72716]},"properties":{"anio":2018}},{"type":"Feature","geometry":{"type":"Point","coordinates":[-4.42283,36.7247]},"properties":{"anio":2018}},{"type":"Feature","geometry":{"type":"Point","coordinates":[-4.42812,36.72021]},"properties":{"anio":2018}},{"type":"Feature","geometry":{"type":"Point","coordinates":[-4.41566,36.72521]},"properties":{"anio":2018}},{"type":"Feature","geometry":{"type":"Point","coordinates":[-4.42989,36.72231]},"properties":{"anio":2018}},{"type":"Feature","geometry":{"type":"Point","coordinates":[-4.42444,36.71928]},"properties":{"anio":2018}},{"type":"Feature","geometry":{"type":"Point","coordinates":[-4.42207,36.72425]},"properties":{"anio":2018}},{"type":"Feature","geometry":{"type":"Point","coordinates":[-4.42856,36.72168]},"properties":{"anio":2018}},{"type":"Feature","geometry":{"type":"Point","coordinates":[-4.41002,36.72105]},"properties":{"anio":2018}},{"type":"Feature","geometry":{"type":"Point","coordinates":[-4.43232,36.72026]},"properties":{"anio":2018}},{"type":"Feature","geometry":{"type":"Point","coordinates":[-4.42812,36.72021]},"properties":{"anio":2018}},{"type":"Feature","geometry":{"type":"Point","coordinates":[-4.42235,36.72047]},"properties":{"anio":2018}},{"type":"Feature","geometry":{"type":"Point","coordinates":[-4.41966,36.72274]},"properties":{"anio":2018}},{"type":"Feature","geometry":{"type":"Point","coordinates":[-4.41555,36.72611]},"properties":{"anio":2018}},{"type":"Feature","geometry":{"type":"Point","coordinates":[-4.41916,36.72653]},"properties":{"anio":2018}},{"type":"Feature","geometry":{"type":"Point","coordinates":[-4.41519,36.72495]},"properties":{"anio":2018}},{"type":"Feature","geometry":{"type":"Point","coordinates":[-4.41944,36.72332]},"properties":{"anio":2018}},{"type":"Feature","geometry":{"type":"Point","coordinates":[-4.41962,36.7251]},"properties":{"anio":2018}},{"type":"Feature","geometry":{"type":"Point","coordinates":[-4.4122,36.72607]},"properties":{"anio":2018}},{"type":"Feature","geometry":{"type":"Point","coordinates":[-4.42397,36.73087]},"properties":{"anio":2018}},{"type":"Feature","geometry":{"type":"Point","coordinates":[-4.41555,36.73198]},"properties":{"anio":2018}},{"type":"Feature","geometry":{"type":"Point","coordinates":[-4.4237,36.71793]},"properties":{"anio":2018}},{"type":"Feature","geometry":{"type":"Point","coordinates":[-4.42729,36.72218]},"properties":{"anio":2018}},{"type":"Feature","geometry":{"type":"Point","coordinates":[-4.43067,36.72142]},"properties":{"anio":2018}},{"type":"Feature","geometry":{"type":"Point","coordinates":[-4.41718,36.72441]},"properties":{"anio":2018}},{"type":"Feature","geometry":{"type":"Point","coordinates":[-4.41443,36.72959]},"properties":{"anio":2018}},{"type":"Feature","geometry":{"type":"Point","coordinates":[-4.40896,36.71904]},"properties":{"anio":2018}},{"type":"Feature","geometry":{"type":"Point","coordinates":[-4.42125,36.72256]},"properties":{"anio":2018}},{"type":"Feature","geometry":{"type":"Point","coordinates":[-4.42105,36.73073]},"properties":{"anio":2018}},{"type":"Feature","geometry":{"type":"Point","coordinates":[-4.42313,36.71999]},"properties":{"anio":2018}},{"type":"Feature","geometry":{"type":"Point","coordinates":[-4.4086,36.71947]},"properties":{"anio":2018}},{"type":"Feature","geometry":{"type":"Point","coordinates":[-4.42484,36.71452]},"properties":{"anio":2018}},{"type":"Feature","geometry":{"type":"Point","coordinates":[-4.42251,36.72077]},"properties":{"anio":2018}},{"type":"Feature","geometry":{"type":"Point","coordinates":[-4.42508,36.72591]},"properties":{"anio":2018}},{"type":"Feature","geometry":{"type":"Point","coordinates":[-4.42003,36.72445]},"properties":{"anio":2018}},{"type":"Feature","geometry":{"type":"Point","coordinates":[-4.42327,36.71444]},"properties":{"anio":2018}},{"type":"Feature","geometry":{"type":"Point","coordinates":[-4.41933,36.72506]},"properties":{"anio":2018}},{"type":"Feature","geometry":{"type":"Point","coordinates":[-4.42208,36.71589]},"properties":{"anio":2018}},{"type":"Feature","geometry":{"type":"Point","coordinates":[-4.42685,36.72537]},"properties":{"anio":2018}},{"type":"Feature","geometry":{"type":"Point","coordinates":[-4.42403,36.71596]},"properties":{"anio":2018}},{"type":"Feature","geometry":{"type":"Point","coordinates":[-4.42999,36.72322]},"properties":{"anio":2018}},{"type":"Feature","geometry":{"type":"Point","coordinates":[-4.42283,36.7247]},"properties":{"anio":2018}},{"type":"Feature","geometry":{"type":"Point","coordinates":[-4.41168,36.71903]},"properties":{"anio":2018}},{"type":"Feature","geometry":{"type":"Point","coordinates":[-4.4286,36.71961]},"properties":{"anio":2018}},{"type":"Feature","geometry":{"type":"Point","coordinates":[-4.41878,36.73047]},"properties":{"anio":2018}},{"type":"Feature","geometry":{"type":"Point","coordinates":[-4.41951,36.72512]},"properties":{"anio":2018}},{"type":"Feature","geometry":{"type":"Point","coordinates":[-4.4251,36.72924]},"properties":{"anio":2018}},{"type":"Feature","geometry":{"type":"Point","coordinates":[-4.42302,36.72664]},"properties":{"anio":2018}},{"type":"Feature","geometry":{"type":"Point","coordinates":[-4.42363,36.71466]},"properties":{"anio":2018}},{"type":"Feature","geometry":{"type":"Point","coordinates":[-4.42467,36.72721]},"properties":{"anio":2018}},{"type":"Feature","geometry":{"type":"Point","coordinates":[-4.41718,36.72441]},"properties":{"anio":2018}},{"type":"Feature","geometry":{"type":"Point","coordinates":[-4.41897,36.72568]},"properties":{"anio":2018}},{"type":"Feature","geometry":{"type":"Point","coordinates":[-4.4196,36.72224]},"properties":{"anio":2018}},{"type":"Feature","geometry":{"type":"Point","coordinates":[-4.42026,36.72322]},"properties":{"anio":2018}},{"type":"Feature","geometry":{"type":"Point","coordinates":[-4.42202,36.72794]},"properties":{"anio":2018}},{"type":"Feature","geometry":{"type":"Point","coordinates":[-4.42883,36.71921]},"properties":{"anio":2018}},{"type":"Feature","geometry":{"type":"Point","coordinates":[-4.42846,36.71223]},"properties":{"anio":2018}},{"type":"Feature","geometry":{"type":"Point","coordinates":[-4.42098,36.72173]},"properties":{"anio":2018}},{"type":"Feature","geometry":{"type":"Point","coordinates":[-4.42098,36.72173]},"properties":{"anio":2018}},{"type":"Feature","geometry":{"type":"Point","coordinates":[-4.42098,36.72173]},"properties":{"anio":2018}},{"type":"Feature","geometry":{"type":"Point","coordinates":[-4.42098,36.72173]},"properties":{"anio":2018}},{"type":"Feature","geometry":{"type":"Point","coordinates":[-4.41951,36.72512]},"properties":{"anio":2018}},{"type":"Feature","geometry":{"type":"Point","coordinates":[-4.42989,36.72516]},"properties":{"anio":2018}},{"type":"Feature","geometry":{"type":"Point","coordinates":[-4.41125,36.71744]},"properties":{"anio":2018}},{"type":"Feature","geometry":{"type":"Point","coordinates":[-4.42327,36.71523]},"properties":{"anio":2018}},{"type":"Feature","geometry":{"type":"Point","coordinates":[-4.42851,36.7192]},"properties":{"anio":2018}},{"type":"Feature","geometry":{"type":"Point","coordinates":[-4.40961,36.71872]},"properties":{"anio":2018}},{"type":"Feature","geometry":{"type":"Point","coordinates":[-4.42756,36.72577]},"properties":{"anio":2018}},{"type":"Feature","geometry":{"type":"Point","coordinates":[-4.4179,36.73628]},"properties":{"anio":2018}},{"type":"Feature","geometry":{"type":"Point","coordinates":[-4.42251,36.72077]},"properties":{"anio":2018}},{"type":"Feature","geometry":{"type":"Point","coordinates":[-4.41135,36.71702]},"properties":{"anio":2018}},{"type":"Feature","geometry":{"type":"Point","coordinates":[-4.41738,36.73687]},"properties":{"anio":2018}},{"type":"Feature","geometry":{"type":"Point","coordinates":[-4.42116,36.71982]},"properties":{"anio":2018}},{"type":"Feature","geometry":{"type":"Point","coordinates":[-4.42032,36.72991]},"properties":{"anio":2018}},{"type":"Feature","geometry":{"type":"Point","coordinates":[-4.43131,36.72156]},"properties":{"anio":2018}},{"type":"Feature","geometry":{"type":"Point","coordinates":[-4.4188,36.72225]},"properties":{"anio":2018}},{"type":"Feature","geometry":{"type":"Point","coordinates":[-4.41889,36.72665]},"properties":{"anio":2018}},{"type":"Feature","geometry":{"type":"Point","coordinates":[-4.4246,36.72991]},"properties":{"anio":2018}},{"type":"Feature","geometry":{"type":"Point","coordinates":[-4.42053,36.72197]},"properties":{"anio":2018}},{"type":"Feature","geometry":{"type":"Point","coordinates":[-4.41254,36.71619]},"properties":{"anio":2018}},{"type":"Feature","geometry":{"type":"Point","coordinates":[-4.42652,36.71372]},"properties":{"anio":2018}},{"type":"Feature","geometry":{"type":"Point","coordinates":[-4.42432,36.72516]},"properties":{"anio":2018}},{"type":"Feature","geometry":{"type":"Point","coordinates":[-4.41435,36.72606]},"properties":{"anio":2018}},{"type":"Feature","geometry":{"type":"Point","coordinates":[-4.42118,36.72017]},"properties":{"anio":2018}},{"type":"Feature","geometry":{"type":"Point","coordinates":[-4.42797,36.72454]},"properties":{"anio":2018}},{"type":"Feature","geometry":{"type":"Point","coordinates":[-4.41164,36.71762]},"properties":{"anio":2018}},{"type":"Feature","geometry":{"type":"Point","coordinates":[-4.41136,36.72585]},"properties":{"anio":2018}},{"type":"Feature","geometry":{"type":"Point","coordinates":[-4.41603,36.72487]},"properties":{"anio":2018}},{"type":"Feature","geometry":{"type":"Point","coordinates":[-4.4198,36.72652]},"properties":{"anio":2018}},{"type":"Feature","geometry":{"type":"Point","coordinates":[-4.41983,36.72266]},"properties":{"anio":2018}},{"type":"Feature","geometry":{"type":"Point","coordinates":[-4.41168,36.71903]},"properties":{"anio":2019}},{"type":"Feature","geometry":{"type":"Point","coordinates":[-4.42506,36.71966]},"properties":{"anio":2018}},{"type":"Feature","geometry":{"type":"Point","coordinates":[-4.41854,36.71982]},"properties":{"anio":2018}},{"type":"Feature","geometry":{"type":"Point","coordinates":[-4.4193,36.72983]},"properties":{"anio":2018}},{"type":"Feature","geometry":{"type":"Point","coordinates":[-4.42309,36.72185]},"properties":{"anio":2018}},{"type":"Feature","geometry":{"type":"Point","coordinates":[-4.42309,36.72185]},"properties":{"anio":2018}},{"type":"Feature","geometry":{"type":"Point","coordinates":[-4.42886,36.7151]},"properties":{"anio":2018}},{"type":"Feature","geometry":{"type":"Point","coordinates":[-4.40814,36.71902]},"properties":{"anio":2018}},{"type":"Feature","geometry":{"type":"Point","coordinates":[-4.41878,36.7241]},"properties":{"anio":2018}},{"type":"Feature","geometry":{"type":"Point","coordinates":[-4.41878,36.72314]},"properties":{"anio":2018}},{"type":"Feature","geometry":{"type":"Point","coordinates":[-4.42837,36.7144]},"properties":{"anio":2018}},{"type":"Feature","geometry":{"type":"Point","coordinates":[-4.42644,36.72314]},"properties":{"anio":2018}},{"type":"Feature","geometry":{"type":"Point","coordinates":[-4.41194,36.72637]},"properties":{"anio":2018}},{"type":"Feature","geometry":{"type":"Point","coordinates":[-4.41738,36.72193]},"properties":{"anio":2018}},{"type":"Feature","geometry":{"type":"Point","coordinates":[-4.41801,36.724]},"properties":{"anio":2018}},{"type":"Feature","geometry":{"type":"Point","coordinates":[-4.41955,36.72432]},"properties":{"anio":2018}},{"type":"Feature","geometry":{"type":"Point","coordinates":[-4.42408,36.72507]},"properties":{"anio":2018}},{"type":"Feature","geometry":{"type":"Point","coordinates":[-4.4251,36.72335]},"properties":{"anio":2018}},{"type":"Feature","geometry":{"type":"Point","coordinates":[-4.42457,36.71661]},"properties":{"anio":2018}},{"type":"Feature","geometry":{"type":"Point","coordinates":[-4.42475,36.71769]},"properties":{"anio":2018}},{"type":"Feature","geometry":{"type":"Point","coordinates":[-4.41866,36.72426]},"properties":{"anio":2018}},{"type":"Feature","geometry":{"type":"Point","coordinates":[-4.41125,36.71744]},"properties":{"anio":2018}},{"type":"Feature","geometry":{"type":"Point","coordinates":[-4.41847,36.72437]},"properties":{"anio":2018}},{"type":"Feature","geometry":{"type":"Point","coordinates":[-4.42108,36.72313]},"properties":{"anio":2018}},{"type":"Feature","geometry":{"type":"Point","coordinates":[-4.41178,36.71688]},"properties":{"anio":2018}},{"type":"Feature","geometry":{"type":"Point","coordinates":[-4.42198,36.72529]},"properties":{"anio":2018}},{"type":"Feature","geometry":{"type":"Point","coordinates":[-4.41633,36.72352]},"properties":{"anio":2018}},{"type":"Feature","geometry":{"type":"Point","coordinates":[-4.41624,36.73646]},"properties":{"anio":2018}},{"type":"Feature","geometry":{"type":"Point","coordinates":[-4.42522,36.71297]},"properties":{"anio":2019}},{"type":"Feature","geometry":{"type":"Point","coordinates":[-4.41651,36.73229]},"properties":{"anio":2018}},{"type":"Feature","geometry":{"type":"Point","coordinates":[-4.43066,36.72341]},"properties":{"anio":2018}},{"type":"Feature","geometry":{"type":"Point","coordinates":[-4.41035,36.71796]},"properties":{"anio":2019}},{"type":"Feature","geometry":{"type":"Point","coordinates":[-4.41373,36.72545]},"properties":{"anio":2019}},{"type":"Feature","geometry":{"type":"Point","coordinates":[-4.42843,36.72094]},"properties":{"anio":2018}},{"type":"Feature","geometry":{"type":"Point","coordinates":[-4.41663,36.73369]},"properties":{"anio":2018}},{"type":"Feature","geometry":{"type":"Point","coordinates":[-4.42347,36.71514]},"properties":{"anio":2018}},{"type":"Feature","geometry":{"type":"Point","coordinates":[-4.41536,36.72748]},"properties":{"anio":2018}},{"type":"Feature","geometry":{"type":"Point","coordinates":[-4.42867,36.72168]},"properties":{"anio":2018}},{"type":"Feature","geometry":{"type":"Point","coordinates":[-4.42867,36.72168]},"properties":{"anio":2018}},{"type":"Feature","geometry":{"type":"Point","coordinates":[-4.42701,36.71443]},"properties":{"anio":2019}},{"type":"Feature","geometry":{"type":"Point","coordinates":[-4.42863,36.71351]},"properties":{"anio":2019}},{"type":"Feature","geometry":{"type":"Point","coordinates":[-4.4226,36.72058]},"properties":{"anio":2019}},{"type":"Feature","geometry":{"type":"Point","coordinates":[-4.42304,36.71955]},"properties":{"anio":2019}},{"type":"Feature","geometry":{"type":"Point","coordinates":[-4.4236,36.72421]},"properties":{"anio":2019}},{"type":"Feature","geometry":{"type":"Point","coordinates":[-4.41671,36.73237]},"properties":{"anio":2019}},{"type":"Feature","geometry":{"type":"Point","coordinates":[-4.42683,36.7149]},"properties":{"anio":2019}},{"type":"Feature","geometry":{"type":"Point","coordinates":[-4.42047,36.72559]},"properties":{"anio":2019}},{"type":"Feature","geometry":{"type":"Point","coordinates":[-4.41906,36.7252]},"properties":{"anio":2019}},{"type":"Feature","geometry":{"type":"Point","coordinates":[-4.4182,36.7366]},"properties":{"anio":2019}},{"type":"Feature","geometry":{"type":"Point","coordinates":[-4.4182,36.7366]},"properties":{"anio":2019}},{"type":"Feature","geometry":{"type":"Point","coordinates":[-4.41526,36.72589]},"properties":{"anio":2019}},{"type":"Feature","geometry":{"type":"Point","coordinates":[-4.42877,36.71293]},"properties":{"anio":2019}},{"type":"Feature","geometry":{"type":"Point","coordinates":[-4.42236,36.72325]},"properties":{"anio":2019}},{"type":"Feature","geometry":{"type":"Point","coordinates":[-4.41813,36.72044]},"properties":{"anio":2019}},{"type":"Feature","geometry":{"type":"Point","coordinates":[-4.41125,36.71744]},"properties":{"anio":2019}},{"type":"Feature","geometry":{"type":"Point","coordinates":[-4.41125,36.71744]},"properties":{"anio":2019}},{"type":"Feature","geometry":{"type":"Point","coordinates":[-4.42309,36.71657]},"properties":{"anio":2019}},{"type":"Feature","geometry":{"type":"Point","coordinates":[-4.41508,36.72799]},"properties":{"anio":2019}},{"type":"Feature","geometry":{"type":"Point","coordinates":[-4.41169,36.7175]},"properties":{"anio":2019}},{"type":"Feature","geometry":{"type":"Point","coordinates":[-4.42171,36.72663]},"properties":{"anio":2019}},{"type":"Feature","geometry":{"type":"Point","coordinates":[-4.42898,36.71423]},"properties":{"anio":2019}},{"type":"Feature","geometry":{"type":"Point","coordinates":[-4.42337,36.71991]},"properties":{"anio":2019}},{"type":"Feature","geometry":{"type":"Point","coordinates":[-4.42337,36.71991]},"properties":{"anio":2019}},{"type":"Feature","geometry":{"type":"Point","coordinates":[-4.40813,36.72108]},"properties":{"anio":2019}},{"type":"Feature","geometry":{"type":"Point","coordinates":[-4.40813,36.72108]},"properties":{"anio":2019}},{"type":"Feature","geometry":{"type":"Point","coordinates":[-4.42074,36.72356]},"properties":{"anio":2019}},{"type":"Feature","geometry":{"type":"Point","coordinates":[-4.41913,36.72154]},"properties":{"anio":2019}},{"type":"Feature","geometry":{"type":"Point","coordinates":[-4.42439,36.71343]},"properties":{"anio":2019}},{"type":"Feature","geometry":{"type":"Point","coordinates":[-4.42976,36.72425]},"properties":{"anio":2019}},{"type":"Feature","geometry":{"type":"Point","coordinates":[-4.41933,36.72557]},"properties":{"anio":2019}},{"type":"Feature","geometry":{"type":"Point","coordinates":[-4.41447,36.72796]},"properties":{"anio":2019}},{"type":"Feature","geometry":{"type":"Point","coordinates":[-4.41447,36.729]},"properties":{"anio":2019}},{"type":"Feature","geometry":{"type":"Point","coordinates":[-4.42736,36.71108]},"properties":{"anio":2019}},{"type":"Feature","geometry":{"type":"Point","coordinates":[-4.42115,36.71717]},"properties":{"anio":2019}},{"type":"Feature","geometry":{"type":"Point","coordinates":[-4.42398,36.71493]},"properties":{"anio":2019}},{"type":"Feature","geometry":{"type":"Point","coordinates":[-4.42065,36.726]},"properties":{"anio":2018}},{"type":"Feature","geometry":{"type":"Point","coordinates":[-4.42236,36.72445]},"properties":{"anio":2018}},{"type":"Feature","geometry":{"type":"Point","coordinates":[-4.42235,36.72411]},"properties":{"anio":2019}},{"type":"Feature","geometry":{"type":"Point","coordinates":[-4.42833,36.71385]},"properties":{"anio":2019}},{"type":"Feature","geometry":{"type":"Point","coordinates":[-4.41515,36.72375]},"properties":{"anio":2019}},{"type":"Feature","geometry":{"type":"Point","coordinates":[-4.42406,36.72397]},"properties":{"anio":2019}},{"type":"Feature","geometry":{"type":"Point","coordinates":[-4.42229,36.72178]},"properties":{"anio":2019}},{"type":"Feature","geometry":{"type":"Point","coordinates":[-4.41424,36.72651]},"properties":{"anio":2019}},{"type":"Feature","geometry":{"type":"Point","coordinates":[-4.41908,36.72269]},"properties":{"anio":2019}},{"type":"Feature","geometry":{"type":"Point","coordinates":[-4.4247,36.71454]},"properties":{"anio":2019}},{"type":"Feature","geometry":{"type":"Point","coordinates":[-4.41845,36.72405]},"properties":{"anio":2019}},{"type":"Feature","geometry":{"type":"Point","coordinates":[-4.41178,36.71688]},"properties":{"anio":2019}},{"type":"Feature","geometry":{"type":"Point","coordinates":[-4.42918,36.71367]},"properties":{"anio":2019}},{"type":"Feature","geometry":{"type":"Point","coordinates":[-4.42304,36.71672]},"properties":{"anio":2019}},{"type":"Feature","geometry":{"type":"Point","coordinates":[-4.41467,36.72482]},"properties":{"anio":2019}},{"type":"Feature","geometry":{"type":"Point","coordinates":[-4.41373,36.72545]},"properties":{"anio":2019}},{"type":"Feature","geometry":{"type":"Point","coordinates":[-4.42472,36.71888]},"properties":{"anio":2019}},{"type":"Feature","geometry":{"type":"Point","coordinates":[-4.42327,36.71523]},"properties":{"anio":2019}},{"type":"Feature","geometry":{"type":"Point","coordinates":[-4.42001,36.72116]},"properties":{"anio":2019}},{"type":"Feature","geometry":{"type":"Point","coordinates":[-4.41964,36.73156]},"properties":{"anio":2019}},{"type":"Feature","geometry":{"type":"Point","coordinates":[-4.42074,36.72356]},"properties":{"anio":2019}},{"type":"Feature","geometry":{"type":"Point","coordinates":[-4.42074,36.72356]},"properties":{"anio":2019}},{"type":"Feature","geometry":{"type":"Point","coordinates":[-4.41945,36.72234]},"properties":{"anio":2019}},{"type":"Feature","geometry":{"type":"Point","coordinates":[-4.42327,36.71523]},"properties":{"anio":2019}},{"type":"Feature","geometry":{"type":"Point","coordinates":[-4.41889,36.72536]},"properties":{"anio":2019}},{"type":"Feature","geometry":{"type":"Point","coordinates":[-4.42327,36.71523]},"properties":{"anio":2019}},{"type":"Feature","geometry":{"type":"Point","coordinates":[-4.42335,36.72239]},"properties":{"anio":2019}},{"type":"Feature","geometry":{"type":"Point","coordinates":[-4.41806,36.72374]},"properties":{"anio":2019}},{"type":"Feature","geometry":{"type":"Point","coordinates":[-4.41636,36.72465]},"properties":{"anio":2019}},{"type":"Feature","geometry":{"type":"Point","coordinates":[-4.421,36.72251]},"properties":{"anio":2019}},{"type":"Feature","geometry":{"type":"Point","coordinates":[-4.42191,36.7277]},"properties":{"anio":2019}},{"type":"Feature","geometry":{"type":"Point","coordinates":[-4.42418,36.71925]},"properties":{"anio":2019}},{"type":"Feature","geometry":{"type":"Point","coordinates":[-4.42191,36.7277]},"properties":{"anio":2019}},{"type":"Feature","geometry":{"type":"Point","coordinates":[-4.42431,36.71594]},"properties":{"anio":2019}},{"type":"Feature","geometry":{"type":"Point","coordinates":[-4.42858,36.71451]},"properties":{"anio":2019}},{"type":"Feature","geometry":{"type":"Point","coordinates":[-4.42507,36.72735]},"properties":{"anio":2019}},{"type":"Feature","geometry":{"type":"Point","coordinates":[-4.41196,36.72651]},"properties":{"anio":2019}},{"type":"Feature","geometry":{"type":"Point","coordinates":[-4.42266,36.71902]},"properties":{"anio":2019}},{"type":"Feature","geometry":{"type":"Point","coordinates":[-4.41951,36.72397]},"properties":{"anio":2019}},{"type":"Feature","geometry":{"type":"Point","coordinates":[-4.42133,36.7224]},"properties":{"anio":2019}},{"type":"Feature","geometry":{"type":"Point","coordinates":[-4.422,36.72059]},"properties":{"anio":2019}},{"type":"Feature","geometry":{"type":"Point","coordinates":[-4.40853,36.71932]},"properties":{"anio":2019}},{"type":"Feature","geometry":{"type":"Point","coordinates":[-4.424,36.72434]},"properties":{"anio":2019}},{"type":"Feature","geometry":{"type":"Point","coordinates":[-4.41942,36.72494]},"properties":{"anio":2019}},{"type":"Feature","geometry":{"type":"Point","coordinates":[-4.42797,36.72454]},"properties":{"anio":2019}},{"type":"Feature","geometry":{"type":"Point","coordinates":[-4.41188,36.72612]},"properties":{"anio":2019}},{"type":"Feature","geometry":{"type":"Point","coordinates":[-4.42237,36.7196]},"properties":{"anio":2019}},{"type":"Feature","geometry":{"type":"Point","coordinates":[-4.42082,36.72324]},"properties":{"anio":2019}},{"type":"Feature","geometry":{"type":"Point","coordinates":[-4.41971,36.72391]},"properties":{"anio":2019}},{"type":"Feature","geometry":{"type":"Point","coordinates":[-4.42323,36.71686]},"properties":{"anio":2019}},{"type":"Feature","geometry":{"type":"Point","coordinates":[-4.42323,36.71686]},"properties":{"anio":2019}},{"type":"Feature","geometry":{"type":"Point","coordinates":[-4.43102,36.72036]},"properties":{"anio":2019}},{"type":"Feature","geometry":{"type":"Point","coordinates":[-4.42019,36.729]},"properties":{"anio":2019}},{"type":"Feature","geometry":{"type":"Point","coordinates":[-4.41889,36.72536]},"properties":{"anio":2019}},{"type":"Feature","geometry":{"type":"Point","coordinates":[-4.41546,36.73042]},"properties":{"anio":2019}},{"type":"Feature","geometry":{"type":"Point","coordinates":[-4.42332,36.71964]},"properties":{"anio":2019}},{"type":"Feature","geometry":{"type":"Point","coordinates":[-4.41548,36.72822]},"properties":{"anio":2019}},{"type":"Feature","geometry":{"type":"Point","coordinates":[-4.42041,36.72412]},"properties":{"anio":2019}},{"type":"Feature","geometry":{"type":"Point","coordinates":[-4.42208,36.71589]},"properties":{"anio":2019}},{"type":"Feature","geometry":{"type":"Point","coordinates":[-4.42368,36.71499]},"properties":{"anio":2019}},{"type":"Feature","geometry":{"type":"Point","coordinates":[-4.43007,36.72336]},"properties":{"anio":2019}},{"type":"Feature","geometry":{"type":"Point","coordinates":[-4.42032,36.72529]},"properties":{"anio":2019}},{"type":"Feature","geometry":{"type":"Point","coordinates":[-4.41467,36.72482]},"properties":{"anio":2019}},{"type":"Feature","geometry":{"type":"Point","coordinates":[-4.42063,36.72232]},"properties":{"anio":2019}},{"type":"Feature","geometry":{"type":"Point","coordinates":[-4.42989,36.71194]},"properties":{"anio":2019}},{"type":"Feature","geometry":{"type":"Point","coordinates":[-4.40901,36.72952]},"properties":{"anio":2019}},{"type":"Feature","geometry":{"type":"Point","coordinates":[-4.42442,36.72238]},"properties":{"anio":2019}},{"type":"Feature","geometry":{"type":"Point","coordinates":[-4.41167,36.71919]},"properties":{"anio":2019}},{"type":"Feature","geometry":{"type":"Point","coordinates":[-4.42044,36.72981]},"properties":{"anio":2019}},{"type":"Feature","geometry":{"type":"Point","coordinates":[-4.42266,36.71902]},"properties":{"anio":2019}},{"type":"Feature","geometry":{"type":"Point","coordinates":[-4.42361,36.72073]},"properties":{"anio":2019}},{"type":"Feature","geometry":{"type":"Point","coordinates":[-4.4296,36.72294]},"properties":{"anio":2019}},{"type":"Feature","geometry":{"type":"Point","coordinates":[-4.4237,36.72264]},"properties":{"anio":2019}},{"type":"Feature","geometry":{"type":"Point","coordinates":[-4.42102,36.72296]},"properties":{"anio":2019}},{"type":"Feature","geometry":{"type":"Point","coordinates":[-4.41135,36.71702]},"properties":{"anio":2019}},{"type":"Feature","geometry":{"type":"Point","coordinates":[-4.41359,36.72566]},"properties":{"anio":2019}},{"type":"Feature","geometry":{"type":"Point","coordinates":[-4.43258,36.72105]},"properties":{"anio":2019}},{"type":"Feature","geometry":{"type":"Point","coordinates":[-4.42133,36.7224]},"properties":{"anio":2019}},{"type":"Feature","geometry":{"type":"Point","coordinates":[-4.42519,36.72721]},"properties":{"anio":2019}},{"type":"Feature","geometry":{"type":"Point","coordinates":[-4.43116,36.7237]},"properties":{"anio":2019}},{"type":"Feature","geometry":{"type":"Point","coordinates":[-4.41982,36.72583]},"properties":{"anio":2019}},{"type":"Feature","geometry":{"type":"Point","coordinates":[-4.4275,36.71423]},"properties":{"anio":2019}},{"type":"Feature","geometry":{"type":"Point","coordinates":[-4.41338,36.71554]},"properties":{"anio":2019}},{"type":"Feature","geometry":{"type":"Point","coordinates":[-4.41338,36.71554]},"properties":{"anio":2019}},{"type":"Feature","geometry":{"type":"Point","coordinates":[-4.42169,36.72148]},"properties":{"anio":2019}},{"type":"Feature","geometry":{"type":"Point","coordinates":[-4.42169,36.72148]},"properties":{"anio":2019}},{"type":"Feature","geometry":{"type":"Point","coordinates":[-4.42296,36.7275]},"properties":{"anio":2019}},{"type":"Feature","geometry":{"type":"Point","coordinates":[-4.42254,36.72365]},"properties":{"anio":2019}},{"type":"Feature","geometry":{"type":"Point","coordinates":[-4.41722,36.72377]},"properties":{"anio":2019}},{"type":"Feature","geometry":{"type":"Point","coordinates":[-4.42309,36.71657]},"properties":{"anio":2019}},{"type":"Feature","geometry":{"type":"Point","coordinates":[-4.41982,36.72583]},"properties":{"anio":2019}},{"type":"Feature","geometry":{"type":"Point","coordinates":[-4.42329,36.72081]},"properties":{"anio":2019}},{"type":"Feature","geometry":{"type":"Point","coordinates":[-4.4275,36.71423]},"properties":{"anio":2019}},{"type":"Feature","geometry":{"type":"Point","coordinates":[-4.4275,36.71423]},"properties":{"anio":2019}},{"type":"Feature","geometry":{"type":"Point","coordinates":[-4.41548,36.72822]},"properties":{"anio":2019}},{"type":"Feature","geometry":{"type":"Point","coordinates":[-4.42523,36.71856]},"properties":{"anio":2019}},{"type":"Feature","geometry":{"type":"Point","coordinates":[-4.41798,36.72557]},"properties":{"anio":2019}},{"type":"Feature","geometry":{"type":"Point","coordinates":[-4.42724,36.72434]},"properties":{"anio":2019}},{"type":"Feature","geometry":{"type":"Point","coordinates":[-4.42369,36.73051]},"properties":{"anio":2019}},{"type":"Feature","geometry":{"type":"Point","coordinates":[-4.43062,36.7141]},"properties":{"anio":2019}},{"type":"Feature","geometry":{"type":"Point","coordinates":[-4.42937,36.71988]},"properties":{"anio":2019}},{"type":"Feature","geometry":{"type":"Point","coordinates":[-4.41806,36.72519]},"properties":{"anio":2019}},{"type":"Feature","geometry":{"type":"Point","coordinates":[-4.4237,36.71793]},"properties":{"anio":2019}},{"type":"Feature","geometry":{"type":"Point","coordinates":[-4.42893,36.72702]},"properties":{"anio":2019}},{"type":"Feature","geometry":{"type":"Point","coordinates":[-4.41237,36.71731]},"properties":{"anio":2019}},{"type":"Feature","geometry":{"type":"Point","coordinates":[-4.41804,36.7254]},"properties":{"anio":2019}},{"type":"Feature","geometry":{"type":"Point","coordinates":[-4.4197,36.7254]},"properties":{"anio":2019}},{"type":"Feature","geometry":{"type":"Point","coordinates":[-4.41409,36.7309]},"properties":{"anio":2019}},{"type":"Feature","geometry":{"type":"Point","coordinates":[-4.42881,36.7137]},"properties":{"anio":2019}},{"type":"Feature","geometry":{"type":"Point","coordinates":[-4.41804,36.7254]},"properties":{"anio":2019}},{"type":"Feature","geometry":{"type":"Point","coordinates":[-4.40493,36.72796]},"properties":{"anio":2019}},{"type":"Feature","geometry":{"type":"Point","coordinates":[-4.42219,36.71837]},"properties":{"anio":2019}},{"type":"Feature","geometry":{"type":"Point","coordinates":[-4.42229,36.72065]},"properties":{"anio":2019}},{"type":"Feature","geometry":{"type":"Point","coordinates":[-4.4197,36.7254]},"properties":{"anio":2019}},{"type":"Feature","geometry":{"type":"Point","coordinates":[-4.42266,36.71902]},"properties":{"anio":2019}},{"type":"Feature","geometry":{"type":"Point","coordinates":[-4.42108,36.72313]},"properties":{"anio":2019}},{"type":"Feature","geometry":{"type":"Point","coordinates":[-4.42183,36.72476]},"properties":{"anio":2019}},{"type":"Feature","geometry":{"type":"Point","coordinates":[-4.41752,36.72044]},"properties":{"anio":2019}},{"type":"Feature","geometry":{"type":"Point","coordinates":[-4.4214,36.72139]},"properties":{"anio":2019}},{"type":"Feature","geometry":{"type":"Point","coordinates":[-4.41829,36.72341]},"properties":{"anio":2019}},{"type":"Feature","geometry":{"type":"Point","coordinates":[-4.42183,36.72459]},"properties":{"anio":2019}},{"type":"Feature","geometry":{"type":"Point","coordinates":[-4.41982,36.72583]},"properties":{"anio":2019}},{"type":"Feature","geometry":{"type":"Point","coordinates":[-4.41982,36.72583]},"properties":{"anio":2019}},{"type":"Feature","geometry":{"type":"Point","coordinates":[-4.41982,36.72583]},"properties":{"anio":2019}},{"type":"Feature","geometry":{"type":"Point","coordinates":[-4.42125,36.71642]},"properties":{"anio":2019}},{"type":"Feature","geometry":{"type":"Point","coordinates":[-4.42453,36.7225]},"properties":{"anio":2019}},{"type":"Feature","geometry":{"type":"Point","coordinates":[-4.41472,36.72501]},"properties":{"anio":2019}},{"type":"Feature","geometry":{"type":"Point","coordinates":[-4.41178,36.71688]},"properties":{"anio":2019}},{"type":"Feature","geometry":{"type":"Point","coordinates":[-4.41427,36.728]},"properties":{"anio":2019}},{"type":"Feature","geometry":{"type":"Point","coordinates":[-4.41652,36.72358]},"properties":{"anio":2019}},{"type":"Feature","geometry":{"type":"Point","coordinates":[-4.41787,36.72526]},"properties":{"anio":2019}},{"type":"Feature","geometry":{"type":"Point","coordinates":[-4.42705,36.72262]},"properties":{"anio":2019}},{"type":"Feature","geometry":{"type":"Point","coordinates":[-4.42035,36.72348]},"properties":{"anio":2019}},{"type":"Feature","geometry":{"type":"Point","coordinates":[-4.41708,36.72364]},"properties":{"anio":2019}},{"type":"Feature","geometry":{"type":"Point","coordinates":[-4.41152,36.72776]},"properties":{"anio":2019}},{"type":"Feature","geometry":{"type":"Point","coordinates":[-4.41152,36.72776]},"properties":{"anio":2019}},{"type":"Feature","geometry":{"type":"Point","coordinates":[-4.41275,36.72786]},"properties":{"anio":2019}},{"type":"Feature","geometry":{"type":"Point","coordinates":[-4.41523,36.72518]},"properties":{"anio":2019}},{"type":"Feature","geometry":{"type":"Point","coordinates":[-4.42074,36.72356]},"properties":{"anio":2019}},{"type":"Feature","geometry":{"type":"Point","coordinates":[-4.42413,36.71933]},"properties":{"anio":2019}},{"type":"Feature","geometry":{"type":"Point","coordinates":[-4.41178,36.71836]},"properties":{"anio":2019}},{"type":"Feature","geometry":{"type":"Point","coordinates":[-4.41125,36.71744]},"properties":{"anio":2019}},{"type":"Feature","geometry":{"type":"Point","coordinates":[-4.42281,36.72539]},"properties":{"anio":2019}},{"type":"Feature","geometry":{"type":"Point","coordinates":[-4.42026,36.72322]},"properties":{"anio":2019}},{"type":"Feature","geometry":{"type":"Point","coordinates":[-4.41379,36.73318]},"properties":{"anio":2019}},{"type":"Feature","geometry":{"type":"Point","coordinates":[-4.42015,36.71957]},"properties":{"anio":2019}},{"type":"Feature","geometry":{"type":"Point","coordinates":[-4.4086,36.71947]},"properties":{"anio":2019}},{"type":"Feature","geometry":{"type":"Point","coordinates":[-4.42418,36.72845]},"properties":{"anio":2019}},{"type":"Feature","geometry":{"type":"Point","coordinates":[-4.42277,36.72055]},"properties":{"anio":2019}},{"type":"Feature","geometry":{"type":"Point","coordinates":[-4.40982,36.72985]},"properties":{"anio":2019}},{"type":"Feature","geometry":{"type":"Point","coordinates":[-4.42283,36.7247]},"properties":{"anio":2019}},{"type":"Feature","geometry":{"type":"Point","coordinates":[-4.41125,36.71744]},"properties":{"anio":2019}},{"type":"Feature","geometry":{"type":"Point","coordinates":[-4.41227,36.7277]},"properties":{"anio":2019}},{"type":"Feature","geometry":{"type":"Point","coordinates":[-4.42723,36.72179]},"properties":{"anio":2019}},{"type":"Feature","geometry":{"type":"Point","coordinates":[-4.41432,36.72925]},"properties":{"anio":2019}},{"type":"Feature","geometry":{"type":"Point","coordinates":[-4.41432,36.72925]},"properties":{"anio":2019}},{"type":"Feature","geometry":{"type":"Point","coordinates":[-4.42013,36.73084]},"properties":{"anio":2019}},{"type":"Feature","geometry":{"type":"Point","coordinates":[-4.43019,36.71997]},"properties":{"anio":2019}},{"type":"Feature","geometry":{"type":"Point","coordinates":[-4.41982,36.72583]},"properties":{"anio":2019}},{"type":"Feature","geometry":{"type":"Point","coordinates":[-4.41562,36.73228]},"properties":{"anio":2019}},{"type":"Feature","geometry":{"type":"Point","coordinates":[-4.41397,36.72559]},"properties":{"anio":2019}},{"type":"Feature","geometry":{"type":"Point","coordinates":[-4.41108,36.72763]},"properties":{"anio":2019}},{"type":"Feature","geometry":{"type":"Point","coordinates":[-4.42747,36.72552]},"properties":{"anio":2019}},{"type":"Feature","geometry":{"type":"Point","coordinates":[-4.41979,36.72505]},"properties":{"anio":2019}},{"type":"Feature","geometry":{"type":"Point","coordinates":[-4.42305,36.71519]},"properties":{"anio":2019}},{"type":"Feature","geometry":{"type":"Point","coordinates":[-4.41449,36.72455]},"properties":{"anio":2019}},{"type":"Feature","geometry":{"type":"Point","coordinates":[-4.4221,36.72747]},"properties":{"anio":2019}},{"type":"Feature","geometry":{"type":"Point","coordinates":[-4.42163,36.72837]},"properties":{"anio":2019}},{"type":"Feature","geometry":{"type":"Point","coordinates":[-4.4226,36.72058]},"properties":{"anio":2019}},{"type":"Feature","geometry":{"type":"Point","coordinates":[-4.42905,36.71414]},"properties":{"anio":2019}},{"type":"Feature","geometry":{"type":"Point","coordinates":[-4.40696,36.72026]},"properties":{"anio":2019}},{"type":"Feature","geometry":{"type":"Point","coordinates":[-4.41428,36.72809]},"properties":{"anio":2019}},{"type":"Feature","geometry":{"type":"Point","coordinates":[-4.42874,36.71185]},"properties":{"anio":2019}},{"type":"Feature","geometry":{"type":"Point","coordinates":[-4.42999,36.72322]},"properties":{"anio":2019}},{"type":"Feature","geometry":{"type":"Point","coordinates":[-4.42644,36.72314]},"properties":{"anio":2019}},{"type":"Feature","geometry":{"type":"Point","coordinates":[-4.4297,36.72783]},"properties":{"anio":2019}},{"type":"Feature","geometry":{"type":"Point","coordinates":[-4.42065,36.726]},"properties":{"anio":2019}},{"type":"Feature","geometry":{"type":"Point","coordinates":[-4.42466,36.72202]},"properties":{"anio":2019}},{"type":"Feature","geometry":{"type":"Point","coordinates":[-4.42254,36.72272]},"properties":{"anio":2019}},{"type":"Feature","geometry":{"type":"Point","coordinates":[-4.41989,36.73129]},"properties":{"anio":2019}},{"type":"Feature","geometry":{"type":"Point","coordinates":[-4.41796,36.72507]},"properties":{"anio":2019}},{"type":"Feature","geometry":{"type":"Point","coordinates":[-4.41652,36.72358]},"properties":{"anio":2019}},{"type":"Feature","geometry":{"type":"Point","coordinates":[-4.42134,36.73353]},"properties":{"anio":2019}},{"type":"Feature","geometry":{"type":"Point","coordinates":[-4.41812,36.72628]},"properties":{"anio":2019}},{"type":"Feature","geometry":{"type":"Point","coordinates":[-4.41812,36.72628]},"properties":{"anio":2019}},{"type":"Feature","geometry":{"type":"Point","coordinates":[-4.421,36.72251]},"properties":{"anio":2019}},{"type":"Feature","geometry":{"type":"Point","coordinates":[-4.42266,36.71902]},"properties":{"anio":2019}},{"type":"Feature","geometry":{"type":"Point","coordinates":[-4.42072,36.72884]},"properties":{"anio":2019}},{"type":"Feature","geometry":{"type":"Point","coordinates":[-4.41812,36.72628]},"properties":{"anio":2019}},{"type":"Feature","geometry":{"type":"Point","coordinates":[-4.41793,36.72625]},"properties":{"anio":2019}},{"type":"Feature","geometry":{"type":"Point","coordinates":[-4.42467,36.72314]},"properties":{"anio":2019}},{"type":"Feature","geometry":{"type":"Point","coordinates":[-4.40604,36.72087]},"properties":{"anio":2019}},{"type":"Feature","geometry":{"type":"Point","coordinates":[-4.41318,36.72841]},"properties":{"anio":2019}},{"type":"Feature","geometry":{"type":"Point","coordinates":[-4.41793,36.72625]},"properties":{"anio":2019}},{"type":"Feature","geometry":{"type":"Point","coordinates":[-4.41793,36.72625]},"properties":{"anio":2019}},{"type":"Feature","geometry":{"type":"Point","coordinates":[-4.41793,36.72625]},"properties":{"anio":2019}},{"type":"Feature","geometry":{"type":"Point","coordinates":[-4.4198,36.72915]},"properties":{"anio":2019}},{"type":"Feature","geometry":{"type":"Point","coordinates":[-4.42472,36.71888]},"properties":{"anio":2019}},{"type":"Feature","geometry":{"type":"Point","coordinates":[-4.42463,36.72113]},"properties":{"anio":2019}},{"type":"Feature","geometry":{"type":"Point","coordinates":[-4.41812,36.72628]},"properties":{"anio":2019}},{"type":"Feature","geometry":{"type":"Point","coordinates":[-4.41629,36.72507]},"properties":{"anio":2019}},{"type":"Feature","geometry":{"type":"Point","coordinates":[-4.41629,36.72507]},"properties":{"anio":2019}},{"type":"Feature","geometry":{"type":"Point","coordinates":[-4.42825,36.72152]},"properties":{"anio":2019}},{"type":"Feature","geometry":{"type":"Point","coordinates":[-4.42777,36.72414]},"properties":{"anio":2019}},{"type":"Feature","geometry":{"type":"Point","coordinates":[-4.42384,36.71472]},"properties":{"anio":2019}},{"type":"Feature","geometry":{"type":"Point","coordinates":[-4.41338,36.71554]},"properties":{"anio":2019}},{"type":"Feature","geometry":{"type":"Point","coordinates":[-4.41636,36.72465]},"properties":{"anio":2019}},{"type":"Feature","geometry":{"type":"Point","coordinates":[-4.41611,36.73063]},"properties":{"anio":2019}},{"type":"Feature","geometry":{"type":"Point","coordinates":[-4.42406,36.72311]},"properties":{"anio":2019}},{"type":"Feature","geometry":{"type":"Point","coordinates":[-4.41983,36.72266]},"properties":{"anio":2019}},{"type":"Feature","geometry":{"type":"Point","coordinates":[-4.42313,36.71999]},"properties":{"anio":2019}},{"type":"Feature","geometry":{"type":"Point","coordinates":[-4.41536,36.73112]},"properties":{"anio":2019}},{"type":"Feature","geometry":{"type":"Point","coordinates":[-4.41508,36.72799]},"properties":{"anio":2019}},{"type":"Feature","geometry":{"type":"Point","coordinates":[-4.42183,36.72476]},"properties":{"anio":2019}},{"type":"Feature","geometry":{"type":"Point","coordinates":[-4.43129,36.72092]},"properties":{"anio":2019}},{"type":"Feature","geometry":{"type":"Point","coordinates":[-4.42289,36.72735]},"properties":{"anio":2019}},{"type":"Feature","geometry":{"type":"Point","coordinates":[-4.42019,36.729]},"properties":{"anio":2019}},{"type":"Feature","geometry":{"type":"Point","coordinates":[-4.42314,36.71543]},"properties":{"anio":2019}},{"type":"Feature","geometry":{"type":"Point","coordinates":[-4.42163,36.71598]},"properties":{"anio":2019}},{"type":"Feature","geometry":{"type":"Point","coordinates":[-4.4235,36.71799]},"properties":{"anio":2019}},{"type":"Feature","geometry":{"type":"Point","coordinates":[-4.4251,36.72924]},"properties":{"anio":2019}},{"type":"Feature","geometry":{"type":"Point","coordinates":[-4.42769,36.71522]},"properties":{"anio":2019}},{"type":"Feature","geometry":{"type":"Point","coordinates":[-4.40813,36.72108]},"properties":{"anio":2019}},{"type":"Feature","geometry":{"type":"Point","coordinates":[-4.42363,36.72757]},"properties":{"anio":2019}},{"type":"Feature","geometry":{"type":"Point","coordinates":[-4.42366,36.71909]},"properties":{"anio":2019}},{"type":"Feature","geometry":{"type":"Point","coordinates":[-4.41143,36.72916]},"properties":{"anio":2019}},{"type":"Feature","geometry":{"type":"Point","coordinates":[-4.4062,36.7205]},"properties":{"anio":2019}},{"type":"Feature","geometry":{"type":"Point","coordinates":[-4.42284,36.72018]},"properties":{"anio":2019}},{"type":"Feature","geometry":{"type":"Point","coordinates":[-4.41105,36.71801]},"properties":{"anio":2019}},{"type":"Feature","geometry":{"type":"Point","coordinates":[-4.41718,36.72441]},"properties":{"anio":2019}},{"type":"Feature","geometry":{"type":"Point","coordinates":[-4.41621,36.72448]},"properties":{"anio":2019}},{"type":"Feature","geometry":{"type":"Point","coordinates":[-4.41636,36.72465]},"properties":{"anio":2019}},{"type":"Feature","geometry":{"type":"Point","coordinates":[-4.42103,36.7203]},"properties":{"anio":2019}},{"type":"Feature","geometry":{"type":"Point","coordinates":[-4.42942,36.7194]},"properties":{"anio":2019}},{"type":"Feature","geometry":{"type":"Point","coordinates":[-4.42266,36.71902]},"properties":{"anio":2019}},{"type":"Feature","geometry":{"type":"Point","coordinates":[-4.42135,36.72426]},"properties":{"anio":2019}},{"type":"Feature","geometry":{"type":"Point","coordinates":[-4.4161,36.72482]},"properties":{"anio":2019}},{"type":"Feature","geometry":{"type":"Point","coordinates":[-4.41152,36.72776]},"properties":{"anio":2019}},{"type":"Feature","geometry":{"type":"Point","coordinates":[-4.41106,36.72984]},"properties":{"anio":2019}},{"type":"Feature","geometry":{"type":"Point","coordinates":[-4.41862,36.72538]},"properties":{"anio":2019}},{"type":"Feature","geometry":{"type":"Point","coordinates":[-4.42486,36.71478]},"properties":{"anio":2019}},{"type":"Feature","geometry":{"type":"Point","coordinates":[-4.41566,36.73249]},"properties":{"anio":2019}},{"type":"Feature","geometry":{"type":"Point","coordinates":[-4.42065,36.726]},"properties":{"anio":2019}},{"type":"Feature","geometry":{"type":"Point","coordinates":[-4.40997,36.72125]},"properties":{"anio":2019}},{"type":"Feature","geometry":{"type":"Point","coordinates":[-4.41125,36.71744]},"properties":{"anio":2019}},{"type":"Feature","geometry":{"type":"Point","coordinates":[-4.41689,36.72213]},"properties":{"anio":2019}},{"type":"Feature","geometry":{"type":"Point","coordinates":[-4.42254,36.73111]},"properties":{"anio":2019}},{"type":"Feature","geometry":{"type":"Point","coordinates":[-4.421,36.72251]},"properties":{"anio":2019}},{"type":"Feature","geometry":{"type":"Point","coordinates":[-4.40938,36.72039]},"properties":{"anio":2019}},{"type":"Feature","geometry":{"type":"Point","coordinates":[-4.41423,36.72764]},"properties":{"anio":2019}},{"type":"Feature","geometry":{"type":"Point","coordinates":[-4.42463,36.7238]},"properties":{"anio":2019}},{"type":"Feature","geometry":{"type":"Point","coordinates":[-4.42034,36.72649]},"properties":{"anio":2019}},{"type":"Feature","geometry":{"type":"Point","coordinates":[-4.41974,36.72465]},"properties":{"anio":2019}},{"type":"Feature","geometry":{"type":"Point","coordinates":[-4.4156,36.72606]},"properties":{"anio":2019}},{"type":"Feature","geometry":{"type":"Point","coordinates":[-4.42254,36.72192]},"properties":{"anio":2019}},{"type":"Feature","geometry":{"type":"Point","coordinates":[-4.42847,36.72674]},"properties":{"anio":2019}},{"type":"Feature","geometry":{"type":"Point","coordinates":[-4.42326,36.7266]},"properties":{"anio":2019}},{"type":"Feature","geometry":{"type":"Point","coordinates":[-4.42125,36.71642]},"properties":{"anio":2019}},{"type":"Feature","geometry":{"type":"Point","coordinates":[-4.42302,36.72291]},"properties":{"anio":2019}},{"type":"Feature","geometry":{"type":"Point","coordinates":[-4.41916,36.72653]},"properties":{"anio":2019}},{"type":"Feature","geometry":{"type":"Point","coordinates":[-4.41697,36.73042]},"properties":{"anio":2019}},{"type":"Feature","geometry":{"type":"Point","coordinates":[-4.42285,36.72551]},"properties":{"anio":2019}},{"type":"Feature","geometry":{"type":"Point","coordinates":[-4.41254,36.72729]},"properties":{"anio":2019}},{"type":"Feature","geometry":{"type":"Point","coordinates":[-4.41879,36.73077]},"properties":{"anio":2019}},{"type":"Feature","geometry":{"type":"Point","coordinates":[-4.42264,36.72124]},"properties":{"anio":2019}},{"type":"Feature","geometry":{"type":"Point","coordinates":[-4.4166,36.72476]},"properties":{"anio":2019}},{"type":"Feature","geometry":{"type":"Point","coordinates":[-4.41548,36.72822]},"properties":{"anio":2019}},{"type":"Feature","geometry":{"type":"Point","coordinates":[-4.4297,36.72783]},"properties":{"anio":2019}},{"type":"Feature","geometry":{"type":"Point","coordinates":[-4.4145,36.72915]},"properties":{"anio":2019}},{"type":"Feature","geometry":{"type":"Point","coordinates":[-4.42327,36.71444]},"properties":{"anio":2019}},{"type":"Feature","geometry":{"type":"Point","coordinates":[-4.41869,36.72532]},"properties":{"anio":2019}},{"type":"Feature","geometry":{"type":"Point","coordinates":[-4.41985,36.72297]},"properties":{"anio":2019}},{"type":"Feature","geometry":{"type":"Point","coordinates":[-4.42736,36.7193]},"properties":{"anio":2019}},{"type":"Feature","geometry":{"type":"Point","coordinates":[-4.41969,36.72469]},"properties":{"anio":2019}},{"type":"Feature","geometry":{"type":"Point","coordinates":[-4.41472,36.72501]},"properties":{"anio":2019}},{"type":"Feature","geometry":{"type":"Point","coordinates":[-4.41156,36.72948]},"properties":{"anio":2019}},{"type":"Feature","geometry":{"type":"Point","coordinates":[-4.41125,36.71744]},"properties":{"anio":2019}},{"type":"Feature","geometry":{"type":"Point","coordinates":[-4.41756,36.72504]},"properties":{"anio":2019}},{"type":"Feature","geometry":{"type":"Point","coordinates":[-4.41486,36.73026]},"properties":{"anio":2019}},{"type":"Feature","geometry":{"type":"Point","coordinates":[-4.42031,36.72768]},"properties":{"anio":2019}},{"type":"Feature","geometry":{"type":"Point","coordinates":[-4.41046,36.71938]},"properties":{"anio":2019}},{"type":"Feature","geometry":{"type":"Point","coordinates":[-4.42383,36.7263]},"properties":{"anio":2019}},{"type":"Feature","geometry":{"type":"Point","coordinates":[-4.4244,36.72352]},"properties":{"anio":2019}},{"type":"Feature","geometry":{"type":"Point","coordinates":[-4.41997,36.72425]},"properties":{"anio":2019}},{"type":"Feature","geometry":{"type":"Point","coordinates":[-4.42843,36.72094]},"properties":{"anio":2019}},{"type":"Feature","geometry":{"type":"Point","coordinates":[-4.42802,36.71255]},"properties":{"anio":2019}},{"type":"Feature","geometry":{"type":"Point","coordinates":[-4.43243,36.7223]},"properties":{"anio":2019}},{"type":"Feature","geometry":{"type":"Point","coordinates":[-4.4148,36.72575]},"properties":{"anio":2019}},{"type":"Feature","geometry":{"type":"Point","coordinates":[-4.42809,36.71362]},"properties":{"anio":2019}},{"type":"Feature","geometry":{"type":"Point","coordinates":[-4.42447,36.71926]},"properties":{"anio":2019}},{"type":"Feature","geometry":{"type":"Point","coordinates":[-4.42008,36.72101]},"properties":{"anio":2019}},{"type":"Feature","geometry":{"type":"Point","coordinates":[-4.41689,36.73221]},"properties":{"anio":2019}},{"type":"Feature","geometry":{"type":"Point","coordinates":[-4.42942,36.7194]},"properties":{"anio":2019}},{"type":"Feature","geometry":{"type":"Point","coordinates":[-4.42705,36.72262]},"properties":{"anio":2019}},{"type":"Feature","geometry":{"type":"Point","coordinates":[-4.4246,36.72991]},"properties":{"anio":2019}},{"type":"Feature","geometry":{"type":"Point","coordinates":[-4.43067,36.72142]},"properties":{"anio":2019}},{"type":"Feature","geometry":{"type":"Point","coordinates":[-4.41933,36.72557]},"properties":{"anio":2019}},{"type":"Feature","geometry":{"type":"Point","coordinates":[-4.41555,36.72932]},"properties":{"anio":2019}},{"type":"Feature","geometry":{"type":"Point","coordinates":[-4.42331,36.71941]},"properties":{"anio":2019}},{"type":"Feature","geometry":{"type":"Point","coordinates":[-4.41953,36.72524]},"properties":{"anio":2019}},{"type":"Feature","geometry":{"type":"Point","coordinates":[-4.42447,36.71926]},"properties":{"anio":2019}},{"type":"Feature","geometry":{"type":"Point","coordinates":[-4.42377,36.72899]},"properties":{"anio":2019}},{"type":"Feature","geometry":{"type":"Point","coordinates":[-4.41156,36.72948]},"properties":{"anio":2019}},{"type":"Feature","geometry":{"type":"Point","coordinates":[-4.42123,36.72842]},"properties":{"anio":2019}},{"type":"Feature","geometry":{"type":"Point","coordinates":[-4.42031,36.72768]},"properties":{"anio":2019}},{"type":"Feature","geometry":{"type":"Point","coordinates":[-4.4283,36.72639]},"properties":{"anio":2019}},{"type":"Feature","geometry":{"type":"Point","coordinates":[-4.42135,36.72426]},"properties":{"anio":2019}},{"type":"Feature","geometry":{"type":"Point","coordinates":[-4.40558,36.72064]},"properties":{"anio":2019}},{"type":"Feature","geometry":{"type":"Point","coordinates":[-4.4167,36.7307]},"properties":{"anio":2019}},{"type":"Feature","geometry":{"type":"Point","coordinates":[-4.41611,36.73063]},"properties":{"anio":2019}},{"type":"Feature","geometry":{"type":"Point","coordinates":[-4.42363,36.71466]},"properties":{"anio":2019}},{"type":"Feature","geometry":{"type":"Point","coordinates":[-4.41125,36.71744]},"properties":{"anio":2019}},{"type":"Feature","geometry":{"type":"Point","coordinates":[-4.41105,36.71801]},"properties":{"anio":2019}},{"type":"Feature","geometry":{"type":"Point","coordinates":[-4.42154,36.72196]},"properties":{"anio":2019}},{"type":"Feature","geometry":{"type":"Point","coordinates":[-4.41943,36.72534]},"properties":{"anio":2019}},{"type":"Feature","geometry":{"type":"Point","coordinates":[-4.4166,36.72476]},"properties":{"anio":2019}},{"type":"Feature","geometry":{"type":"Point","coordinates":[-4.41837,36.72399]},"properties":{"anio":2019}},{"type":"Feature","geometry":{"type":"Point","coordinates":[-4.41123,36.7195]},"properties":{"anio":2019}},{"type":"Feature","geometry":{"type":"Point","coordinates":[-4.4306,36.71911]},"properties":{"anio":2019}},{"type":"Feature","geometry":{"type":"Point","coordinates":[-4.42015,36.71957]},"properties":{"anio":2019}},{"type":"Feature","geometry":{"type":"Point","coordinates":[-4.42015,36.71957]},"properties":{"anio":2019}},{"type":"Feature","geometry":{"type":"Point","coordinates":[-4.4115,36.7213]},"properties":{"anio":2019}},{"type":"Feature","geometry":{"type":"Point","coordinates":[-4.42705,36.72262]},"properties":{"anio":2019}},{"type":"Feature","geometry":{"type":"Point","coordinates":[-4.42802,36.71255]},"properties":{"anio":2019}},{"type":"Feature","geometry":{"type":"Point","coordinates":[-4.41417,36.72566]},"properties":{"anio":2019}},{"type":"Feature","geometry":{"type":"Point","coordinates":[-4.42355,36.71977]},"properties":{"anio":2019}},{"type":"Feature","geometry":{"type":"Point","coordinates":[-4.4086,36.71947]},"properties":{"anio":2019}},{"type":"Feature","geometry":{"type":"Point","coordinates":[-4.4115,36.7213]},"properties":{"anio":2019}},{"type":"Feature","geometry":{"type":"Point","coordinates":[-4.41546,36.73042]},"properties":{"anio":2019}},{"type":"Feature","geometry":{"type":"Point","coordinates":[-4.41125,36.71744]},"properties":{"anio":2019}},{"type":"Feature","geometry":{"type":"Point","coordinates":[-4.42496,36.72223]},"properties":{"anio":2019}},{"type":"Feature","geometry":{"type":"Point","coordinates":[-4.42496,36.72223]},"properties":{"anio":2019}},{"type":"Feature","geometry":{"type":"Point","coordinates":[-4.42496,36.72223]},"properties":{"anio":2019}},{"type":"Feature","geometry":{"type":"Point","coordinates":[-4.42548,36.72847]},"properties":{"anio":2019}},{"type":"Feature","geometry":{"type":"Point","coordinates":[-4.41847,36.72437]},"properties":{"anio":2019}},{"type":"Feature","geometry":{"type":"Point","coordinates":[-4.41467,36.72482]},"properties":{"anio":2019}},{"type":"Feature","geometry":{"type":"Point","coordinates":[-4.42072,36.72858]},"properties":{"anio":2019}},{"type":"Feature","geometry":{"type":"Point","coordinates":[-4.42248,36.71625]},"properties":{"anio":2019}},{"type":"Feature","geometry":{"type":"Point","coordinates":[-4.42837,36.72426]},"properties":{"anio":2019}},{"type":"Feature","geometry":{"type":"Point","coordinates":[-4.41088,36.72682]},"properties":{"anio":2019}},{"type":"Feature","geometry":{"type":"Point","coordinates":[-4.42232,36.72373]},"properties":{"anio":2019}},{"type":"Feature","geometry":{"type":"Point","coordinates":[-4.43226,36.72101]},"properties":{"anio":2019}},{"type":"Feature","geometry":{"type":"Point","coordinates":[-4.42049,36.72481]},"properties":{"anio":2019}},{"type":"Feature","geometry":{"type":"Point","coordinates":[-4.42871,36.72457]},"properties":{"anio":2019}},{"type":"Feature","geometry":{"type":"Point","coordinates":[-4.42145,36.72321]},"properties":{"anio":2019}},{"type":"Feature","geometry":{"type":"Point","coordinates":[-4.42915,36.71915]},"properties":{"anio":2019}},{"type":"Feature","geometry":{"type":"Point","coordinates":[-4.41028,36.72616]},"properties":{"anio":2019}},{"type":"Feature","geometry":{"type":"Point","coordinates":[-4.42074,36.72356]},"properties":{"anio":2019}},{"type":"Feature","geometry":{"type":"Point","coordinates":[-4.4194,36.7234]},"properties":{"anio":2019}},{"type":"Feature","geometry":{"type":"Point","coordinates":[-4.4168,36.72513]},"properties":{"anio":2019}},{"type":"Feature","geometry":{"type":"Point","coordinates":[-4.41521,36.73233]},"properties":{"anio":2019}},{"type":"Feature","geometry":{"type":"Point","coordinates":[-4.42302,36.72664]},"properties":{"anio":2019}},{"type":"Feature","geometry":{"type":"Point","coordinates":[-4.42756,36.72046]},"properties":{"anio":2019}},{"type":"Feature","geometry":{"type":"Point","coordinates":[-4.41699,36.72473]},"properties":{"anio":2019}},{"type":"Feature","geometry":{"type":"Point","coordinates":[-4.42224,36.7238]},"properties":{"anio":2019}},{"type":"Feature","geometry":{"type":"Point","coordinates":[-4.42074,36.72356]},"properties":{"anio":2019}},{"type":"Feature","geometry":{"type":"Point","coordinates":[-4.41989,36.72386]},"properties":{"anio":2019}},{"type":"Feature","geometry":{"type":"Point","coordinates":[-4.42135,36.72426]},"properties":{"anio":2019}},{"type":"Feature","geometry":{"type":"Point","coordinates":[-4.41546,36.73042]},"properties":{"anio":2019}},{"type":"Feature","geometry":{"type":"Point","coordinates":[-4.41125,36.71744]},"properties":{"anio":2019}},{"type":"Feature","geometry":{"type":"Point","coordinates":[-4.41642,36.7331]},"properties":{"anio":2019}},{"type":"Feature","geometry":{"type":"Point","coordinates":[-4.42012,36.72914]},"properties":{"anio":2019}},{"type":"Feature","geometry":{"type":"Point","coordinates":[-4.42703,36.71933]},"properties":{"anio":2019}},{"type":"Feature","geometry":{"type":"Point","coordinates":[-4.42926,36.72482]},"properties":{"anio":2019}},{"type":"Feature","geometry":{"type":"Point","coordinates":[-4.42138,36.71627]},"properties":{"anio":2019}},{"type":"Feature","geometry":{"type":"Point","coordinates":[-4.41833,36.72288]},"properties":{"anio":2019}},{"type":"Feature","geometry":{"type":"Point","coordinates":[-4.41729,36.72258]},"properties":{"anio":2019}},{"type":"Feature","geometry":{"type":"Point","coordinates":[-4.41729,36.72258]},"properties":{"anio":2019}},{"type":"Feature","geometry":{"type":"Point","coordinates":[-4.42096,36.72756]},"properties":{"anio":2019}},{"type":"Feature","geometry":{"type":"Point","coordinates":[-4.42357,36.72113]},"properties":{"anio":2019}},{"type":"Feature","geometry":{"type":"Point","coordinates":[-4.42518,36.72259]},"properties":{"anio":2019}},{"type":"Feature","geometry":{"type":"Point","coordinates":[-4.42463,36.72113]},"properties":{"anio":2019}},{"type":"Feature","geometry":{"type":"Point","coordinates":[-4.42366,36.72543]},"properties":{"anio":2019}},{"type":"Feature","geometry":{"type":"Point","coordinates":[-4.42015,36.73003]},"properties":{"anio":2019}},{"type":"Feature","geometry":{"type":"Point","coordinates":[-4.41042,36.72683]},"properties":{"anio":2019}},{"type":"Feature","geometry":{"type":"Point","coordinates":[-4.4174,36.72384]},"properties":{"anio":2019}},{"type":"Feature","geometry":{"type":"Point","coordinates":[-4.42366,36.71909]},"properties":{"anio":2019}},{"type":"Feature","geometry":{"type":"Point","coordinates":[-4.41856,36.72023]},"properties":{"anio":2019}},{"type":"Feature","geometry":{"type":"Point","coordinates":[-4.42771,36.71297]},"properties":{"anio":2019}},{"type":"Feature","geometry":{"type":"Point","coordinates":[-4.42404,36.71517]},"properties":{"anio":2019}},{"type":"Feature","geometry":{"type":"Point","coordinates":[-4.42019,36.729]},"properties":{"anio":2019}},{"type":"Feature","geometry":{"type":"Point","coordinates":[-4.42208,36.71718]},"properties":{"anio":2019}},{"type":"Feature","geometry":{"type":"Point","coordinates":[-4.4286,36.71961]},"properties":{"anio":2019}},{"type":"Feature","geometry":{"type":"Point","coordinates":[-4.42366,36.71909]},"properties":{"anio":2019}},{"type":"Feature","geometry":{"type":"Point","coordinates":[-4.41557,36.7321]},"properties":{"anio":2019}},{"type":"Feature","geometry":{"type":"Point","coordinates":[-4.42526,36.72925]},"properties":{"anio":2019}},{"type":"Feature","geometry":{"type":"Point","coordinates":[-4.42219,36.71837]},"properties":{"anio":2019}},{"type":"Feature","geometry":{"type":"Point","coordinates":[-4.41689,36.72213]},"properties":{"anio":2019}},{"type":"Feature","geometry":{"type":"Point","coordinates":[-4.41823,36.72015]},"properties":{"anio":2019}},{"type":"Feature","geometry":{"type":"Point","coordinates":[-4.42219,36.71837]},"properties":{"anio":2019}},{"type":"Feature","geometry":{"type":"Point","coordinates":[-4.42044,36.71995]},"properties":{"anio":2019}},{"type":"Feature","geometry":{"type":"Point","coordinates":[-4.41718,36.72441]},"properties":{"anio":2019}},{"type":"Feature","geometry":{"type":"Point","coordinates":[-4.4281,36.72522]},"properties":{"anio":2019}},{"type":"Feature","geometry":{"type":"Point","coordinates":[-4.42319,36.71669]},"properties":{"anio":2019}},{"type":"Feature","geometry":{"type":"Point","coordinates":[-4.42734,36.72157]},"properties":{"anio":2019}},{"type":"Feature","geometry":{"type":"Point","coordinates":[-4.42922,36.72642]},"properties":{"anio":2019}},{"type":"Feature","geometry":{"type":"Point","coordinates":[-4.41515,36.72375]},"properties":{"anio":2019}},{"type":"Feature","geometry":{"type":"Point","coordinates":[-4.42447,36.71926]},"properties":{"anio":2019}},{"type":"Feature","geometry":{"type":"Point","coordinates":[-4.42458,36.72126]},"properties":{"anio":2019}},{"type":"Feature","geometry":{"type":"Point","coordinates":[-4.41345,36.72557]},"properties":{"anio":2019}},{"type":"Feature","geometry":{"type":"Point","coordinates":[-4.41566,36.73249]},"properties":{"anio":2019}},{"type":"Feature","geometry":{"type":"Point","coordinates":[-4.42431,36.72388]},"properties":{"anio":2019}},{"type":"Feature","geometry":{"type":"Point","coordinates":[-4.42091,36.72613]},"properties":{"anio":2019}},{"type":"Feature","geometry":{"type":"Point","coordinates":[-4.41719,36.72531]},"properties":{"anio":2019}},{"type":"Feature","geometry":{"type":"Point","coordinates":[-4.41719,36.72531]},"properties":{"anio":2019}},{"type":"Feature","geometry":{"type":"Point","coordinates":[-4.42668,36.7242]},"properties":{"anio":2019}},{"type":"Feature","geometry":{"type":"Point","coordinates":[-4.4205,36.72573]},"properties":{"anio":2019}},{"type":"Feature","geometry":{"type":"Point","coordinates":[-4.43096,36.72492]},"properties":{"anio":2019}},{"type":"Feature","geometry":{"type":"Point","coordinates":[-4.40681,36.71994]},"properties":{"anio":2019}},{"type":"Feature","geometry":{"type":"Point","coordinates":[-4.42161,36.72591]},"properties":{"anio":2019}},{"type":"Feature","geometry":{"type":"Point","coordinates":[-4.42161,36.72591]},"properties":{"anio":2019}},{"type":"Feature","geometry":{"type":"Point","coordinates":[-4.41576,36.72965]},"properties":{"anio":2019}},{"type":"Feature","geometry":{"type":"Point","coordinates":[-4.41638,36.72474]},"properties":{"anio":2019}},{"type":"Feature","geometry":{"type":"Point","coordinates":[-4.41833,36.72288]},"properties":{"anio":2019}},{"type":"Feature","geometry":{"type":"Point","coordinates":[-4.41555,36.72869]},"properties":{"anio":2019}},{"type":"Feature","geometry":{"type":"Point","coordinates":[-4.40933,36.71919]},"properties":{"anio":2019}},{"type":"Feature","geometry":{"type":"Point","coordinates":[-4.42237,36.7196]},"properties":{"anio":2019}},{"type":"Feature","geometry":{"type":"Point","coordinates":[-4.4239,36.72093]},"properties":{"anio":2019}},{"type":"Feature","geometry":{"type":"Point","coordinates":[-4.42399,36.72831]},"properties":{"anio":2019}},{"type":"Feature","geometry":{"type":"Point","coordinates":[-4.43115,36.72304]},"properties":{"anio":2019}},{"type":"Feature","geometry":{"type":"Point","coordinates":[-4.42094,36.73127]},"properties":{"anio":2019}},{"type":"Feature","geometry":{"type":"Point","coordinates":[-4.41178,36.71688]},"properties":{"anio":2019}},{"type":"Feature","geometry":{"type":"Point","coordinates":[-4.41806,36.72374]},"properties":{"anio":2019}},{"type":"Feature","geometry":{"type":"Point","coordinates":[-4.42902,36.72652]},"properties":{"anio":2019}},{"type":"Feature","geometry":{"type":"Point","coordinates":[-4.42031,36.72453]},"properties":{"anio":2019}},{"type":"Feature","geometry":{"type":"Point","coordinates":[-4.41998,36.7241]},"properties":{"anio":2019}},{"type":"Feature","geometry":{"type":"Point","coordinates":[-4.41998,36.7241]},"properties":{"anio":2019}},{"type":"Feature","geometry":{"type":"Point","coordinates":[-4.41829,36.72341]},"properties":{"anio":2019}},{"type":"Feature","geometry":{"type":"Point","coordinates":[-4.41829,36.72341]},"properties":{"anio":2019}},{"type":"Feature","geometry":{"type":"Point","coordinates":[-4.42057,36.72537]},"properties":{"anio":2019}},{"type":"Feature","geometry":{"type":"Point","coordinates":[-4.42327,36.71523]},"properties":{"anio":2019}},{"type":"Feature","geometry":{"type":"Point","coordinates":[-4.42327,36.71523]},"properties":{"anio":2019}},{"type":"Feature","geometry":{"type":"Point","coordinates":[-4.4223,36.71894]},"properties":{"anio":2019}},{"type":"Feature","geometry":{"type":"Point","coordinates":[-4.41566,36.73249]},"properties":{"anio":2019}},{"type":"Feature","geometry":{"type":"Point","coordinates":[-4.41566,36.73249]},"properties":{"anio":2019}},{"type":"Feature","geometry":{"type":"Point","coordinates":[-4.41597,36.7309]},"properties":{"anio":2019}},{"type":"Feature","geometry":{"type":"Point","coordinates":[-4.40575,36.72097]},"properties":{"anio":2019}},{"type":"Feature","geometry":{"type":"Point","coordinates":[-4.42064,36.72497]},"properties":{"anio":2019}},{"type":"Feature","geometry":{"type":"Point","coordinates":[-4.42066,36.72967]},"properties":{"anio":2019}},{"type":"Feature","geometry":{"type":"Point","coordinates":[-4.42935,36.72026]},"properties":{"anio":2019}},{"type":"Feature","geometry":{"type":"Point","coordinates":[-4.42708,36.71254]},"properties":{"anio":2019}},{"type":"Feature","geometry":{"type":"Point","coordinates":[-4.42898,36.71423]},"properties":{"anio":2019}},{"type":"Feature","geometry":{"type":"Point","coordinates":[-4.42296,36.72287]},"properties":{"anio":2019}},{"type":"Feature","geometry":{"type":"Point","coordinates":[-4.42161,36.72591]},"properties":{"anio":2019}},{"type":"Feature","geometry":{"type":"Point","coordinates":[-4.42019,36.7314]},"properties":{"anio":2019}},{"type":"Feature","geometry":{"type":"Point","coordinates":[-4.42863,36.72104]},"properties":{"anio":2019}},{"type":"Feature","geometry":{"type":"Point","coordinates":[-4.42398,36.71493]},"properties":{"anio":2019}},{"type":"Feature","geometry":{"type":"Point","coordinates":[-4.42703,36.71933]},"properties":{"anio":2019}},{"type":"Feature","geometry":{"type":"Point","coordinates":[-4.41763,36.72212]},"properties":{"anio":2019}},{"type":"Feature","geometry":{"type":"Point","coordinates":[-4.42161,36.72591]},"properties":{"anio":2019}},{"type":"Feature","geometry":{"type":"Point","coordinates":[-4.41918,36.72559]},"properties":{"anio":2019}},{"type":"Feature","geometry":{"type":"Point","coordinates":[-4.4232,36.7258]},"properties":{"anio":2019}},{"type":"Feature","geometry":{"type":"Point","coordinates":[-4.42719,36.71524]},"properties":{"anio":2019}},{"type":"Feature","geometry":{"type":"Point","coordinates":[-4.41502,36.72545]},"properties":{"anio":2019}},{"type":"Feature","geometry":{"type":"Point","coordinates":[-4.41123,36.7195]},"properties":{"anio":2019}},{"type":"Feature","geometry":{"type":"Point","coordinates":[-4.42477,36.72149]},"properties":{"anio":2019}},{"type":"Feature","geometry":{"type":"Point","coordinates":[-4.42005,36.72557]},"properties":{"anio":2019}},{"type":"Feature","geometry":{"type":"Point","coordinates":[-4.4278,36.72523]},"properties":{"anio":2019}},{"type":"Feature","geometry":{"type":"Point","coordinates":[-4.42235,36.72411]},"properties":{"anio":2019}},{"type":"Feature","geometry":{"type":"Point","coordinates":[-4.42152,36.72815]},"properties":{"anio":2019}},{"type":"Feature","geometry":{"type":"Point","coordinates":[-4.42824,36.71127]},"properties":{"anio":2019}},{"type":"Feature","geometry":{"type":"Point","coordinates":[-4.42467,36.72721]},"properties":{"anio":2019}},{"type":"Feature","geometry":{"type":"Point","coordinates":[-4.41359,36.72566]},"properties":{"anio":2019}},{"type":"Feature","geometry":{"type":"Point","coordinates":[-4.42126,36.72865]},"properties":{"anio":2019}},{"type":"Feature","geometry":{"type":"Point","coordinates":[-4.42161,36.72591]},"properties":{"anio":2019}},{"type":"Feature","geometry":{"type":"Point","coordinates":[-4.42935,36.72601]},"properties":{"anio":2019}},{"type":"Feature","geometry":{"type":"Point","coordinates":[-4.42373,36.7211]},"properties":{"anio":2019}},{"type":"Feature","geometry":{"type":"Point","coordinates":[-4.42419,36.72293]},"properties":{"anio":2019}},{"type":"Feature","geometry":{"type":"Point","coordinates":[-4.41394,36.72995]},"properties":{"anio":2019}},{"type":"Feature","geometry":{"type":"Point","coordinates":[-4.42836,36.71302]},"properties":{"anio":2019}},{"type":"Feature","geometry":{"type":"Point","coordinates":[-4.42161,36.72591]},"properties":{"anio":2019}},{"type":"Feature","geometry":{"type":"Point","coordinates":[-4.41942,36.71945]},"properties":{"anio":2019}},{"type":"Feature","geometry":{"type":"Point","coordinates":[-4.41555,36.72611]},"properties":{"anio":2019}},{"type":"Feature","geometry":{"type":"Point","coordinates":[-4.42263,36.7183]},"properties":{"anio":2019}},{"type":"Feature","geometry":{"type":"Point","coordinates":[-4.4144,36.72952]},"properties":{"anio":2019}},{"type":"Feature","geometry":{"type":"Point","coordinates":[-4.42477,36.72108]},"properties":{"anio":2019}},{"type":"Feature","geometry":{"type":"Point","coordinates":[-4.42708,36.71254]},"properties":{"anio":2019}},{"type":"Feature","geometry":{"type":"Point","coordinates":[-4.42154,36.72196]},"properties":{"anio":2019}},{"type":"Feature","geometry":{"type":"Point","coordinates":[-4.4158,36.72579]},"properties":{"anio":2019}},{"type":"Feature","geometry":{"type":"Point","coordinates":[-4.41452,36.7276]},"properties":{"anio":2019}},{"type":"Feature","geometry":{"type":"Point","coordinates":[-4.41125,36.71744]},"properties":{"anio":2019}},{"type":"Feature","geometry":{"type":"Point","coordinates":[-4.42161,36.72591]},"properties":{"anio":2019}},{"type":"Feature","geometry":{"type":"Point","coordinates":[-4.42161,36.72591]},"properties":{"anio":2019}},{"type":"Feature","geometry":{"type":"Point","coordinates":[-4.42161,36.72591]},"properties":{"anio":2019}},{"type":"Feature","geometry":{"type":"Point","coordinates":[-4.42283,36.7247]},"properties":{"anio":2019}},{"type":"Feature","geometry":{"type":"Point","coordinates":[-4.42723,36.72179]},"properties":{"anio":2019}},{"type":"Feature","geometry":{"type":"Point","coordinates":[-4.41428,36.72809]},"properties":{"anio":2019}},{"type":"Feature","geometry":{"type":"Point","coordinates":[-4.422,36.72059]},"properties":{"anio":2019}},{"type":"Feature","geometry":{"type":"Point","coordinates":[-4.42092,36.71982]},"properties":{"anio":2019}},{"type":"Feature","geometry":{"type":"Point","coordinates":[-4.42179,36.72817]},"properties":{"anio":2019}},{"type":"Feature","geometry":{"type":"Point","coordinates":[-4.40299,36.72105]},"properties":{"anio":2019}},{"type":"Feature","geometry":{"type":"Point","coordinates":[-4.42363,36.71942]},"properties":{"anio":2019}},{"type":"Feature","geometry":{"type":"Point","coordinates":[-4.42777,36.72414]},"properties":{"anio":2019}},{"type":"Feature","geometry":{"type":"Point","coordinates":[-4.41982,36.72583]},"properties":{"anio":2019}},{"type":"Feature","geometry":{"type":"Point","coordinates":[-4.41829,36.72341]},"properties":{"anio":2019}},{"type":"Feature","geometry":{"type":"Point","coordinates":[-4.41829,36.72341]},"properties":{"anio":2019}},{"type":"Feature","geometry":{"type":"Point","coordinates":[-4.43038,36.7216]},"properties":{"anio":2019}},{"type":"Feature","geometry":{"type":"Point","coordinates":[-4.42867,36.72168]},"properties":{"anio":2019}},{"type":"Feature","geometry":{"type":"Point","coordinates":[-4.42325,36.72605]},"properties":{"anio":2019}},{"type":"Feature","geometry":{"type":"Point","coordinates":[-4.41178,36.71688]},"properties":{"anio":2019}},{"type":"Feature","geometry":{"type":"Point","coordinates":[-4.42399,36.72465]},"properties":{"anio":2019}},{"type":"Feature","geometry":{"type":"Point","coordinates":[-4.4232,36.7258]},"properties":{"anio":2019}},{"type":"Feature","geometry":{"type":"Point","coordinates":[-4.42858,36.71451]},"properties":{"anio":2019}},{"type":"Feature","geometry":{"type":"Point","coordinates":[-4.42254,36.72272]},"properties":{"anio":2019}},{"type":"Feature","geometry":{"type":"Point","coordinates":[-4.4153,36.73415]},"properties":{"anio":2019}},{"type":"Feature","geometry":{"type":"Point","coordinates":[-4.41562,36.73435]},"properties":{"anio":2019}},{"type":"Feature","geometry":{"type":"Point","coordinates":[-4.42283,36.7247]},"properties":{"anio":2019}},{"type":"Feature","geometry":{"type":"Point","coordinates":[-4.42462,36.71345]},"properties":{"anio":2019}},{"type":"Feature","geometry":{"type":"Point","coordinates":[-4.42462,36.71345]},"properties":{"anio":2019}},{"type":"Feature","geometry":{"type":"Point","coordinates":[-4.42061,36.72514]},"properties":{"anio":2019}},{"type":"Feature","geometry":{"type":"Point","coordinates":[-4.42302,36.72664]},"properties":{"anio":2019}},{"type":"Feature","geometry":{"type":"Point","coordinates":[-4.41629,36.72573]},"properties":{"anio":2019}},{"type":"Feature","geometry":{"type":"Point","coordinates":[-4.42317,36.72593]},"properties":{"anio":2019}},{"type":"Feature","geometry":{"type":"Point","coordinates":[-4.40842,36.71927]},"properties":{"anio":2019}},{"type":"Feature","geometry":{"type":"Point","coordinates":[-4.42687,36.7263]},"properties":{"anio":2019}},{"type":"Feature","geometry":{"type":"Point","coordinates":[-4.42687,36.7263]},"properties":{"anio":2019}},{"type":"Feature","geometry":{"type":"Point","coordinates":[-4.41397,36.72559]},"properties":{"anio":2019}},{"type":"Feature","geometry":{"type":"Point","coordinates":[-4.41597,36.72532]},"properties":{"anio":2019}},{"type":"Feature","geometry":{"type":"Point","coordinates":[-4.41178,36.71836]},"properties":{"anio":2019}},{"type":"Feature","geometry":{"type":"Point","coordinates":[-4.4249,36.72942]},"properties":{"anio":2019}},{"type":"Feature","geometry":{"type":"Point","coordinates":[-4.42529,36.71523]},"properties":{"anio":2019}},{"type":"Feature","geometry":{"type":"Point","coordinates":[-4.41929,36.72109]},"properties":{"anio":2019}},{"type":"Feature","geometry":{"type":"Point","coordinates":[-4.42184,36.72299]},"properties":{"anio":2019}},{"type":"Feature","geometry":{"type":"Point","coordinates":[-4.42533,36.71764]},"properties":{"anio":2019}},{"type":"Feature","geometry":{"type":"Point","coordinates":[-4.42989,36.72516]},"properties":{"anio":2019}},{"type":"Feature","geometry":{"type":"Point","coordinates":[-4.42456,36.71627]},"properties":{"anio":2019}},{"type":"Feature","geometry":{"type":"Point","coordinates":[-4.42494,36.7145]},"properties":{"anio":2019}},{"type":"Feature","geometry":{"type":"Point","coordinates":[-4.41108,36.72763]},"properties":{"anio":2019}},{"type":"Feature","geometry":{"type":"Point","coordinates":[-4.42418,36.71925]},"properties":{"anio":2019}},{"type":"Feature","geometry":{"type":"Point","coordinates":[-4.42452,36.71382]},"properties":{"anio":2019}},{"type":"Feature","geometry":{"type":"Point","coordinates":[-4.41181,36.71803]},"properties":{"anio":2019}},{"type":"Feature","geometry":{"type":"Point","coordinates":[-4.41178,36.71836]},"properties":{"anio":2019}},{"type":"Feature","geometry":{"type":"Point","coordinates":[-4.43062,36.7141]},"properties":{"anio":2019}},{"type":"Feature","geometry":{"type":"Point","coordinates":[-4.42283,36.7247]},"properties":{"anio":2019}},{"type":"Feature","geometry":{"type":"Point","coordinates":[-4.41492,36.72439]},"properties":{"anio":2019}},{"type":"Feature","geometry":{"type":"Point","coordinates":[-4.41371,36.72655]},"properties":{"anio":2019}},{"type":"Feature","geometry":{"type":"Point","coordinates":[-4.42427,36.72493]},"properties":{"anio":2019}},{"type":"Feature","geometry":{"type":"Point","coordinates":[-4.42847,36.72674]},"properties":{"anio":2019}},{"type":"Feature","geometry":{"type":"Point","coordinates":[-4.42847,36.72674]},"properties":{"anio":2019}},{"type":"Feature","geometry":{"type":"Point","coordinates":[-4.4267,36.72309]},"properties":{"anio":2019}},{"type":"Feature","geometry":{"type":"Point","coordinates":[-4.42031,36.72453]},"properties":{"anio":2019}},{"type":"Feature","geometry":{"type":"Point","coordinates":[-4.41804,36.7254]},"properties":{"anio":2019}},{"type":"Feature","geometry":{"type":"Point","coordinates":[-4.42024,36.7263]},"properties":{"anio":2019}},{"type":"Feature","geometry":{"type":"Point","coordinates":[-4.42765,36.72371]},"properties":{"anio":2019}},{"type":"Feature","geometry":{"type":"Point","coordinates":[-4.42363,36.71942]},"properties":{"anio":2019}},{"type":"Feature","geometry":{"type":"Point","coordinates":[-4.41951,36.72512]},"properties":{"anio":2019}},{"type":"Feature","geometry":{"type":"Point","coordinates":[-4.42149,36.72663]},"properties":{"anio":2019}},{"type":"Feature","geometry":{"type":"Point","coordinates":[-4.42125,36.72197]},"properties":{"anio":2019}},{"type":"Feature","geometry":{"type":"Point","coordinates":[-4.4194,36.7234]},"properties":{"anio":2019}},{"type":"Feature","geometry":{"type":"Point","coordinates":[-4.41123,36.7195]},"properties":{"anio":2019}},{"type":"Feature","geometry":{"type":"Point","coordinates":[-4.42229,36.72178]},"properties":{"anio":2019}},{"type":"Feature","geometry":{"type":"Point","coordinates":[-4.42371,36.71565]},"properties":{"anio":2019}},{"type":"Feature","geometry":{"type":"Point","coordinates":[-4.41192,36.72741]},"properties":{"anio":2019}},{"type":"Feature","geometry":{"type":"Point","coordinates":[-4.41105,36.71801]},"properties":{"anio":2019}},{"type":"Feature","geometry":{"type":"Point","coordinates":[-4.42899,36.7251]},"properties":{"anio":2019}},{"type":"Feature","geometry":{"type":"Point","coordinates":[-4.42235,36.72047]},"properties":{"anio":2019}},{"type":"Feature","geometry":{"type":"Point","coordinates":[-4.40618,36.72897]},"properties":{"anio":2019}},{"type":"Feature","geometry":{"type":"Point","coordinates":[-4.41917,36.7297]},"properties":{"anio":2019}},{"type":"Feature","geometry":{"type":"Point","coordinates":[-4.42474,36.71377]},"properties":{"anio":2019}},{"type":"Feature","geometry":{"type":"Point","coordinates":[-4.41804,36.7254]},"properties":{"anio":2019}},{"type":"Feature","geometry":{"type":"Point","coordinates":[-4.42317,36.72593]},"properties":{"anio":2019}},{"type":"Feature","geometry":{"type":"Point","coordinates":[-4.42236,36.72445]},"properties":{"anio":2019}},{"type":"Feature","geometry":{"type":"Point","coordinates":[-4.43102,36.72095]},"properties":{"anio":2019}},{"type":"Feature","geometry":{"type":"Point","coordinates":[-4.4226,36.72058]},"properties":{"anio":2019}},{"type":"Feature","geometry":{"type":"Point","coordinates":[-4.4224,36.72366]},"properties":{"anio":2019}},{"type":"Feature","geometry":{"type":"Point","coordinates":[-4.42327,36.71523]},"properties":{"anio":2019}},{"type":"Feature","geometry":{"type":"Point","coordinates":[-4.42015,36.71957]},"properties":{"anio":2019}},{"type":"Feature","geometry":{"type":"Point","coordinates":[-4.42015,36.71957]},"properties":{"anio":2019}},{"type":"Feature","geometry":{"type":"Point","coordinates":[-4.42436,36.71899]},"properties":{"anio":2019}},{"type":"Feature","geometry":{"type":"Point","coordinates":[-4.42871,36.72034]},"properties":{"anio":2019}},{"type":"Feature","geometry":{"type":"Point","coordinates":[-4.41862,36.72069]},"properties":{"anio":2019}},{"type":"Feature","geometry":{"type":"Point","coordinates":[-4.41417,36.72566]},"properties":{"anio":2019}},{"type":"Feature","geometry":{"type":"Point","coordinates":[-4.41417,36.72566]},"properties":{"anio":2019}},{"type":"Feature","geometry":{"type":"Point","coordinates":[-4.42631,36.72349]},"properties":{"anio":2019}},{"type":"Feature","geometry":{"type":"Point","coordinates":[-4.42556,36.72755]},"properties":{"anio":2019}},{"type":"Feature","geometry":{"type":"Point","coordinates":[-4.41382,36.72563]},"properties":{"anio":2019}},{"type":"Feature","geometry":{"type":"Point","coordinates":[-4.42935,36.72026]},"properties":{"anio":2019}},{"type":"Feature","geometry":{"type":"Point","coordinates":[-4.42378,36.72175]},"properties":{"anio":2019}},{"type":"Feature","geometry":{"type":"Point","coordinates":[-4.42332,36.71956]},"properties":{"anio":2019}},{"type":"Feature","geometry":{"type":"Point","coordinates":[-4.42509,36.72913]},"properties":{"anio":2019}},{"type":"Feature","geometry":{"type":"Point","coordinates":[-4.42891,36.72595]},"properties":{"anio":2019}},{"type":"Feature","geometry":{"type":"Point","coordinates":[-4.42736,36.71108]},"properties":{"anio":2019}},{"type":"Feature","geometry":{"type":"Point","coordinates":[-4.42123,36.72842]},"properties":{"anio":2019}},{"type":"Feature","geometry":{"type":"Point","coordinates":[-4.42753,36.72437]},"properties":{"anio":2019}},{"type":"Feature","geometry":{"type":"Point","coordinates":[-4.42406,36.72311]},"properties":{"anio":2019}},{"type":"Feature","geometry":{"type":"Point","coordinates":[-4.42149,36.7242]},"properties":{"anio":2019}},{"type":"Feature","geometry":{"type":"Point","coordinates":[-4.427,36.72221]},"properties":{"anio":2019}},{"type":"Feature","geometry":{"type":"Point","coordinates":[-4.427,36.72221]},"properties":{"anio":2019}},{"type":"Feature","geometry":{"type":"Point","coordinates":[-4.41847,36.72437]},"properties":{"anio":2019}},{"type":"Feature","geometry":{"type":"Point","coordinates":[-4.4197,36.72919]},"properties":{"anio":2019}},{"type":"Feature","geometry":{"type":"Point","coordinates":[-4.41878,36.7241]},"properties":{"anio":2019}},{"type":"Feature","geometry":{"type":"Point","coordinates":[-4.41371,36.72655]},"properties":{"anio":2019}},{"type":"Feature","geometry":{"type":"Point","coordinates":[-4.42145,36.72321]},"properties":{"anio":2019}},{"type":"Feature","geometry":{"type":"Point","coordinates":[-4.42145,36.72321]},"properties":{"anio":2019}},{"type":"Feature","geometry":{"type":"Point","coordinates":[-4.42157,36.7233]},"properties":{"anio":2019}},{"type":"Feature","geometry":{"type":"Point","coordinates":[-4.42145,36.72321]},"properties":{"anio":2019}},{"type":"Feature","geometry":{"type":"Point","coordinates":[-4.42261,36.72319]},"properties":{"anio":2019}},{"type":"Feature","geometry":{"type":"Point","coordinates":[-4.41576,36.72481]},"properties":{"anio":2019}},{"type":"Feature","geometry":{"type":"Point","coordinates":[-4.41947,36.7245]},"properties":{"anio":2019}},{"type":"Feature","geometry":{"type":"Point","coordinates":[-4.42334,36.72008]},"properties":{"anio":2019}},{"type":"Feature","geometry":{"type":"Point","coordinates":[-4.41446,36.7262]},"properties":{"anio":2019}},{"type":"Feature","geometry":{"type":"Point","coordinates":[-4.41913,36.72332]},"properties":{"anio":2019}},{"type":"Feature","geometry":{"type":"Point","coordinates":[-4.41168,36.71903]},"properties":{"anio":2019}},{"type":"Feature","geometry":{"type":"Point","coordinates":[-4.42038,36.71894]},"properties":{"anio":2019}},{"type":"Feature","geometry":{"type":"Point","coordinates":[-4.4062,36.7205]},"properties":{"anio":2019}},{"type":"Feature","geometry":{"type":"Point","coordinates":[-4.42052,36.7262]},"properties":{"anio":2019}},{"type":"Feature","geometry":{"type":"Point","coordinates":[-4.42321,36.71809]},"properties":{"anio":2019}},{"type":"Feature","geometry":{"type":"Point","coordinates":[-4.42383,36.7263]},"properties":{"anio":2019}},{"type":"Feature","geometry":{"type":"Point","coordinates":[-4.4115,36.7213]},"properties":{"anio":2019}},{"type":"Feature","geometry":{"type":"Point","coordinates":[-4.41452,36.7276]},"properties":{"anio":2019}},{"type":"Feature","geometry":{"type":"Point","coordinates":[-4.42015,36.71957]},"properties":{"anio":2019}},{"type":"Feature","geometry":{"type":"Point","coordinates":[-4.42937,36.71988]},"properties":{"anio":2019}},{"type":"Feature","geometry":{"type":"Point","coordinates":[-4.42771,36.71461]},"properties":{"anio":2019}},{"type":"Feature","geometry":{"type":"Point","coordinates":[-4.41564,36.72375]},"properties":{"anio":2019}},{"type":"Feature","geometry":{"type":"Point","coordinates":[-4.42904,36.7235]},"properties":{"anio":2019}},{"type":"Feature","geometry":{"type":"Point","coordinates":[-4.42503,36.72187]},"properties":{"anio":2019}},{"type":"Feature","geometry":{"type":"Point","coordinates":[-4.42883,36.71101]},"properties":{"anio":2019}},{"type":"Feature","geometry":{"type":"Point","coordinates":[-4.42163,36.72759]},"properties":{"anio":2019}},{"type":"Feature","geometry":{"type":"Point","coordinates":[-4.41676,36.72517]},"properties":{"anio":2019}},{"type":"Feature","geometry":{"type":"Point","coordinates":[-4.42319,36.71669]},"properties":{"anio":2019}},{"type":"Feature","geometry":{"type":"Point","coordinates":[-4.423,36.72919]},"properties":{"anio":2019}},{"type":"Feature","geometry":{"type":"Point","coordinates":[-4.4194,36.7234]},"properties":{"anio":2019}},{"type":"Feature","geometry":{"type":"Point","coordinates":[-4.4095,36.71909]},"properties":{"anio":2019}},{"type":"Feature","geometry":{"type":"Point","coordinates":[-4.42044,36.72159]},"properties":{"anio":2019}},{"type":"Feature","geometry":{"type":"Point","coordinates":[-4.42044,36.72159]},"properties":{"anio":2019}},{"type":"Feature","geometry":{"type":"Point","coordinates":[-4.40481,36.72095]},"properties":{"anio":2019}},{"type":"Feature","geometry":{"type":"Point","coordinates":[-4.41422,36.73027]},"properties":{"anio":2019}},{"type":"Feature","geometry":{"type":"Point","coordinates":[-4.41105,36.71801]},"properties":{"anio":2019}},{"type":"Feature","geometry":{"type":"Point","coordinates":[-4.42209,36.72594]},"properties":{"anio":2019}},{"type":"Feature","geometry":{"type":"Point","coordinates":[-4.41345,36.72557]},"properties":{"anio":2019}},{"type":"Feature","geometry":{"type":"Point","coordinates":[-4.42325,36.72605]},"properties":{"anio":2019}},{"type":"Feature","geometry":{"type":"Point","coordinates":[-4.42325,36.72605]},"properties":{"anio":2019}},{"type":"Feature","geometry":{"type":"Point","coordinates":[-4.41922,36.72588]},"properties":{"anio":2019}},{"type":"Feature","geometry":{"type":"Point","coordinates":[-4.42073,36.72697]},"properties":{"anio":2019}},{"type":"Feature","geometry":{"type":"Point","coordinates":[-4.42768,36.71494]},"properties":{"anio":2019}},{"type":"Feature","geometry":{"type":"Point","coordinates":[-4.42384,36.71472]},"properties":{"anio":2019}},{"type":"Feature","geometry":{"type":"Point","coordinates":[-4.42824,36.71127]},"properties":{"anio":2019}},{"type":"Feature","geometry":{"type":"Point","coordinates":[-4.4276,36.72464]},"properties":{"anio":2019}},{"type":"Feature","geometry":{"type":"Point","coordinates":[-4.41555,36.72869]},"properties":{"anio":2019}},{"type":"Feature","geometry":{"type":"Point","coordinates":[-4.41966,36.72274]},"properties":{"anio":2019}},{"type":"Feature","geometry":{"type":"Point","coordinates":[-4.41896,36.7298]},"properties":{"anio":2019}},{"type":"Feature","geometry":{"type":"Point","coordinates":[-4.41982,36.72583]},"properties":{"anio":2019}},{"type":"Feature","geometry":{"type":"Point","coordinates":[-4.42005,36.72557]},"properties":{"anio":2019}},{"type":"Feature","geometry":{"type":"Point","coordinates":[-4.42368,36.71499]},"properties":{"anio":2019}},{"type":"Feature","geometry":{"type":"Point","coordinates":[-4.42403,36.72442]},"properties":{"anio":2019}},{"type":"Feature","geometry":{"type":"Point","coordinates":[-4.41598,36.72469]},"properties":{"anio":2019}},{"type":"Feature","geometry":{"type":"Point","coordinates":[-4.41598,36.72469]},"properties":{"anio":2019}},{"type":"Feature","geometry":{"type":"Point","coordinates":[-4.42769,36.72662]},"properties":{"anio":2019}},{"type":"Feature","geometry":{"type":"Point","coordinates":[-4.42296,36.71544]},"properties":{"anio":2019}},{"type":"Feature","geometry":{"type":"Point","coordinates":[-4.41947,36.7245]},"properties":{"anio":2019}},{"type":"Feature","geometry":{"type":"Point","coordinates":[-4.42319,36.71932]},"properties":{"anio":2019}},{"type":"Feature","geometry":{"type":"Point","coordinates":[-4.42334,36.72008]},"properties":{"anio":2019}},{"type":"Feature","geometry":{"type":"Point","coordinates":[-4.43258,36.72105]},"properties":{"anio":2019}},{"type":"Feature","geometry":{"type":"Point","coordinates":[-4.42471,36.72096]},"properties":{"anio":2019}},{"type":"Feature","geometry":{"type":"Point","coordinates":[-4.41908,36.72559]},"properties":{"anio":2019}},{"type":"Feature","geometry":{"type":"Point","coordinates":[-4.42352,36.72944]},"properties":{"anio":2019}},{"type":"Feature","geometry":{"type":"Point","coordinates":[-4.42554,36.72788]},"properties":{"anio":2019}},{"type":"Feature","geometry":{"type":"Point","coordinates":[-4.41515,36.72375]},"properties":{"anio":2019}},{"type":"Feature","geometry":{"type":"Point","coordinates":[-4.42054,36.73166]},"properties":{"anio":2019}},{"type":"Feature","geometry":{"type":"Point","coordinates":[-4.4158,36.72579]},"properties":{"anio":2019}},{"type":"Feature","geometry":{"type":"Point","coordinates":[-4.41169,36.7175]},"properties":{"anio":2019}},{"type":"Feature","geometry":{"type":"Point","coordinates":[-4.40931,36.72876]},"properties":{"anio":2019}},{"type":"Feature","geometry":{"type":"Point","coordinates":[-4.42503,36.72187]},"properties":{"anio":2019}},{"type":"Feature","geometry":{"type":"Point","coordinates":[-4.42046,36.72214]},"properties":{"anio":2019}},{"type":"Feature","geometry":{"type":"Point","coordinates":[-4.42046,36.72214]},"properties":{"anio":2019}},{"type":"Feature","geometry":{"type":"Point","coordinates":[-4.41227,36.7277]},"properties":{"anio":2019}},{"type":"Feature","geometry":{"type":"Point","coordinates":[-4.42407,36.72451]},"properties":{"anio":2019}},{"type":"Feature","geometry":{"type":"Point","coordinates":[-4.42399,36.71978]},"properties":{"anio":2019}},{"type":"Feature","geometry":{"type":"Point","coordinates":[-4.41898,36.72175]},"properties":{"anio":2019}},{"type":"Feature","geometry":{"type":"Point","coordinates":[-4.41293,36.72817]},"properties":{"anio":2019}},{"type":"Feature","geometry":{"type":"Point","coordinates":[-4.42161,36.72591]},"properties":{"anio":2019}},{"type":"Feature","geometry":{"type":"Point","coordinates":[-4.41857,36.72296]},"properties":{"anio":2019}},{"type":"Feature","geometry":{"type":"Point","coordinates":[-4.4221,36.72747]},"properties":{"anio":2019}},{"type":"Feature","geometry":{"type":"Point","coordinates":[-4.42873,36.715]},"properties":{"anio":2019}},{"type":"Feature","geometry":{"type":"Point","coordinates":[-4.4231,36.72084]},"properties":{"anio":2019}},{"type":"Feature","geometry":{"type":"Point","coordinates":[-4.41962,36.7251]},"properties":{"anio":2019}},{"type":"Feature","geometry":{"type":"Point","coordinates":[-4.41922,36.72588]},"properties":{"anio":2019}},{"type":"Feature","geometry":{"type":"Point","coordinates":[-4.4161,36.72482]},"properties":{"anio":2019}},{"type":"Feature","geometry":{"type":"Point","coordinates":[-4.41947,36.7245]},"properties":{"anio":2019}},{"type":"Feature","geometry":{"type":"Point","coordinates":[-4.42153,36.72688]},"properties":{"anio":2019}},{"type":"Feature","geometry":{"type":"Point","coordinates":[-4.41428,36.72809]},"properties":{"anio":2019}},{"type":"Feature","geometry":{"type":"Point","coordinates":[-4.42785,36.72384]},"properties":{"anio":2019}},{"type":"Feature","geometry":{"type":"Point","coordinates":[-4.42452,36.71382]},"properties":{"anio":2019}},{"type":"Feature","geometry":{"type":"Point","coordinates":[-4.42748,36.71155]},"properties":{"anio":2019}},{"type":"Feature","geometry":{"type":"Point","coordinates":[-4.41515,36.72375]},"properties":{"anio":2019}},{"type":"Feature","geometry":{"type":"Point","coordinates":[-4.41515,36.72375]},"properties":{"anio":2019}},{"type":"Feature","geometry":{"type":"Point","coordinates":[-4.41905,36.72136]},"properties":{"anio":2019}},{"type":"Feature","geometry":{"type":"Point","coordinates":[-4.42384,36.71472]},"properties":{"anio":2019}},{"type":"Feature","geometry":{"type":"Point","coordinates":[-4.40901,36.7196]},"properties":{"anio":2019}},{"type":"Feature","geometry":{"type":"Point","coordinates":[-4.41983,36.72266]},"properties":{"anio":2019}},{"type":"Feature","geometry":{"type":"Point","coordinates":[-4.41982,36.72583]},"properties":{"anio":2019}},{"type":"Feature","geometry":{"type":"Point","coordinates":[-4.4246,36.73019]},"properties":{"anio":2019}},{"type":"Feature","geometry":{"type":"Point","coordinates":[-4.42729,36.72499]},"properties":{"anio":2019}},{"type":"Feature","geometry":{"type":"Point","coordinates":[-4.42326,36.72386]},"properties":{"anio":2019}},{"type":"Feature","geometry":{"type":"Point","coordinates":[-4.42026,36.72322]},"properties":{"anio":2019}},{"type":"Feature","geometry":{"type":"Point","coordinates":[-4.4267,36.72554]},"properties":{"anio":2019}},{"type":"Feature","geometry":{"type":"Point","coordinates":[-4.4147,36.72979]},"properties":{"anio":2019}},{"type":"Feature","geometry":{"type":"Point","coordinates":[-4.4197,36.72919]},"properties":{"anio":2019}},{"type":"Feature","geometry":{"type":"Point","coordinates":[-4.41371,36.72655]},"properties":{"anio":2019}},{"type":"Feature","geometry":{"type":"Point","coordinates":[-4.42502,36.71546]},"properties":{"anio":2019}},{"type":"Feature","geometry":{"type":"Point","coordinates":[-4.42946,36.71495]},"properties":{"anio":2019}},{"type":"Feature","geometry":{"type":"Point","coordinates":[-4.42053,36.72197]},"properties":{"anio":2019}},{"type":"Feature","geometry":{"type":"Point","coordinates":[-4.41918,36.72559]},"properties":{"anio":2019}},{"type":"Feature","geometry":{"type":"Point","coordinates":[-4.41125,36.71744]},"properties":{"anio":2020}},{"type":"Feature","geometry":{"type":"Point","coordinates":[-4.41963,36.72502]},"properties":{"anio":2020}},{"type":"Feature","geometry":{"type":"Point","coordinates":[-4.41963,36.72502]},"properties":{"anio":2020}},{"type":"Feature","geometry":{"type":"Point","coordinates":[-4.41642,36.7331]},"properties":{"anio":2019}},{"type":"Feature","geometry":{"type":"Point","coordinates":[-4.42501,36.7209]},"properties":{"anio":2019}},{"type":"Feature","geometry":{"type":"Point","coordinates":[-4.42313,36.71999]},"properties":{"anio":2020}},{"type":"Feature","geometry":{"type":"Point","coordinates":[-4.42505,36.71843]},"properties":{"anio":2020}},{"type":"Feature","geometry":{"type":"Point","coordinates":[-4.42051,36.72344]},"properties":{"anio":2020}},{"type":"Feature","geometry":{"type":"Point","coordinates":[-4.43178,36.72375]},"properties":{"anio":2020}},{"type":"Feature","geometry":{"type":"Point","coordinates":[-4.42278,36.71941]},"properties":{"anio":2020}},{"type":"Feature","geometry":{"type":"Point","coordinates":[-4.41432,36.72925]},"properties":{"anio":2020}},{"type":"Feature","geometry":{"type":"Point","coordinates":[-4.41918,36.72559]},"properties":{"anio":2020}},{"type":"Feature","geometry":{"type":"Point","coordinates":[-4.42185,36.72281]},"properties":{"anio":2020}},{"type":"Feature","geometry":{"type":"Point","coordinates":[-4.41467,36.72482]},"properties":{"anio":2020}},{"type":"Feature","geometry":{"type":"Point","coordinates":[-4.42018,36.72888]},"properties":{"anio":2020}},{"type":"Feature","geometry":{"type":"Point","coordinates":[-4.42413,36.71933]},"properties":{"anio":2020}},{"type":"Feature","geometry":{"type":"Point","coordinates":[-4.42036,36.72716]},"properties":{"anio":2020}},{"type":"Feature","geometry":{"type":"Point","coordinates":[-4.42156,36.73005]},"properties":{"anio":2020}},{"type":"Feature","geometry":{"type":"Point","coordinates":[-4.42898,36.71423]},"properties":{"anio":2020}},{"type":"Feature","geometry":{"type":"Point","coordinates":[-4.42357,36.72113]},"properties":{"anio":2020}},{"type":"Feature","geometry":{"type":"Point","coordinates":[-4.42034,36.72649]},"properties":{"anio":2020}},{"type":"Feature","geometry":{"type":"Point","coordinates":[-4.42161,36.72591]},"properties":{"anio":2020}},{"type":"Feature","geometry":{"type":"Point","coordinates":[-4.41542,36.72594]},"properties":{"anio":2020}},{"type":"Feature","geometry":{"type":"Point","coordinates":[-4.43155,36.72349]},"properties":{"anio":2020}},{"type":"Feature","geometry":{"type":"Point","coordinates":[-4.42185,36.72281]},"properties":{"anio":2020}},{"type":"Feature","geometry":{"type":"Point","coordinates":[-4.42739,36.71403]},"properties":{"anio":2020}},{"type":"Feature","geometry":{"type":"Point","coordinates":[-4.42044,36.72981]},"properties":{"anio":2020}},{"type":"Feature","geometry":{"type":"Point","coordinates":[-4.42296,36.72287]},"properties":{"anio":2020}},{"type":"Feature","geometry":{"type":"Point","coordinates":[-4.41456,36.72855]},"properties":{"anio":2020}},{"type":"Feature","geometry":{"type":"Point","coordinates":[-4.41571,36.72431]},"properties":{"anio":2020}},{"type":"Feature","geometry":{"type":"Point","coordinates":[-4.41125,36.71744]},"properties":{"anio":2020}},{"type":"Feature","geometry":{"type":"Point","coordinates":[-4.43102,36.72095]},"properties":{"anio":2020}},{"type":"Feature","geometry":{"type":"Point","coordinates":[-4.42801,36.71488]},"properties":{"anio":2020}},{"type":"Feature","geometry":{"type":"Point","coordinates":[-4.41181,36.71803]},"properties":{"anio":2020}},{"type":"Feature","geometry":{"type":"Point","coordinates":[-4.39966,36.72188]},"properties":{"anio":2020}},{"type":"Feature","geometry":{"type":"Point","coordinates":[-4.41963,36.72502]},"properties":{"anio":2020}},{"type":"Feature","geometry":{"type":"Point","coordinates":[-4.41963,36.72502]},"properties":{"anio":2020}},{"type":"Feature","geometry":{"type":"Point","coordinates":[-4.41206,36.7166]},"properties":{"anio":2020}},{"type":"Feature","geometry":{"type":"Point","coordinates":[-4.4253,36.72572]},"properties":{"anio":2020}},{"type":"Feature","geometry":{"type":"Point","coordinates":[-4.42046,36.72214]},"properties":{"anio":2020}},{"type":"Feature","geometry":{"type":"Point","coordinates":[-4.42199,36.72448]},"properties":{"anio":2020}},{"type":"Feature","geometry":{"type":"Point","coordinates":[-4.42518,36.72259]},"properties":{"anio":2020}},{"type":"Feature","geometry":{"type":"Point","coordinates":[-4.42161,36.72591]},"properties":{"anio":2020}},{"type":"Feature","geometry":{"type":"Point","coordinates":[-4.42219,36.72503]},"properties":{"anio":2020}},{"type":"Feature","geometry":{"type":"Point","coordinates":[-4.42863,36.72104]},"properties":{"anio":2020}},{"type":"Feature","geometry":{"type":"Point","coordinates":[-4.42058,36.72116]},"properties":{"anio":2020}},{"type":"Feature","geometry":{"type":"Point","coordinates":[-4.42406,36.72311]},"properties":{"anio":2020}},{"type":"Feature","geometry":{"type":"Point","coordinates":[-4.42058,36.72363]},"properties":{"anio":2020}},{"type":"Feature","geometry":{"type":"Point","coordinates":[-4.4161,36.7259]},"properties":{"anio":2020}},{"type":"Feature","geometry":{"type":"Point","coordinates":[-4.42399,36.72831]},"properties":{"anio":2020}},{"type":"Feature","geometry":{"type":"Point","coordinates":[-4.42399,36.72831]},"properties":{"anio":2020}},{"type":"Feature","geometry":{"type":"Point","coordinates":[-4.42377,36.72899]},"properties":{"anio":2020}},{"type":"Feature","geometry":{"type":"Point","coordinates":[-4.41541,36.72468]},"properties":{"anio":2020}},{"type":"Feature","geometry":{"type":"Point","coordinates":[-4.41536,36.72748]},"properties":{"anio":2020}},{"type":"Feature","geometry":{"type":"Point","coordinates":[-4.42373,36.7181]},"properties":{"anio":2020}},{"type":"Feature","geometry":{"type":"Point","coordinates":[-4.42254,36.72272]},"properties":{"anio":2020}},{"type":"Feature","geometry":{"type":"Point","coordinates":[-4.42383,36.71587]},"properties":{"anio":2020}},{"type":"Feature","geometry":{"type":"Point","coordinates":[-4.41178,36.71836]},"properties":{"anio":2020}},{"type":"Feature","geometry":{"type":"Point","coordinates":[-4.42254,36.72272]},"properties":{"anio":2020}},{"type":"Feature","geometry":{"type":"Point","coordinates":[-4.42353,36.72009]},"properties":{"anio":2020}},{"type":"Feature","geometry":{"type":"Point","coordinates":[-4.41982,36.72583]},"properties":{"anio":2020}},{"type":"Feature","geometry":{"type":"Point","coordinates":[-4.40481,36.72095]},"properties":{"anio":2020}},{"type":"Feature","geometry":{"type":"Point","coordinates":[-4.42274,36.71897]},"properties":{"anio":2020}},{"type":"Feature","geometry":{"type":"Point","coordinates":[-4.41801,36.724]},"properties":{"anio":2020}},{"type":"Feature","geometry":{"type":"Point","coordinates":[-4.41812,36.72628]},"properties":{"anio":2020}},{"type":"Feature","geometry":{"type":"Point","coordinates":[-4.41868,36.72652]},"properties":{"anio":2020}},{"type":"Feature","geometry":{"type":"Point","coordinates":[-4.41516,36.73212]},"properties":{"anio":2020}},{"type":"Feature","geometry":{"type":"Point","coordinates":[-4.41371,36.72655]},"properties":{"anio":2020}},{"type":"Feature","geometry":{"type":"Point","coordinates":[-4.41371,36.72655]},"properties":{"anio":2020}},{"type":"Feature","geometry":{"type":"Point","coordinates":[-4.41812,36.72628]},"properties":{"anio":2020}},{"type":"Feature","geometry":{"type":"Point","coordinates":[-4.41812,36.72628]},"properties":{"anio":2020}},{"type":"Feature","geometry":{"type":"Point","coordinates":[-4.41812,36.72628]},"properties":{"anio":2020}},{"type":"Feature","geometry":{"type":"Point","coordinates":[-4.42499,36.71906]},"properties":{"anio":2020}},{"type":"Feature","geometry":{"type":"Point","coordinates":[-4.41943,36.72534]},"properties":{"anio":2020}},{"type":"Feature","geometry":{"type":"Point","coordinates":[-4.42396,36.7307]},"properties":{"anio":2020}},{"type":"Feature","geometry":{"type":"Point","coordinates":[-4.42729,36.72218]},"properties":{"anio":2020}},{"type":"Feature","geometry":{"type":"Point","coordinates":[-4.42375,36.71517]},"properties":{"anio":2020}},{"type":"Feature","geometry":{"type":"Point","coordinates":[-4.42863,36.71351]},"properties":{"anio":2020}},{"type":"Feature","geometry":{"type":"Point","coordinates":[-4.42229,36.71629]},"properties":{"anio":2020}},{"type":"Feature","geometry":{"type":"Point","coordinates":[-4.41993,36.72226]},"properties":{"anio":2020}},{"type":"Feature","geometry":{"type":"Point","coordinates":[-4.4296,36.72294]},"properties":{"anio":2020}},{"type":"Feature","geometry":{"type":"Point","coordinates":[-4.43019,36.71997]},"properties":{"anio":2020}},{"type":"Feature","geometry":{"type":"Point","coordinates":[-4.42474,36.7148]},"properties":{"anio":2020}},{"type":"Feature","geometry":{"type":"Point","coordinates":[-4.42007,36.72648]},"properties":{"anio":2020}},{"type":"Feature","geometry":{"type":"Point","coordinates":[-4.41812,36.72628]},"properties":{"anio":2020}},{"type":"Feature","geometry":{"type":"Point","coordinates":[-4.41812,36.72628]},"properties":{"anio":2020}},{"type":"Feature","geometry":{"type":"Point","coordinates":[-4.41812,36.72628]},"properties":{"anio":2020}},{"type":"Feature","geometry":{"type":"Point","coordinates":[-4.41812,36.72628]},"properties":{"anio":2020}},{"type":"Feature","geometry":{"type":"Point","coordinates":[-4.41559,36.72398]},"properties":{"anio":2020}},{"type":"Feature","geometry":{"type":"Point","coordinates":[-4.42707,36.71466]},"properties":{"anio":2020}},{"type":"Feature","geometry":{"type":"Point","coordinates":[-4.41913,36.72332]},"properties":{"anio":2020}},{"type":"Feature","geometry":{"type":"Point","coordinates":[-4.41116,36.71904]},"properties":{"anio":2020}},{"type":"Feature","geometry":{"type":"Point","coordinates":[-4.41718,36.72441]},"properties":{"anio":2020}},{"type":"Feature","geometry":{"type":"Point","coordinates":[-4.42863,36.72104]},"properties":{"anio":2020}},{"type":"Feature","geometry":{"type":"Point","coordinates":[-4.42378,36.72175]},"properties":{"anio":2020}},{"type":"Feature","geometry":{"type":"Point","coordinates":[-4.42538,36.72506]},"properties":{"anio":2020}},{"type":"Feature","geometry":{"type":"Point","coordinates":[-4.41704,36.72521]},"properties":{"anio":2020}},{"type":"Feature","geometry":{"type":"Point","coordinates":[-4.40896,36.72008]},"properties":{"anio":2020}},{"type":"Feature","geometry":{"type":"Point","coordinates":[-4.40901,36.7196]},"properties":{"anio":2020}},{"type":"Feature","geometry":{"type":"Point","coordinates":[-4.42325,36.72605]},"properties":{"anio":2020}},{"type":"Feature","geometry":{"type":"Point","coordinates":[-4.42415,36.72461]},"properties":{"anio":2020}},{"type":"Feature","geometry":{"type":"Point","coordinates":[-4.42326,36.72812]},"properties":{"anio":2020}},{"type":"Feature","geometry":{"type":"Point","coordinates":[-4.42363,36.72757]},"properties":{"anio":2020}},{"type":"Feature","geometry":{"type":"Point","coordinates":[-4.42506,36.71473]},"properties":{"anio":2020}},{"type":"Feature","geometry":{"type":"Point","coordinates":[-4.42765,36.72371]},"properties":{"anio":2020}},{"type":"Feature","geometry":{"type":"Point","coordinates":[-4.41642,36.7331]},"properties":{"anio":2020}},{"type":"Feature","geometry":{"type":"Point","coordinates":[-4.41937,36.72276]},"properties":{"anio":2020}},{"type":"Feature","geometry":{"type":"Point","coordinates":[-4.42509,36.72913]},"properties":{"anio":2020}},{"type":"Feature","geometry":{"type":"Point","coordinates":[-4.42499,36.71841]},"properties":{"anio":2020}},{"type":"Feature","geometry":{"type":"Point","coordinates":[-4.42168,36.72326]},"properties":{"anio":2020}},{"type":"Feature","geometry":{"type":"Point","coordinates":[-4.42896,36.71433]},"properties":{"anio":2020}},{"type":"Feature","geometry":{"type":"Point","coordinates":[-4.41135,36.71702]},"properties":{"anio":2020}},{"type":"Feature","geometry":{"type":"Point","coordinates":[-4.41046,36.71938]},"properties":{"anio":2020}},{"type":"Feature","geometry":{"type":"Point","coordinates":[-4.42989,36.72516]},"properties":{"anio":2020}},{"type":"Feature","geometry":{"type":"Point","coordinates":[-4.43262,36.72002]},"properties":{"anio":2020}},{"type":"Feature","geometry":{"type":"Point","coordinates":[-4.42046,36.72214]},"properties":{"anio":2020}},{"type":"Feature","geometry":{"type":"Point","coordinates":[-4.42303,36.7205]},"properties":{"anio":2020}},{"type":"Feature","geometry":{"type":"Point","coordinates":[-4.42419,36.72708]},"properties":{"anio":2020}},{"type":"Feature","geometry":{"type":"Point","coordinates":[-4.42419,36.72708]},"properties":{"anio":2020}},{"type":"Feature","geometry":{"type":"Point","coordinates":[-4.42175,36.71734]},"properties":{"anio":2020}},{"type":"Feature","geometry":{"type":"Point","coordinates":[-4.4244,36.7204]},"properties":{"anio":2020}},{"type":"Feature","geometry":{"type":"Point","coordinates":[-4.42101,36.72117]},"properties":{"anio":2020}},{"type":"Feature","geometry":{"type":"Point","coordinates":[-4.4115,36.7213]},"properties":{"anio":2020}},{"type":"Feature","geometry":{"type":"Point","coordinates":[-4.41345,36.72557]},"properties":{"anio":2020}},{"type":"Feature","geometry":{"type":"Point","coordinates":[-4.42648,36.7229]},"properties":{"anio":2020}},{"type":"Feature","geometry":{"type":"Point","coordinates":[-4.42118,36.72017]},"properties":{"anio":2020}},{"type":"Feature","geometry":{"type":"Point","coordinates":[-4.42295,36.71998]},"properties":{"anio":2020}},{"type":"Feature","geometry":{"type":"Point","coordinates":[-4.42295,36.71998]},"properties":{"anio":2020}},{"type":"Feature","geometry":{"type":"Point","coordinates":[-4.42155,36.72396]},"properties":{"anio":2020}},{"type":"Feature","geometry":{"type":"Point","coordinates":[-4.42945,36.72272]},"properties":{"anio":2020}},{"type":"Feature","geometry":{"type":"Point","coordinates":[-4.42295,36.71998]},"properties":{"anio":2020}},{"type":"Feature","geometry":{"type":"Point","coordinates":[-4.42295,36.71998]},"properties":{"anio":2020}},{"type":"Feature","geometry":{"type":"Point","coordinates":[-4.42295,36.71998]},"properties":{"anio":2020}},{"type":"Feature","geometry":{"type":"Point","coordinates":[-4.42295,36.71998]},"properties":{"anio":2020}},{"type":"Feature","geometry":{"type":"Point","coordinates":[-4.42295,36.71998]},"properties":{"anio":2020}},{"type":"Feature","geometry":{"type":"Point","coordinates":[-4.42161,36.72591]},"properties":{"anio":2020}},{"type":"Feature","geometry":{"type":"Point","coordinates":[-4.41964,36.72364]},"properties":{"anio":2020}},{"type":"Feature","geometry":{"type":"Point","coordinates":[-4.42844,36.71186]},"properties":{"anio":2020}},{"type":"Feature","geometry":{"type":"Point","coordinates":[-4.41977,36.72544]},"properties":{"anio":2020}},{"type":"Feature","geometry":{"type":"Point","coordinates":[-4.41564,36.72659]},"properties":{"anio":2020}},{"type":"Feature","geometry":{"type":"Point","coordinates":[-4.4198,36.7241]},"properties":{"anio":2020}},{"type":"Feature","geometry":{"type":"Point","coordinates":[-4.42031,36.72453]},"properties":{"anio":2020}},{"type":"Feature","geometry":{"type":"Point","coordinates":[-4.42049,36.72536]},"properties":{"anio":2020}},{"type":"Feature","geometry":{"type":"Point","coordinates":[-4.42899,36.72085]},"properties":{"anio":2020}},{"type":"Feature","geometry":{"type":"Point","coordinates":[-4.41964,36.72364]},"properties":{"anio":2020}},{"type":"Feature","geometry":{"type":"Point","coordinates":[-4.42844,36.71186]},"properties":{"anio":2020}},{"type":"Feature","geometry":{"type":"Point","coordinates":[-4.41573,36.72384]},"properties":{"anio":2020}},{"type":"Feature","geometry":{"type":"Point","coordinates":[-4.41835,36.7219]},"properties":{"anio":2020}},{"type":"Feature","geometry":{"type":"Point","coordinates":[-4.41876,36.72556]},"properties":{"anio":2020}},{"type":"Feature","geometry":{"type":"Point","coordinates":[-4.41835,36.7219]},"properties":{"anio":2020}},{"type":"Feature","geometry":{"type":"Point","coordinates":[-4.40919,36.71868]},"properties":{"anio":2020}},{"type":"Feature","geometry":{"type":"Point","coordinates":[-4.41883,36.72297]},"properties":{"anio":2020}},{"type":"Feature","geometry":{"type":"Point","coordinates":[-4.422,36.72059]},"properties":{"anio":2020}},{"type":"Feature","geometry":{"type":"Point","coordinates":[-4.43035,36.72231]},"properties":{"anio":2020}},{"type":"Feature","geometry":{"type":"Point","coordinates":[-4.42695,36.71194]},"properties":{"anio":2020}},{"type":"Feature","geometry":{"type":"Point","coordinates":[-4.41508,36.72799]},"properties":{"anio":2020}},{"type":"Feature","geometry":{"type":"Point","coordinates":[-4.42736,36.71108]},"properties":{"anio":2020}},{"type":"Feature","geometry":{"type":"Point","coordinates":[-4.4239,36.71546]},"properties":{"anio":2020}},{"type":"Feature","geometry":{"type":"Point","coordinates":[-4.42928,36.7141]},"properties":{"anio":2020}},{"type":"Feature","geometry":{"type":"Point","coordinates":[-4.41384,36.73037]},"properties":{"anio":2020}},{"type":"Feature","geometry":{"type":"Point","coordinates":[-4.42229,36.71629]},"properties":{"anio":2020}},{"type":"Feature","geometry":{"type":"Point","coordinates":[-4.42229,36.71629]},"properties":{"anio":2020}},{"type":"Feature","geometry":{"type":"Point","coordinates":[-4.43001,36.72273]},"properties":{"anio":2020}},{"type":"Feature","geometry":{"type":"Point","coordinates":[-4.42472,36.71888]},"properties":{"anio":2020}},{"type":"Feature","geometry":{"type":"Point","coordinates":[-4.40813,36.7214]},"properties":{"anio":2020}},{"type":"Feature","geometry":{"type":"Point","coordinates":[-4.4161,36.7259]},"properties":{"anio":2020}},{"type":"Feature","geometry":{"type":"Point","coordinates":[-4.42129,36.72181]},"properties":{"anio":2020}},{"type":"Feature","geometry":{"type":"Point","coordinates":[-4.41467,36.72482]},"properties":{"anio":2020}},{"type":"Feature","geometry":{"type":"Point","coordinates":[-4.4217,36.71629]},"properties":{"anio":2020}},{"type":"Feature","geometry":{"type":"Point","coordinates":[-4.42863,36.72104]},"properties":{"anio":2020}},{"type":"Feature","geometry":{"type":"Point","coordinates":[-4.42863,36.72104]},"properties":{"anio":2020}},{"type":"Feature","geometry":{"type":"Point","coordinates":[-4.40074,36.72215]},"properties":{"anio":2020}},{"type":"Feature","geometry":{"type":"Point","coordinates":[-4.40074,36.72215]},"properties":{"anio":2020}},{"type":"Feature","geometry":{"type":"Point","coordinates":[-4.42499,36.71841]},"properties":{"anio":2020}},{"type":"Feature","geometry":{"type":"Point","coordinates":[-4.42514,36.722]},"properties":{"anio":2020}},{"type":"Feature","geometry":{"type":"Point","coordinates":[-4.42211,36.72803]},"properties":{"anio":2020}},{"type":"Feature","geometry":{"type":"Point","coordinates":[-4.42379,36.72957]},"properties":{"anio":2020}},{"type":"Feature","geometry":{"type":"Point","coordinates":[-4.43076,36.72141]},"properties":{"anio":2020}},{"type":"Feature","geometry":{"type":"Point","coordinates":[-4.43076,36.72141]},"properties":{"anio":2020}},{"type":"Feature","geometry":{"type":"Point","coordinates":[-4.41559,36.72398]},"properties":{"anio":2020}},{"type":"Feature","geometry":{"type":"Point","coordinates":[-4.41898,36.72175]},"properties":{"anio":2020}},{"type":"Feature","geometry":{"type":"Point","coordinates":[-4.41898,36.72175]},"properties":{"anio":2020}},{"type":"Feature","geometry":{"type":"Point","coordinates":[-4.42319,36.71669]},"properties":{"anio":2020}},{"type":"Feature","geometry":{"type":"Point","coordinates":[-4.43116,36.7237]},"properties":{"anio":2020}},{"type":"Feature","geometry":{"type":"Point","coordinates":[-4.42095,36.72807]},"properties":{"anio":2020}},{"type":"Feature","geometry":{"type":"Point","coordinates":[-4.41641,36.72501]},"properties":{"anio":2020}},{"type":"Feature","geometry":{"type":"Point","coordinates":[-4.42366,36.71909]},"properties":{"anio":2020}},{"type":"Feature","geometry":{"type":"Point","coordinates":[-4.41801,36.724]},"properties":{"anio":2020}},{"type":"Feature","geometry":{"type":"Point","coordinates":[-4.42236,36.72445]},"properties":{"anio":2020}},{"type":"Feature","geometry":{"type":"Point","coordinates":[-4.4226,36.71967]},"properties":{"anio":2020}},{"type":"Feature","geometry":{"type":"Point","coordinates":[-4.4237,36.71622]},"properties":{"anio":2020}},{"type":"Feature","geometry":{"type":"Point","coordinates":[-4.42104,36.72377]},"properties":{"anio":2020}},{"type":"Feature","geometry":{"type":"Point","coordinates":[-4.4226,36.71967]},"properties":{"anio":2020}},{"type":"Feature","geometry":{"type":"Point","coordinates":[-4.4226,36.71967]},"properties":{"anio":2020}},{"type":"Feature","geometry":{"type":"Point","coordinates":[-4.4226,36.71967]},"properties":{"anio":2020}},{"type":"Feature","geometry":{"type":"Point","coordinates":[-4.4226,36.71967]},"properties":{"anio":2020}},{"type":"Feature","geometry":{"type":"Point","coordinates":[-4.42374,36.72928]},"properties":{"anio":2020}},{"type":"Feature","geometry":{"type":"Point","coordinates":[-4.42869,36.71424]},"properties":{"anio":2020}},{"type":"Feature","geometry":{"type":"Point","coordinates":[-4.42869,36.71424]},"properties":{"anio":2020}},{"type":"Feature","geometry":{"type":"Point","coordinates":[-4.42268,36.72385]},"properties":{"anio":2020}},{"type":"Feature","geometry":{"type":"Point","coordinates":[-4.42327,36.71523]},"properties":{"anio":2020}},{"type":"Feature","geometry":{"type":"Point","coordinates":[-4.42396,36.7307]},"properties":{"anio":2020}},{"type":"Feature","geometry":{"type":"Point","coordinates":[-4.41164,36.71762]},"properties":{"anio":2020}},{"type":"Feature","geometry":{"type":"Point","coordinates":[-4.42089,36.72169]},"properties":{"anio":2020}},{"type":"Feature","geometry":{"type":"Point","coordinates":[-4.41288,36.72808]},"properties":{"anio":2020}},{"type":"Feature","geometry":{"type":"Point","coordinates":[-4.42979,36.71498]},"properties":{"anio":2020}},{"type":"Feature","geometry":{"type":"Point","coordinates":[-4.41982,36.72583]},"properties":{"anio":2020}},{"type":"Feature","geometry":{"type":"Point","coordinates":[-4.42366,36.72543]},"properties":{"anio":2020}},{"type":"Feature","geometry":{"type":"Point","coordinates":[-4.41806,36.72519]},"properties":{"anio":2020}},{"type":"Feature","geometry":{"type":"Point","coordinates":[-4.41808,36.72572]},"properties":{"anio":2020}},{"type":"Feature","geometry":{"type":"Point","coordinates":[-4.42089,36.72169]},"properties":{"anio":2020}},{"type":"Feature","geometry":{"type":"Point","coordinates":[-4.42138,36.7268]},"properties":{"anio":2020}},{"type":"Feature","geometry":{"type":"Point","coordinates":[-4.4212,36.72357]},"properties":{"anio":2020}},{"type":"Feature","geometry":{"type":"Point","coordinates":[-4.42305,36.72245]},"properties":{"anio":2020}},{"type":"Feature","geometry":{"type":"Point","coordinates":[-4.42159,36.73021]},"properties":{"anio":2020}},{"type":"Feature","geometry":{"type":"Point","coordinates":[-4.42159,36.73021]},"properties":{"anio":2020}},{"type":"Feature","geometry":{"type":"Point","coordinates":[-4.42159,36.73021]},"properties":{"anio":2020}},{"type":"Feature","geometry":{"type":"Point","coordinates":[-4.42159,36.73021]},"properties":{"anio":2020}},{"type":"Feature","geometry":{"type":"Point","coordinates":[-4.42089,36.72169]},"properties":{"anio":2020}},{"type":"Feature","geometry":{"type":"Point","coordinates":[-4.41546,36.73042]},"properties":{"anio":2020}},{"type":"Feature","geometry":{"type":"Point","coordinates":[-4.42104,36.72377]},"properties":{"anio":2020}},{"type":"Feature","geometry":{"type":"Point","coordinates":[-4.42898,36.71423]},"properties":{"anio":2020}},{"type":"Feature","geometry":{"type":"Point","coordinates":[-4.42869,36.71424]},"properties":{"anio":2020}},{"type":"Feature","geometry":{"type":"Point","coordinates":[-4.42066,36.72643]},"properties":{"anio":2020}},{"type":"Feature","geometry":{"type":"Point","coordinates":[-4.42219,36.72503]},"properties":{"anio":2020}},{"type":"Feature","geometry":{"type":"Point","coordinates":[-4.42081,36.71735]},"properties":{"anio":2020}},{"type":"Feature","geometry":{"type":"Point","coordinates":[-4.42514,36.722]},"properties":{"anio":2020}},{"type":"Feature","geometry":{"type":"Point","coordinates":[-4.42457,36.71661]},"properties":{"anio":2020}},{"type":"Feature","geometry":{"type":"Point","coordinates":[-4.421,36.72251]},"properties":{"anio":2020}},{"type":"Feature","geometry":{"type":"Point","coordinates":[-4.41982,36.72583]},"properties":{"anio":2020}},{"type":"Feature","geometry":{"type":"Point","coordinates":[-4.41982,36.72583]},"properties":{"anio":2020}},{"type":"Feature","geometry":{"type":"Point","coordinates":[-4.41125,36.71744]},"properties":{"anio":2020}},{"type":"Feature","geometry":{"type":"Point","coordinates":[-4.42084,36.71925]},"properties":{"anio":2020}},{"type":"Feature","geometry":{"type":"Point","coordinates":[-4.42765,36.72371]},"properties":{"anio":2020}},{"type":"Feature","geometry":{"type":"Point","coordinates":[-4.43002,36.71943]},"properties":{"anio":2020}},{"type":"Feature","geometry":{"type":"Point","coordinates":[-4.42447,36.71926]},"properties":{"anio":2020}},{"type":"Feature","geometry":{"type":"Point","coordinates":[-4.40842,36.71927]},"properties":{"anio":2020}},{"type":"Feature","geometry":{"type":"Point","coordinates":[-4.42397,36.72115]},"properties":{"anio":2020}},{"type":"Feature","geometry":{"type":"Point","coordinates":[-4.42449,36.72397]},"properties":{"anio":2020}},{"type":"Feature","geometry":{"type":"Point","coordinates":[-4.41772,36.72013]},"properties":{"anio":2020}},{"type":"Feature","geometry":{"type":"Point","coordinates":[-4.41908,36.72559]},"properties":{"anio":2020}},{"type":"Feature","geometry":{"type":"Point","coordinates":[-4.42813,36.72498]},"properties":{"anio":2020}},{"type":"Feature","geometry":{"type":"Point","coordinates":[-4.42901,36.71985]},"properties":{"anio":2020}},{"type":"Feature","geometry":{"type":"Point","coordinates":[-4.41178,36.71836]},"properties":{"anio":2020}},{"type":"Feature","geometry":{"type":"Point","coordinates":[-4.41046,36.71938]},"properties":{"anio":2020}},{"type":"Feature","geometry":{"type":"Point","coordinates":[-4.42275,36.72771]},"properties":{"anio":2020}},{"type":"Feature","geometry":{"type":"Point","coordinates":[-4.42104,36.72377]},"properties":{"anio":2020}},{"type":"Feature","geometry":{"type":"Point","coordinates":[-4.42914,36.72677]},"properties":{"anio":2020}},{"type":"Feature","geometry":{"type":"Point","coordinates":[-4.42103,36.72239]},"properties":{"anio":2020}},{"type":"Feature","geometry":{"type":"Point","coordinates":[-4.42713,36.72451]},"properties":{"anio":2020}},{"type":"Feature","geometry":{"type":"Point","coordinates":[-4.41125,36.71744]},"properties":{"anio":2020}},{"type":"Feature","geometry":{"type":"Point","coordinates":[-4.4212,36.72357]},"properties":{"anio":2020}},{"type":"Feature","geometry":{"type":"Point","coordinates":[-4.42396,36.72474]},"properties":{"anio":2020}},{"type":"Feature","geometry":{"type":"Point","coordinates":[-4.42396,36.72474]},"properties":{"anio":2020}},{"type":"Feature","geometry":{"type":"Point","coordinates":[-4.42396,36.72474]},"properties":{"anio":2020}},{"type":"Feature","geometry":{"type":"Point","coordinates":[-4.42136,36.72115]},"properties":{"anio":2020}},{"type":"Feature","geometry":{"type":"Point","coordinates":[-4.42136,36.72115]},"properties":{"anio":2020}},{"type":"Feature","geometry":{"type":"Point","coordinates":[-4.4267,36.72309]},"properties":{"anio":2020}},{"type":"Feature","geometry":{"type":"Point","coordinates":[-4.42104,36.72377]},"properties":{"anio":2020}},{"type":"Feature","geometry":{"type":"Point","coordinates":[-4.41456,36.72855]},"properties":{"anio":2020}},{"type":"Feature","geometry":{"type":"Point","coordinates":[-4.42325,36.73037]},"properties":{"anio":2020}},{"type":"Feature","geometry":{"type":"Point","coordinates":[-4.42325,36.73037]},"properties":{"anio":2020}},{"type":"Feature","geometry":{"type":"Point","coordinates":[-4.43129,36.72092]},"properties":{"anio":2020}},{"type":"Feature","geometry":{"type":"Point","coordinates":[-4.41897,36.72309]},"properties":{"anio":2020}},{"type":"Feature","geometry":{"type":"Point","coordinates":[-4.42036,36.72896]},"properties":{"anio":2020}},{"type":"Feature","geometry":{"type":"Point","coordinates":[-4.42036,36.72896]},"properties":{"anio":2020}},{"type":"Feature","geometry":{"type":"Point","coordinates":[-4.41458,36.72605]},"properties":{"anio":2020}},{"type":"Feature","geometry":{"type":"Point","coordinates":[-4.42915,36.71915]},"properties":{"anio":2020}},{"type":"Feature","geometry":{"type":"Point","coordinates":[-4.42703,36.72463]},"properties":{"anio":2020}},{"type":"Feature","geometry":{"type":"Point","coordinates":[-4.43038,36.7216]},"properties":{"anio":2020}},{"type":"Feature","geometry":{"type":"Point","coordinates":[-4.42353,36.72637]},"properties":{"anio":2020}},{"type":"Feature","geometry":{"type":"Point","coordinates":[-4.42844,36.71186]},"properties":{"anio":2020}},{"type":"Feature","geometry":{"type":"Point","coordinates":[-4.42703,36.72463]},"properties":{"anio":2020}},{"type":"Feature","geometry":{"type":"Point","coordinates":[-4.42237,36.7196]},"properties":{"anio":2020}},{"type":"Feature","geometry":{"type":"Point","coordinates":[-4.42447,36.71926]},"properties":{"anio":2020}},{"type":"Feature","geometry":{"type":"Point","coordinates":[-4.41049,36.72849]},"properties":{"anio":2020}},{"type":"Feature","geometry":{"type":"Point","coordinates":[-4.42844,36.71186]},"properties":{"anio":2020}},{"type":"Feature","geometry":{"type":"Point","coordinates":[-4.42844,36.71186]},"properties":{"anio":2020}},{"type":"Feature","geometry":{"type":"Point","coordinates":[-4.4217,36.71629]},"properties":{"anio":2020}},{"type":"Feature","geometry":{"type":"Point","coordinates":[-4.4217,36.71629]},"properties":{"anio":2020}},{"type":"Feature","geometry":{"type":"Point","coordinates":[-4.42844,36.71186]},"properties":{"anio":2020}},{"type":"Feature","geometry":{"type":"Point","coordinates":[-4.42104,36.72377]},"properties":{"anio":2020}},{"type":"Feature","geometry":{"type":"Point","coordinates":[-4.41359,36.72566]},"properties":{"anio":2020}},{"type":"Feature","geometry":{"type":"Point","coordinates":[-4.41564,36.72375]},"properties":{"anio":2020}},{"type":"Feature","geometry":{"type":"Point","coordinates":[-4.42101,36.72117]},"properties":{"anio":2020}},{"type":"Feature","geometry":{"type":"Point","coordinates":[-4.41617,36.72517]},"properties":{"anio":2020}},{"type":"Feature","geometry":{"type":"Point","coordinates":[-4.42374,36.71974]},"properties":{"anio":2020}},{"type":"Feature","geometry":{"type":"Point","coordinates":[-4.42135,36.72426]},"properties":{"anio":2020}},{"type":"Feature","geometry":{"type":"Point","coordinates":[-4.42778,36.72155]},"properties":{"anio":2020}},{"type":"Feature","geometry":{"type":"Point","coordinates":[-4.42392,36.72025]},"properties":{"anio":2020}},{"type":"Feature","geometry":{"type":"Point","coordinates":[-4.41596,36.72432]},"properties":{"anio":2020}},{"type":"Feature","geometry":{"type":"Point","coordinates":[-4.41046,36.71938]},"properties":{"anio":2020}},{"type":"Feature","geometry":{"type":"Point","coordinates":[-4.42327,36.71523]},"properties":{"anio":2020}},{"type":"Feature","geometry":{"type":"Point","coordinates":[-4.42103,36.72239]},"properties":{"anio":2020}},{"type":"Feature","geometry":{"type":"Point","coordinates":[-4.42474,36.72287]},"properties":{"anio":2020}},{"type":"Feature","geometry":{"type":"Point","coordinates":[-4.41962,36.7251]},"properties":{"anio":2020}},{"type":"Feature","geometry":{"type":"Point","coordinates":[-4.4278,36.72523]},"properties":{"anio":2020}},{"type":"Feature","geometry":{"type":"Point","coordinates":[-4.42525,36.72939]},"properties":{"anio":2020}},{"type":"Feature","geometry":{"type":"Point","coordinates":[-4.4224,36.72366]},"properties":{"anio":2020}},{"type":"Feature","geometry":{"type":"Point","coordinates":[-4.42926,36.72095]},"properties":{"anio":2020}},{"type":"Feature","geometry":{"type":"Point","coordinates":[-4.41652,36.73303]},"properties":{"anio":2020}},{"type":"Feature","geometry":{"type":"Point","coordinates":[-4.41652,36.73303]},"properties":{"anio":2020}},{"type":"Feature","geometry":{"type":"Point","coordinates":[-4.42419,36.72293]},"properties":{"anio":2020}},{"type":"Feature","geometry":{"type":"Point","coordinates":[-4.4237,36.72006]},"properties":{"anio":2020}},{"type":"Feature","geometry":{"type":"Point","coordinates":[-4.42445,36.71987]},"properties":{"anio":2020}},{"type":"Feature","geometry":{"type":"Point","coordinates":[-4.41913,36.72332]},"properties":{"anio":2020}},{"type":"Feature","geometry":{"type":"Point","coordinates":[-4.41913,36.72332]},"properties":{"anio":2020}},{"type":"Feature","geometry":{"type":"Point","coordinates":[-4.42034,36.72649]},"properties":{"anio":2020}},{"type":"Feature","geometry":{"type":"Point","coordinates":[-4.41178,36.71688]},"properties":{"anio":2021}},{"type":"Feature","geometry":{"type":"Point","coordinates":[-4.41135,36.71702]},"properties":{"anio":2021}},{"type":"Feature","geometry":{"type":"Point","coordinates":[-4.41135,36.71702]},"properties":{"anio":2021}},{"type":"Feature","geometry":{"type":"Point","coordinates":[-4.41605,36.72439]},"properties":{"anio":2021}},{"type":"Feature","geometry":{"type":"Point","coordinates":[-4.42113,36.72245]},"properties":{"anio":2021}},{"type":"Feature","geometry":{"type":"Point","coordinates":[-4.41947,36.7245]},"properties":{"anio":2021}},{"type":"Feature","geometry":{"type":"Point","coordinates":[-4.42928,36.7141]},"properties":{"anio":2021}},{"type":"Feature","geometry":{"type":"Point","coordinates":[-4.42138,36.7268]},"properties":{"anio":2021}},{"type":"Feature","geometry":{"type":"Point","coordinates":[-4.42138,36.7268]},"properties":{"anio":2021}},{"type":"Feature","geometry":{"type":"Point","coordinates":[-4.42254,36.72272]},"properties":{"anio":2021}},{"type":"Feature","geometry":{"type":"Point","coordinates":[-4.41484,36.72786]},"properties":{"anio":2021}},{"type":"Feature","geometry":{"type":"Point","coordinates":[-4.4212,36.72357]},"properties":{"anio":2021}},{"type":"Feature","geometry":{"type":"Point","coordinates":[-4.42312,36.72379]},"properties":{"anio":2021}},{"type":"Feature","geometry":{"type":"Point","coordinates":[-4.41125,36.71744]},"properties":{"anio":2021}},{"type":"Feature","geometry":{"type":"Point","coordinates":[-4.41123,36.7195]},"properties":{"anio":2021}},{"type":"Feature","geometry":{"type":"Point","coordinates":[-4.42361,36.71776]},"properties":{"anio":2021}},{"type":"Feature","geometry":{"type":"Point","coordinates":[-4.42361,36.71776]},"properties":{"anio":2021}},{"type":"Feature","geometry":{"type":"Point","coordinates":[-4.41345,36.72557]},"properties":{"anio":2021}},{"type":"Feature","geometry":{"type":"Point","coordinates":[-4.42303,36.73039]},"properties":{"anio":2021}},{"type":"Feature","geometry":{"type":"Point","coordinates":[-4.42458,36.72126]},"properties":{"anio":2021}},{"type":"Feature","geometry":{"type":"Point","coordinates":[-4.42048,36.71978]},"properties":{"anio":2021}},{"type":"Feature","geometry":{"type":"Point","coordinates":[-4.41974,36.72465]},"properties":{"anio":2021}},{"type":"Feature","geometry":{"type":"Point","coordinates":[-4.41979,36.72505]},"properties":{"anio":2021}},{"type":"Feature","geometry":{"type":"Point","coordinates":[-4.42945,36.72272]},"properties":{"anio":2021}},{"type":"Feature","geometry":{"type":"Point","coordinates":[-4.42412,36.72796]},"properties":{"anio":2021}},{"type":"Feature","geometry":{"type":"Point","coordinates":[-4.42044,36.72981]},"properties":{"anio":2021}},{"type":"Feature","geometry":{"type":"Point","coordinates":[-4.42532,36.71602]},"properties":{"anio":2021}},{"type":"Feature","geometry":{"type":"Point","coordinates":[-4.42428,36.72061]},"properties":{"anio":2021}},{"type":"Feature","geometry":{"type":"Point","coordinates":[-4.42428,36.72061]},"properties":{"anio":2021}},{"type":"Feature","geometry":{"type":"Point","coordinates":[-4.4226,36.72058]},"properties":{"anio":2021}},{"type":"Feature","geometry":{"type":"Point","coordinates":[-4.42104,36.72377]},"properties":{"anio":2021}},{"type":"Feature","geometry":{"type":"Point","coordinates":[-4.42183,36.7253]},"properties":{"anio":2021}},{"type":"Feature","geometry":{"type":"Point","coordinates":[-4.4226,36.72058]},"properties":{"anio":2021}},{"type":"Feature","geometry":{"type":"Point","coordinates":[-4.42113,36.72245]},"properties":{"anio":2021}},{"type":"Feature","geometry":{"type":"Point","coordinates":[-4.41706,36.72454]},"properties":{"anio":2021}},{"type":"Feature","geometry":{"type":"Point","coordinates":[-4.41858,36.72534]},"properties":{"anio":2021}},{"type":"Feature","geometry":{"type":"Point","coordinates":[-4.41858,36.72534]},"properties":{"anio":2021}},{"type":"Feature","geometry":{"type":"Point","coordinates":[-4.42428,36.72061]},"properties":{"anio":2021}},{"type":"Feature","geometry":{"type":"Point","coordinates":[-4.42428,36.72061]},"properties":{"anio":2021}},{"type":"Feature","geometry":{"type":"Point","coordinates":[-4.42392,36.72025]},"properties":{"anio":2021}},{"type":"Feature","geometry":{"type":"Point","coordinates":[-4.42392,36.72025]},"properties":{"anio":2021}},{"type":"Feature","geometry":{"type":"Point","coordinates":[-4.41706,36.72454]},"properties":{"anio":2021}},{"type":"Feature","geometry":{"type":"Point","coordinates":[-4.41706,36.72454]},"properties":{"anio":2021}},{"type":"Feature","geometry":{"type":"Point","coordinates":[-4.4212,36.72357]},"properties":{"anio":2021}},{"type":"Feature","geometry":{"type":"Point","coordinates":[-4.42171,36.72263]},"properties":{"anio":2021}},{"type":"Feature","geometry":{"type":"Point","coordinates":[-4.42699,36.72308]},"properties":{"anio":2021}},{"type":"Feature","geometry":{"type":"Point","coordinates":[-4.41982,36.72583]},"properties":{"anio":2021}},{"type":"Feature","geometry":{"type":"Point","coordinates":[-4.42104,36.72377]},"properties":{"anio":2021}},{"type":"Feature","geometry":{"type":"Point","coordinates":[-4.42257,36.73176]},"properties":{"anio":2021}},{"type":"Feature","geometry":{"type":"Point","coordinates":[-4.42134,36.73353]},"properties":{"anio":2021}},{"type":"Feature","geometry":{"type":"Point","coordinates":[-4.40438,36.72146]},"properties":{"anio":2021}},{"type":"Feature","geometry":{"type":"Point","coordinates":[-4.42031,36.72453]},"properties":{"anio":2021}},{"type":"Feature","geometry":{"type":"Point","coordinates":[-4.42044,36.72352]},"properties":{"anio":2021}},{"type":"Feature","geometry":{"type":"Point","coordinates":[-4.42331,36.71827]},"properties":{"anio":2021}},{"type":"Feature","geometry":{"type":"Point","coordinates":[-4.42331,36.71827]},"properties":{"anio":2021}},{"type":"Feature","geometry":{"type":"Point","coordinates":[-4.4188,36.72225]},"properties":{"anio":2021}},{"type":"Feature","geometry":{"type":"Point","coordinates":[-4.41646,36.72312]},"properties":{"anio":2021}},{"type":"Feature","geometry":{"type":"Point","coordinates":[-4.42237,36.7196]},"properties":{"anio":2021}},{"type":"Feature","geometry":{"type":"Point","coordinates":[-4.41883,36.72297]},"properties":{"anio":2021}},{"type":"Feature","geometry":{"type":"Point","coordinates":[-4.42045,36.72444]},"properties":{"anio":2021}},{"type":"Feature","geometry":{"type":"Point","coordinates":[-4.42406,36.72311]},"properties":{"anio":2021}},{"type":"Feature","geometry":{"type":"Point","coordinates":[-4.42424,36.72401]},"properties":{"anio":2021}},{"type":"Feature","geometry":{"type":"Point","coordinates":[-4.41582,36.72396]},"properties":{"anio":2021}},{"type":"Feature","geometry":{"type":"Point","coordinates":[-4.4136,36.72666]},"properties":{"anio":2021}},{"type":"Feature","geometry":{"type":"Point","coordinates":[-4.4136,36.72666]},"properties":{"anio":2021}},{"type":"Feature","geometry":{"type":"Point","coordinates":[-4.4136,36.72666]},"properties":{"anio":2021}},{"type":"Feature","geometry":{"type":"Point","coordinates":[-4.4136,36.72666]},"properties":{"anio":2021}},{"type":"Feature","geometry":{"type":"Point","coordinates":[-4.42104,36.72377]},"properties":{"anio":2021}},{"type":"Feature","geometry":{"type":"Point","coordinates":[-4.4136,36.72666]},"properties":{"anio":2021}},{"type":"Feature","geometry":{"type":"Point","coordinates":[-4.4136,36.72666]},"properties":{"anio":2021}},{"type":"Feature","geometry":{"type":"Point","coordinates":[-4.4136,36.72666]},"properties":{"anio":2021}},{"type":"Feature","geometry":{"type":"Point","coordinates":[-4.4226,36.72058]},"properties":{"anio":2021}},{"type":"Feature","geometry":{"type":"Point","coordinates":[-4.41125,36.71744]},"properties":{"anio":2021}},{"type":"Feature","geometry":{"type":"Point","coordinates":[-4.42815,36.715]},"properties":{"anio":2021}},{"type":"Feature","geometry":{"type":"Point","coordinates":[-4.41982,36.72583]},"properties":{"anio":2021}},{"type":"Feature","geometry":{"type":"Point","coordinates":[-4.42094,36.72903]},"properties":{"anio":2021}},{"type":"Feature","geometry":{"type":"Point","coordinates":[-4.42303,36.73039]},"properties":{"anio":2021}},{"type":"Feature","geometry":{"type":"Point","coordinates":[-4.41706,36.72454]},"properties":{"anio":2021}},{"type":"Feature","geometry":{"type":"Point","coordinates":[-4.4197,36.7254]},"properties":{"anio":2021}},{"type":"Feature","geometry":{"type":"Point","coordinates":[-4.41882,36.72266]},"properties":{"anio":2021}},{"type":"Feature","geometry":{"type":"Point","coordinates":[-4.41801,36.724]},"properties":{"anio":2021}},{"type":"Feature","geometry":{"type":"Point","coordinates":[-4.41125,36.71744]},"properties":{"anio":2021}},{"type":"Feature","geometry":{"type":"Point","coordinates":[-4.4166,36.72476]},"properties":{"anio":2021}},{"type":"Feature","geometry":{"type":"Point","coordinates":[-4.41722,36.72377]},"properties":{"anio":2021}},{"type":"Feature","geometry":{"type":"Point","coordinates":[-4.41566,36.72521]},"properties":{"anio":2021}},{"type":"Feature","geometry":{"type":"Point","coordinates":[-4.41548,36.72822]},"properties":{"anio":2021}},{"type":"Feature","geometry":{"type":"Point","coordinates":[-4.42427,36.71907]},"properties":{"anio":2021}},{"type":"Feature","geometry":{"type":"Point","coordinates":[-4.42254,36.72272]},"properties":{"anio":2021}},{"type":"Feature","geometry":{"type":"Point","coordinates":[-4.42535,36.71274]},"properties":{"anio":2021}},{"type":"Feature","geometry":{"type":"Point","coordinates":[-4.42331,36.71827]},"properties":{"anio":2021}},{"type":"Feature","geometry":{"type":"Point","coordinates":[-4.42127,36.73007]},"properties":{"anio":2021}},{"type":"Feature","geometry":{"type":"Point","coordinates":[-4.42331,36.71827]},"properties":{"anio":2021}},{"type":"Feature","geometry":{"type":"Point","coordinates":[-4.41178,36.71688]},"properties":{"anio":2021}},{"type":"Feature","geometry":{"type":"Point","coordinates":[-4.41562,36.72441]},"properties":{"anio":2021}},{"type":"Feature","geometry":{"type":"Point","coordinates":[-4.42356,36.72146]},"properties":{"anio":2021}},{"type":"Feature","geometry":{"type":"Point","coordinates":[-4.41165,36.7187]},"properties":{"anio":2021}},{"type":"Feature","geometry":{"type":"Point","coordinates":[-4.42366,36.71909]},"properties":{"anio":2021}},{"type":"Feature","geometry":{"type":"Point","coordinates":[-4.40438,36.72146]},"properties":{"anio":2021}},{"type":"Feature","geometry":{"type":"Point","coordinates":[-4.42198,36.72529]},"properties":{"anio":2021}},{"type":"Feature","geometry":{"type":"Point","coordinates":[-4.42843,36.72094]},"properties":{"anio":2021}},{"type":"Feature","geometry":{"type":"Point","coordinates":[-4.41178,36.71688]},"properties":{"anio":2021}},{"type":"Feature","geometry":{"type":"Point","coordinates":[-4.42103,36.7203]},"properties":{"anio":2021}},{"type":"Feature","geometry":{"type":"Point","coordinates":[-4.41982,36.72583]},"properties":{"anio":2021}},{"type":"Feature","geometry":{"type":"Point","coordinates":[-4.4286,36.72518]},"properties":{"anio":2021}},{"type":"Feature","geometry":{"type":"Point","coordinates":[-4.4286,36.72518]},"properties":{"anio":2021}},{"type":"Feature","geometry":{"type":"Point","coordinates":[-4.4286,36.72518]},"properties":{"anio":2021}},{"type":"Feature","geometry":{"type":"Point","coordinates":[-4.4286,36.72518]},"properties":{"anio":2021}},{"type":"Feature","geometry":{"type":"Point","coordinates":[-4.4286,36.72518]},"properties":{"anio":2021}},{"type":"Feature","geometry":{"type":"Point","coordinates":[-4.4286,36.72518]},"properties":{"anio":2021}},{"type":"Feature","geometry":{"type":"Point","coordinates":[-4.41066,36.72874]},"properties":{"anio":2021}},{"type":"Feature","geometry":{"type":"Point","coordinates":[-4.42331,36.71827]},"properties":{"anio":2021}},{"type":"Feature","geometry":{"type":"Point","coordinates":[-4.42331,36.71827]},"properties":{"anio":2021}},{"type":"Feature","geometry":{"type":"Point","coordinates":[-4.42699,36.72245]},"properties":{"anio":2021}},{"type":"Feature","geometry":{"type":"Point","coordinates":[-4.41982,36.72583]},"properties":{"anio":2021}},{"type":"Feature","geometry":{"type":"Point","coordinates":[-4.42954,36.72679]},"properties":{"anio":2021}},{"type":"Feature","geometry":{"type":"Point","coordinates":[-4.42704,36.72186]},"properties":{"anio":2021}},{"type":"Feature","geometry":{"type":"Point","coordinates":[-4.41929,36.72156]},"properties":{"anio":2021}},{"type":"Feature","geometry":{"type":"Point","coordinates":[-4.41419,36.72794]},"properties":{"anio":2021}},{"type":"Feature","geometry":{"type":"Point","coordinates":[-4.41942,36.72494]},"properties":{"anio":2021}},{"type":"Feature","geometry":{"type":"Point","coordinates":[-4.41942,36.72494]},"properties":{"anio":2021}},{"type":"Feature","geometry":{"type":"Point","coordinates":[-4.41922,36.72588]},"properties":{"anio":2021}},{"type":"Feature","geometry":{"type":"Point","coordinates":[-4.42824,36.72004]},"properties":{"anio":2021}},{"type":"Feature","geometry":{"type":"Point","coordinates":[-4.42013,36.73084]},"properties":{"anio":2021}},{"type":"Feature","geometry":{"type":"Point","coordinates":[-4.42169,36.72148]},"properties":{"anio":2021}},{"type":"Feature","geometry":{"type":"Point","coordinates":[-4.4267,36.72309]},"properties":{"anio":2021}},{"type":"Feature","geometry":{"type":"Point","coordinates":[-4.42229,36.71629]},"properties":{"anio":2021}},{"type":"Feature","geometry":{"type":"Point","coordinates":[-4.42915,36.71915]},"properties":{"anio":2021}},{"type":"Feature","geometry":{"type":"Point","coordinates":[-4.41897,36.72203]},"properties":{"anio":2021}},{"type":"Feature","geometry":{"type":"Point","coordinates":[-4.41345,36.72557]},"properties":{"anio":2021}},{"type":"Feature","geometry":{"type":"Point","coordinates":[-4.42467,36.72721]},"properties":{"anio":2021}},{"type":"Feature","geometry":{"type":"Point","coordinates":[-4.42357,36.72113]},"properties":{"anio":2021}},{"type":"Feature","geometry":{"type":"Point","coordinates":[-4.42051,36.72344]},"properties":{"anio":2021}},{"type":"Feature","geometry":{"type":"Point","coordinates":[-4.41917,36.7297]},"properties":{"anio":2021}},{"type":"Feature","geometry":{"type":"Point","coordinates":[-4.42475,36.72241]},"properties":{"anio":2021}},{"type":"Feature","geometry":{"type":"Point","coordinates":[-4.43021,36.72175]},"properties":{"anio":2021}},{"type":"Feature","geometry":{"type":"Point","coordinates":[-4.42453,36.72886]},"properties":{"anio":2021}},{"type":"Feature","geometry":{"type":"Point","coordinates":[-4.4086,36.71947]},"properties":{"anio":2021}},{"type":"Feature","geometry":{"type":"Point","coordinates":[-4.42236,36.72325]},"properties":{"anio":2021}},{"type":"Feature","geometry":{"type":"Point","coordinates":[-4.4275,36.71423]},"properties":{"anio":2021}},{"type":"Feature","geometry":{"type":"Point","coordinates":[-4.41883,36.72544]},"properties":{"anio":2021}},{"type":"Feature","geometry":{"type":"Point","coordinates":[-4.42479,36.72231]},"properties":{"anio":2021}},{"type":"Feature","geometry":{"type":"Point","coordinates":[-4.42464,36.72374]},"properties":{"anio":2021}},{"type":"Feature","geometry":{"type":"Point","coordinates":[-4.42464,36.72374]},"properties":{"anio":2021}},{"type":"Feature","geometry":{"type":"Point","coordinates":[-4.42439,36.72059]},"properties":{"anio":2021}},{"type":"Feature","geometry":{"type":"Point","coordinates":[-4.42464,36.72374]},"properties":{"anio":2021}},{"type":"Feature","geometry":{"type":"Point","coordinates":[-4.42464,36.72374]},"properties":{"anio":2021}},{"type":"Feature","geometry":{"type":"Point","coordinates":[-4.42918,36.71367]},"properties":{"anio":2021}},{"type":"Feature","geometry":{"type":"Point","coordinates":[-4.42104,36.72377]},"properties":{"anio":2021}},{"type":"Feature","geometry":{"type":"Point","coordinates":[-4.42092,36.71982]},"properties":{"anio":2021}},{"type":"Feature","geometry":{"type":"Point","coordinates":[-4.4212,36.72357]},"properties":{"anio":2021}},{"type":"Feature","geometry":{"type":"Point","coordinates":[-4.42224,36.7238]},"properties":{"anio":2021}},{"type":"Feature","geometry":{"type":"Point","coordinates":[-4.42071,36.72376]},"properties":{"anio":2021}},{"type":"Feature","geometry":{"type":"Point","coordinates":[-4.42229,36.72065]},"properties":{"anio":2021}},{"type":"Feature","geometry":{"type":"Point","coordinates":[-4.42303,36.73039]},"properties":{"anio":2021}},{"type":"Feature","geometry":{"type":"Point","coordinates":[-4.41883,36.72544]},"properties":{"anio":2021}},{"type":"Feature","geometry":{"type":"Point","coordinates":[-4.42196,36.72859]},"properties":{"anio":2021}},{"type":"Feature","geometry":{"type":"Point","coordinates":[-4.4243,36.72081]},"properties":{"anio":2021}},{"type":"Feature","geometry":{"type":"Point","coordinates":[-4.40283,36.72233]},"properties":{"anio":2021}},{"type":"Feature","geometry":{"type":"Point","coordinates":[-4.42331,36.71827]},"properties":{"anio":2021}},{"type":"Feature","geometry":{"type":"Point","coordinates":[-4.42363,36.71942]},"properties":{"anio":2021}},{"type":"Feature","geometry":{"type":"Point","coordinates":[-4.41472,36.72501]},"properties":{"anio":2021}},{"type":"Feature","geometry":{"type":"Point","coordinates":[-4.43016,36.72048]},"properties":{"anio":2021}},{"type":"Feature","geometry":{"type":"Point","coordinates":[-4.41898,36.72175]},"properties":{"anio":2021}},{"type":"Feature","geometry":{"type":"Point","coordinates":[-4.42046,36.72214]},"properties":{"anio":2021}},{"type":"Feature","geometry":{"type":"Point","coordinates":[-4.42396,36.72073]},"properties":{"anio":2021}},{"type":"Feature","geometry":{"type":"Point","coordinates":[-4.42289,36.71898]},"properties":{"anio":2021}},{"type":"Feature","geometry":{"type":"Point","coordinates":[-4.41656,36.73023]},"properties":{"anio":2021}},{"type":"Feature","geometry":{"type":"Point","coordinates":[-4.41125,36.71744]},"properties":{"anio":2021}},{"type":"Feature","geometry":{"type":"Point","coordinates":[-4.42474,36.72856]},"properties":{"anio":2021}},{"type":"Feature","geometry":{"type":"Point","coordinates":[-4.42474,36.72856]},"properties":{"anio":2021}},{"type":"Feature","geometry":{"type":"Point","coordinates":[-4.41342,36.73175]},"properties":{"anio":2021}},{"type":"Feature","geometry":{"type":"Point","coordinates":[-4.42556,36.72755]},"properties":{"anio":2021}},{"type":"Feature","geometry":{"type":"Point","coordinates":[-4.41944,36.72377]},"properties":{"anio":2021}},{"type":"Feature","geometry":{"type":"Point","coordinates":[-4.42232,36.72373]},"properties":{"anio":2021}},{"type":"Feature","geometry":{"type":"Point","coordinates":[-4.41467,36.72482]},"properties":{"anio":2021}},{"type":"Feature","geometry":{"type":"Point","coordinates":[-4.41435,36.72606]},"properties":{"anio":2021}},{"type":"Feature","geometry":{"type":"Point","coordinates":[-4.41588,36.72517]},"properties":{"anio":2021}},{"type":"Feature","geometry":{"type":"Point","coordinates":[-4.41178,36.71688]},"properties":{"anio":2021}},{"type":"Feature","geometry":{"type":"Point","coordinates":[-4.41578,36.72528]},"properties":{"anio":2021}},{"type":"Feature","geometry":{"type":"Point","coordinates":[-4.41125,36.71744]},"properties":{"anio":2021}},{"type":"Feature","geometry":{"type":"Point","coordinates":[-4.42419,36.72293]},"properties":{"anio":2021}},{"type":"Feature","geometry":{"type":"Point","coordinates":[-4.42275,36.72]},"properties":{"anio":2021}},{"type":"Feature","geometry":{"type":"Point","coordinates":[-4.42254,36.72272]},"properties":{"anio":2021}},{"type":"Feature","geometry":{"type":"Point","coordinates":[-4.42709,36.7195]},"properties":{"anio":2021}},{"type":"Feature","geometry":{"type":"Point","coordinates":[-4.42169,36.72148]},"properties":{"anio":2021}},{"type":"Feature","geometry":{"type":"Point","coordinates":[-4.41989,36.72386]},"properties":{"anio":2021}},{"type":"Feature","geometry":{"type":"Point","coordinates":[-4.4168,36.73415]},"properties":{"anio":2021}},{"type":"Feature","geometry":{"type":"Point","coordinates":[-4.42398,36.71493]},"properties":{"anio":2021}},{"type":"Feature","geometry":{"type":"Point","coordinates":[-4.41806,36.72374]},"properties":{"anio":2021}},{"type":"Feature","geometry":{"type":"Point","coordinates":[-4.42303,36.73039]},"properties":{"anio":2021}},{"type":"Feature","geometry":{"type":"Point","coordinates":[-4.42303,36.73039]},"properties":{"anio":2021}},{"type":"Feature","geometry":{"type":"Point","coordinates":[-4.41167,36.71919]},"properties":{"anio":2021}},{"type":"Feature","geometry":{"type":"Point","coordinates":[-4.42812,36.71218]},"properties":{"anio":2021}},{"type":"Feature","geometry":{"type":"Point","coordinates":[-4.42812,36.71218]},"properties":{"anio":2021}},{"type":"Feature","geometry":{"type":"Point","coordinates":[-4.41562,36.72441]},"properties":{"anio":2021}},{"type":"Feature","geometry":{"type":"Point","coordinates":[-4.4271,36.7196]},"properties":{"anio":2021}},{"type":"Feature","geometry":{"type":"Point","coordinates":[-4.42386,36.72039]},"properties":{"anio":2021}},{"type":"Feature","geometry":{"type":"Point","coordinates":[-4.42034,36.72649]},"properties":{"anio":2021}},{"type":"Feature","geometry":{"type":"Point","coordinates":[-4.42514,36.722]},"properties":{"anio":2021}},{"type":"Feature","geometry":{"type":"Point","coordinates":[-4.41611,36.73063]},"properties":{"anio":2021}},{"type":"Feature","geometry":{"type":"Point","coordinates":[-4.42254,36.72272]},"properties":{"anio":2021}},{"type":"Feature","geometry":{"type":"Point","coordinates":[-4.42453,36.7225]},"properties":{"anio":2021}},{"type":"Feature","geometry":{"type":"Point","coordinates":[-4.4276,36.72549]},"properties":{"anio":2021}},{"type":"Feature","geometry":{"type":"Point","coordinates":[-4.42375,36.71517]},"properties":{"anio":2021}},{"type":"Feature","geometry":{"type":"Point","coordinates":[-4.42074,36.72356]},"properties":{"anio":2021}},{"type":"Feature","geometry":{"type":"Point","coordinates":[-4.41805,36.73159]},"properties":{"anio":2021}},{"type":"Feature","geometry":{"type":"Point","coordinates":[-4.41135,36.71702]},"properties":{"anio":2021}},{"type":"Feature","geometry":{"type":"Point","coordinates":[-4.42048,36.7213]},"properties":{"anio":2021}},{"type":"Feature","geometry":{"type":"Point","coordinates":[-4.41982,36.72583]},"properties":{"anio":2021}},{"type":"Feature","geometry":{"type":"Point","coordinates":[-4.42783,36.72425]},"properties":{"anio":2021}},{"type":"Feature","geometry":{"type":"Point","coordinates":[-4.42783,36.72425]},"properties":{"anio":2021}},{"type":"Feature","geometry":{"type":"Point","coordinates":[-4.42036,36.72896]},"properties":{"anio":2021}},{"type":"Feature","geometry":{"type":"Point","coordinates":[-4.41164,36.71762]},"properties":{"anio":2021}},{"type":"Feature","geometry":{"type":"Point","coordinates":[-4.42236,36.72325]},"properties":{"anio":2021}},{"type":"Feature","geometry":{"type":"Point","coordinates":[-4.42844,36.71186]},"properties":{"anio":2021}},{"type":"Feature","geometry":{"type":"Point","coordinates":[-4.42452,36.71382]},"properties":{"anio":2021}},{"type":"Feature","geometry":{"type":"Point","coordinates":[-4.42175,36.71734]},"properties":{"anio":2021}},{"type":"Feature","geometry":{"type":"Point","coordinates":[-4.42863,36.72531]},"properties":{"anio":2021}},{"type":"Feature","geometry":{"type":"Point","coordinates":[-4.42384,36.71472]},"properties":{"anio":2021}},{"type":"Feature","geometry":{"type":"Point","coordinates":[-4.42384,36.71472]},"properties":{"anio":2021}},{"type":"Feature","geometry":{"type":"Point","coordinates":[-4.42227,36.72728]},"properties":{"anio":2021}},{"type":"Feature","geometry":{"type":"Point","coordinates":[-4.41178,36.71836]},"properties":{"anio":2021}},{"type":"Feature","geometry":{"type":"Point","coordinates":[-4.42442,36.71524]},"properties":{"anio":2021}},{"type":"Feature","geometry":{"type":"Point","coordinates":[-4.42419,36.72293]},"properties":{"anio":2021}},{"type":"Feature","geometry":{"type":"Point","coordinates":[-4.42927,36.72704]},"properties":{"anio":2021}},{"type":"Feature","geometry":{"type":"Point","coordinates":[-4.42257,36.73176]},"properties":{"anio":2021}},{"type":"Feature","geometry":{"type":"Point","coordinates":[-4.42914,36.72677]},"properties":{"anio":2021}},{"type":"Feature","geometry":{"type":"Point","coordinates":[-4.41254,36.71619]},"properties":{"anio":2021}},{"type":"Feature","geometry":{"type":"Point","coordinates":[-4.42144,36.71908]},"properties":{"anio":2021}},{"type":"Feature","geometry":{"type":"Point","coordinates":[-4.4212,36.72357]},"properties":{"anio":2021}},{"type":"Feature","geometry":{"type":"Point","coordinates":[-4.42212,36.72375]},"properties":{"anio":2021}},{"type":"Feature","geometry":{"type":"Point","coordinates":[-4.4211,36.72701]},"properties":{"anio":2021}},{"type":"Feature","geometry":{"type":"Point","coordinates":[-4.42844,36.71186]},"properties":{"anio":2021}},{"type":"Feature","geometry":{"type":"Point","coordinates":[-4.42844,36.71186]},"properties":{"anio":2021}},{"type":"Feature","geometry":{"type":"Point","coordinates":[-4.43001,36.72295]},"properties":{"anio":2021}},{"type":"Feature","geometry":{"type":"Point","coordinates":[-4.43001,36.72295]},"properties":{"anio":2021}},{"type":"Feature","geometry":{"type":"Point","coordinates":[-4.41687,36.72403]},"properties":{"anio":2021}},{"type":"Feature","geometry":{"type":"Point","coordinates":[-4.42366,36.72543]},"properties":{"anio":2021}},{"type":"Feature","geometry":{"type":"Point","coordinates":[-4.41125,36.71744]},"properties":{"anio":2021}},{"type":"Feature","geometry":{"type":"Point","coordinates":[-4.42844,36.71186]},"properties":{"anio":2021}},{"type":"Feature","geometry":{"type":"Point","coordinates":[-4.41518,36.73267]},"properties":{"anio":2021}},{"type":"Feature","geometry":{"type":"Point","coordinates":[-4.42034,36.72649]},"properties":{"anio":2021}},{"type":"Feature","geometry":{"type":"Point","coordinates":[-4.42284,36.72018]},"properties":{"anio":2021}},{"type":"Feature","geometry":{"type":"Point","coordinates":[-4.42178,36.72625]},"properties":{"anio":2021}},{"type":"Feature","geometry":{"type":"Point","coordinates":[-4.42525,36.72764]},"properties":{"anio":2021}},{"type":"Feature","geometry":{"type":"Point","coordinates":[-4.41977,36.72544]},"properties":{"anio":2021}},{"type":"Feature","geometry":{"type":"Point","coordinates":[-4.41287,36.72702]},"properties":{"anio":2021}},{"type":"Feature","geometry":{"type":"Point","coordinates":[-4.42938,36.71418]},"properties":{"anio":2021}},{"type":"Feature","geometry":{"type":"Point","coordinates":[-4.41192,36.72741]},"properties":{"anio":2021}},{"type":"Feature","geometry":{"type":"Point","coordinates":[-4.41632,36.72401]},"properties":{"anio":2021}},{"type":"Feature","geometry":{"type":"Point","coordinates":[-4.42129,36.72149]},"properties":{"anio":2021}},{"type":"Feature","geometry":{"type":"Point","coordinates":[-4.42413,36.7191]},"properties":{"anio":2021}},{"type":"Feature","geometry":{"type":"Point","coordinates":[-4.42413,36.7191]},"properties":{"anio":2021}},{"type":"Feature","geometry":{"type":"Point","coordinates":[-4.42955,36.72405]},"properties":{"anio":2021}},{"type":"Feature","geometry":{"type":"Point","coordinates":[-4.42432,36.72516]},"properties":{"anio":2021}},{"type":"Feature","geometry":{"type":"Point","coordinates":[-4.41878,36.72314]},"properties":{"anio":2021}},{"type":"Feature","geometry":{"type":"Point","coordinates":[-4.42161,36.72591]},"properties":{"anio":2021}},{"type":"Feature","geometry":{"type":"Point","coordinates":[-4.4224,36.72366]},"properties":{"anio":2021}},{"type":"Feature","geometry":{"type":"Point","coordinates":[-4.42412,36.72499]},"properties":{"anio":2021}},{"type":"Feature","geometry":{"type":"Point","coordinates":[-4.43116,36.7237]},"properties":{"anio":2021}},{"type":"Feature","geometry":{"type":"Point","coordinates":[-4.42187,36.72858]},"properties":{"anio":2021}},{"type":"Feature","geometry":{"type":"Point","coordinates":[-4.41868,36.72652]},"properties":{"anio":2021}},{"type":"Feature","geometry":{"type":"Point","coordinates":[-4.42337,36.71991]},"properties":{"anio":2021}},{"type":"Feature","geometry":{"type":"Point","coordinates":[-4.42492,36.72162]},"properties":{"anio":2021}},{"type":"Feature","geometry":{"type":"Point","coordinates":[-4.41868,36.72545]},"properties":{"anio":2021}},{"type":"Feature","geometry":{"type":"Point","coordinates":[-4.41868,36.72545]},"properties":{"anio":2021}},{"type":"Feature","geometry":{"type":"Point","coordinates":[-4.41868,36.72545]},"properties":{"anio":2021}},{"type":"Feature","geometry":{"type":"Point","coordinates":[-4.41699,36.72473]},"properties":{"anio":2021}},{"type":"Feature","geometry":{"type":"Point","coordinates":[-4.42308,36.72676]},"properties":{"anio":2021}},{"type":"Feature","geometry":{"type":"Point","coordinates":[-4.42723,36.72307]},"properties":{"anio":2021}},{"type":"Feature","geometry":{"type":"Point","coordinates":[-4.42114,36.72231]},"properties":{"anio":2021}},{"type":"Feature","geometry":{"type":"Point","coordinates":[-4.42229,36.72178]},"properties":{"anio":2021}},{"type":"Feature","geometry":{"type":"Point","coordinates":[-4.42303,36.7205]},"properties":{"anio":2021}},{"type":"Feature","geometry":{"type":"Point","coordinates":[-4.42303,36.7205]},"properties":{"anio":2021}},{"type":"Feature","geometry":{"type":"Point","coordinates":[-4.4142,36.72625]},"properties":{"anio":2021}},{"type":"Feature","geometry":{"type":"Point","coordinates":[-4.42802,36.71255]},"properties":{"anio":2021}},{"type":"Feature","geometry":{"type":"Point","coordinates":[-4.42089,36.72169]},"properties":{"anio":2021}},{"type":"Feature","geometry":{"type":"Point","coordinates":[-4.41993,36.72226]},"properties":{"anio":2021}},{"type":"Feature","geometry":{"type":"Point","coordinates":[-4.4197,36.7254]},"properties":{"anio":2021}},{"type":"Feature","geometry":{"type":"Point","coordinates":[-4.41579,36.73066]},"properties":{"anio":2021}},{"type":"Feature","geometry":{"type":"Point","coordinates":[-4.41671,36.73237]},"properties":{"anio":2021}},{"type":"Feature","geometry":{"type":"Point","coordinates":[-4.4139,36.72555]},"properties":{"anio":2021}},{"type":"Feature","geometry":{"type":"Point","coordinates":[-4.42198,36.72529]},"properties":{"anio":2021}},{"type":"Feature","geometry":{"type":"Point","coordinates":[-4.42303,36.7205]},"properties":{"anio":2021}},{"type":"Feature","geometry":{"type":"Point","coordinates":[-4.42163,36.72837]},"properties":{"anio":2021}},{"type":"Feature","geometry":{"type":"Point","coordinates":[-4.41566,36.73116]},"properties":{"anio":2021}},{"type":"Feature","geometry":{"type":"Point","coordinates":[-4.42229,36.72178]},"properties":{"anio":2021}},{"type":"Feature","geometry":{"type":"Point","coordinates":[-4.42484,36.72366]},"properties":{"anio":2021}},{"type":"Feature","geometry":{"type":"Point","coordinates":[-4.41484,36.72786]},"properties":{"anio":2021}},{"type":"Feature","geometry":{"type":"Point","coordinates":[-4.42132,36.71992]},"properties":{"anio":2021}},{"type":"Feature","geometry":{"type":"Point","coordinates":[-4.41632,36.72401]},"properties":{"anio":2021}},{"type":"Feature","geometry":{"type":"Point","coordinates":[-4.42823,36.71823]},"properties":{"anio":2021}},{"type":"Feature","geometry":{"type":"Point","coordinates":[-4.42363,36.71942]},"properties":{"anio":2021}},{"type":"Feature","geometry":{"type":"Point","coordinates":[-4.42363,36.71942]},"properties":{"anio":2021}},{"type":"Feature","geometry":{"type":"Point","coordinates":[-4.42517,36.72229]},"properties":{"anio":2021}},{"type":"Feature","geometry":{"type":"Point","coordinates":[-4.4212,36.72357]},"properties":{"anio":2021}},{"type":"Feature","geometry":{"type":"Point","coordinates":[-4.42479,36.72231]},"properties":{"anio":2021}},{"type":"Feature","geometry":{"type":"Point","coordinates":[-4.4197,36.7254]},"properties":{"anio":2021}},{"type":"Feature","geometry":{"type":"Point","coordinates":[-4.42102,36.72296]},"properties":{"anio":2021}},{"type":"Feature","geometry":{"type":"Point","coordinates":[-4.42433,36.72239]},"properties":{"anio":2021}},{"type":"Feature","geometry":{"type":"Point","coordinates":[-4.41254,36.71619]},"properties":{"anio":2021}},{"type":"Feature","geometry":{"type":"Point","coordinates":[-4.41254,36.71619]},"properties":{"anio":2021}},{"type":"Feature","geometry":{"type":"Point","coordinates":[-4.4212,36.72357]},"properties":{"anio":2021}},{"type":"Feature","geometry":{"type":"Point","coordinates":[-4.42311,36.72252]},"properties":{"anio":2021}},{"type":"Feature","geometry":{"type":"Point","coordinates":[-4.42182,36.72176]},"properties":{"anio":2021}},{"type":"Feature","geometry":{"type":"Point","coordinates":[-4.42798,36.72492]},"properties":{"anio":2021}},{"type":"Feature","geometry":{"type":"Point","coordinates":[-4.42404,36.71517]},"properties":{"anio":2021}},{"type":"Feature","geometry":{"type":"Point","coordinates":[-4.4197,36.7254]},"properties":{"anio":2021}},{"type":"Feature","geometry":{"type":"Point","coordinates":[-4.4225,36.72419]},"properties":{"anio":2021}},{"type":"Feature","geometry":{"type":"Point","coordinates":[-4.42233,36.71739]},"properties":{"anio":2021}},{"type":"Feature","geometry":{"type":"Point","coordinates":[-4.42204,36.72507]},"properties":{"anio":2021}},{"type":"Feature","geometry":{"type":"Point","coordinates":[-4.40965,36.71911]},"properties":{"anio":2021}},{"type":"Feature","geometry":{"type":"Point","coordinates":[-4.42065,36.726]},"properties":{"anio":2021}},{"type":"Feature","geometry":{"type":"Point","coordinates":[-4.42104,36.72377]},"properties":{"anio":2021}},{"type":"Feature","geometry":{"type":"Point","coordinates":[-4.41454,36.72863]},"properties":{"anio":2021}},{"type":"Feature","geometry":{"type":"Point","coordinates":[-4.41454,36.72863]},"properties":{"anio":2021}},{"type":"Feature","geometry":{"type":"Point","coordinates":[-4.41154,36.72557]},"properties":{"anio":2021}},{"type":"Feature","geometry":{"type":"Point","coordinates":[-4.42074,36.72356]},"properties":{"anio":2021}},{"type":"Feature","geometry":{"type":"Point","coordinates":[-4.42074,36.72356]},"properties":{"anio":2021}},{"type":"Feature","geometry":{"type":"Point","coordinates":[-4.4062,36.7205]},"properties":{"anio":2021}},{"type":"Feature","geometry":{"type":"Point","coordinates":[-4.41982,36.72583]},"properties":{"anio":2021}},{"type":"Feature","geometry":{"type":"Point","coordinates":[-4.41775,36.73646]},"properties":{"anio":2021}},{"type":"Feature","geometry":{"type":"Point","coordinates":[-4.41808,36.72572]},"properties":{"anio":2021}},{"type":"Feature","geometry":{"type":"Point","coordinates":[-4.42222,36.7154]},"properties":{"anio":2021}},{"type":"Feature","geometry":{"type":"Point","coordinates":[-4.41918,36.72559]},"properties":{"anio":2021}},{"type":"Feature","geometry":{"type":"Point","coordinates":[-4.41633,36.72352]},"properties":{"anio":2021}},{"type":"Feature","geometry":{"type":"Point","coordinates":[-4.42101,36.73401]},"properties":{"anio":2021}},{"type":"Feature","geometry":{"type":"Point","coordinates":[-4.42535,36.71274]},"properties":{"anio":2021}},{"type":"Feature","geometry":{"type":"Point","coordinates":[-4.42911,36.71952]},"properties":{"anio":2021}},{"type":"Feature","geometry":{"type":"Point","coordinates":[-4.42104,36.72377]},"properties":{"anio":2021}},{"type":"Feature","geometry":{"type":"Point","coordinates":[-4.42227,36.72728]},"properties":{"anio":2021}},{"type":"Feature","geometry":{"type":"Point","coordinates":[-4.42227,36.72728]},"properties":{"anio":2021}},{"type":"Feature","geometry":{"type":"Point","coordinates":[-4.42476,36.72069]},"properties":{"anio":2021}},{"type":"Feature","geometry":{"type":"Point","coordinates":[-4.4236,36.71867]},"properties":{"anio":2021}},{"type":"Feature","geometry":{"type":"Point","coordinates":[-4.41946,36.72492]},"properties":{"anio":2021}},{"type":"Feature","geometry":{"type":"Point","coordinates":[-4.427,36.72221]},"properties":{"anio":2021}},{"type":"Feature","geometry":{"type":"Point","coordinates":[-4.42222,36.72057]},"properties":{"anio":2021}},{"type":"Feature","geometry":{"type":"Point","coordinates":[-4.41125,36.71744]},"properties":{"anio":2021}},{"type":"Feature","geometry":{"type":"Point","coordinates":[-4.42107,36.72413]},"properties":{"anio":2021}},{"type":"Feature","geometry":{"type":"Point","coordinates":[-4.42398,36.73103]},"properties":{"anio":2021}},{"type":"Feature","geometry":{"type":"Point","coordinates":[-4.4212,36.72357]},"properties":{"anio":2021}},{"type":"Feature","geometry":{"type":"Point","coordinates":[-4.42914,36.72677]},"properties":{"anio":2021}},{"type":"Feature","geometry":{"type":"Point","coordinates":[-4.42235,36.71907]},"properties":{"anio":2021}},{"type":"Feature","geometry":{"type":"Point","coordinates":[-4.42723,36.72307]},"properties":{"anio":2021}},{"type":"Feature","geometry":{"type":"Point","coordinates":[-4.41103,36.71812]},"properties":{"anio":2021}},{"type":"Feature","geometry":{"type":"Point","coordinates":[-4.42031,36.72768]},"properties":{"anio":2021}},{"type":"Feature","geometry":{"type":"Point","coordinates":[-4.4242,36.72181]},"properties":{"anio":2021}},{"type":"Feature","geometry":{"type":"Point","coordinates":[-4.42219,36.72503]},"properties":{"anio":2021}},{"type":"Feature","geometry":{"type":"Point","coordinates":[-4.42753,36.72437]},"properties":{"anio":2021}},{"type":"Feature","geometry":{"type":"Point","coordinates":[-4.42278,36.72611]},"properties":{"anio":2021}},{"type":"Feature","geometry":{"type":"Point","coordinates":[-4.42302,36.72579]},"properties":{"anio":2021}},{"type":"Feature","geometry":{"type":"Point","coordinates":[-4.42539,36.72742]},"properties":{"anio":2021}},{"type":"Feature","geometry":{"type":"Point","coordinates":[-4.42539,36.72742]},"properties":{"anio":2021}},{"type":"Feature","geometry":{"type":"Point","coordinates":[-4.42094,36.72903]},"properties":{"anio":2021}},{"type":"Feature","geometry":{"type":"Point","coordinates":[-4.42094,36.72635]},"properties":{"anio":2021}},{"type":"Feature","geometry":{"type":"Point","coordinates":[-4.42539,36.72742]},"properties":{"anio":2021}},{"type":"Feature","geometry":{"type":"Point","coordinates":[-4.42539,36.72742]},"properties":{"anio":2021}},{"type":"Feature","geometry":{"type":"Point","coordinates":[-4.41704,36.72521]},"properties":{"anio":2021}},{"type":"Feature","geometry":{"type":"Point","coordinates":[-4.42151,36.71647]},"properties":{"anio":2021}},{"type":"Feature","geometry":{"type":"Point","coordinates":[-4.42109,36.72133]},"properties":{"anio":2021}},{"type":"Feature","geometry":{"type":"Point","coordinates":[-4.43059,36.72358]},"properties":{"anio":2021}},{"type":"Feature","geometry":{"type":"Point","coordinates":[-4.42036,36.72896]},"properties":{"anio":2021}},{"type":"Feature","geometry":{"type":"Point","coordinates":[-4.41345,36.72557]},"properties":{"anio":2021}},{"type":"Feature","geometry":{"type":"Point","coordinates":[-4.42498,36.7213]},"properties":{"anio":2021}},{"type":"Feature","geometry":{"type":"Point","coordinates":[-4.42858,36.724]},"properties":{"anio":2021}},{"type":"Feature","geometry":{"type":"Point","coordinates":[-4.42129,36.72149]},"properties":{"anio":2021}},{"type":"Feature","geometry":{"type":"Point","coordinates":[-4.42235,36.71907]},"properties":{"anio":2021}},{"type":"Feature","geometry":{"type":"Point","coordinates":[-4.42935,36.72026]},"properties":{"anio":2021}},{"type":"Feature","geometry":{"type":"Point","coordinates":[-4.42935,36.72026]},"properties":{"anio":2021}},{"type":"Feature","geometry":{"type":"Point","coordinates":[-4.4232,36.7258]},"properties":{"anio":2021}},{"type":"Feature","geometry":{"type":"Point","coordinates":[-4.42453,36.72886]},"properties":{"anio":2021}},{"type":"Feature","geometry":{"type":"Point","coordinates":[-4.42935,36.72026]},"properties":{"anio":2021}},{"type":"Feature","geometry":{"type":"Point","coordinates":[-4.42154,36.72196]},"properties":{"anio":2021}},{"type":"Feature","geometry":{"type":"Point","coordinates":[-4.4161,36.7259]},"properties":{"anio":2021}},{"type":"Feature","geometry":{"type":"Point","coordinates":[-4.40896,36.71904]},"properties":{"anio":2021}},{"type":"Feature","geometry":{"type":"Point","coordinates":[-4.42044,36.71995]},"properties":{"anio":2021}},{"type":"Feature","geometry":{"type":"Point","coordinates":[-4.4232,36.7258]},"properties":{"anio":2021}},{"type":"Feature","geometry":{"type":"Point","coordinates":[-4.41857,36.72296]},"properties":{"anio":2021}},{"type":"Feature","geometry":{"type":"Point","coordinates":[-4.41125,36.71744]},"properties":{"anio":2021}},{"type":"Feature","geometry":{"type":"Point","coordinates":[-4.42235,36.71907]},"properties":{"anio":2021}},{"type":"Feature","geometry":{"type":"Point","coordinates":[-4.41971,36.72391]},"properties":{"anio":2021}},{"type":"Feature","geometry":{"type":"Point","coordinates":[-4.4297,36.72783]},"properties":{"anio":2021}},{"type":"Feature","geometry":{"type":"Point","coordinates":[-4.42133,36.72829]},"properties":{"anio":2021}},{"type":"Feature","geometry":{"type":"Point","coordinates":[-4.42872,36.72417]},"properties":{"anio":2021}},{"type":"Feature","geometry":{"type":"Point","coordinates":[-4.42539,36.72742]},"properties":{"anio":2021}},{"type":"Feature","geometry":{"type":"Point","coordinates":[-4.42094,36.72635]},"properties":{"anio":2021}},{"type":"Feature","geometry":{"type":"Point","coordinates":[-4.41454,36.72863]},"properties":{"anio":2021}},{"type":"Feature","geometry":{"type":"Point","coordinates":[-4.42698,36.71477]},"properties":{"anio":2021}},{"type":"Feature","geometry":{"type":"Point","coordinates":[-4.41409,36.73828]},"properties":{"anio":2021}},{"type":"Feature","geometry":{"type":"Point","coordinates":[-4.41125,36.71744]},"properties":{"anio":2021}},{"type":"Feature","geometry":{"type":"Point","coordinates":[-4.4242,36.72181]},"properties":{"anio":2021}},{"type":"Feature","geometry":{"type":"Point","coordinates":[-4.42383,36.7263]},"properties":{"anio":2021}},{"type":"Feature","geometry":{"type":"Point","coordinates":[-4.42118,36.72274]},"properties":{"anio":2021}},{"type":"Feature","geometry":{"type":"Point","coordinates":[-4.42519,36.71896]},"properties":{"anio":2021}},{"type":"Feature","geometry":{"type":"Point","coordinates":[-4.42819,36.7121]},"properties":{"anio":2021}},{"type":"Feature","geometry":{"type":"Point","coordinates":[-4.41858,36.72012]},"properties":{"anio":2021}},{"type":"Feature","geometry":{"type":"Point","coordinates":[-4.41858,36.72012]},"properties":{"anio":2021}},{"type":"Feature","geometry":{"type":"Point","coordinates":[-4.42413,36.71933]},"properties":{"anio":2021}},{"type":"Feature","geometry":{"type":"Point","coordinates":[-4.43256,36.72128]},"properties":{"anio":2021}},{"type":"Feature","geometry":{"type":"Point","coordinates":[-4.421,36.72251]},"properties":{"anio":2021}},{"type":"Feature","geometry":{"type":"Point","coordinates":[-4.42082,36.72201]},"properties":{"anio":2021}},{"type":"Feature","geometry":{"type":"Point","coordinates":[-4.42503,36.72187]},"properties":{"anio":2021}},{"type":"Feature","geometry":{"type":"Point","coordinates":[-4.41472,36.72501]},"properties":{"anio":2021}},{"type":"Feature","geometry":{"type":"Point","coordinates":[-4.4086,36.71947]},"properties":{"anio":2021}},{"type":"Feature","geometry":{"type":"Point","coordinates":[-4.42365,36.72019]},"properties":{"anio":2021}},{"type":"Feature","geometry":{"type":"Point","coordinates":[-4.42003,36.72445]},"properties":{"anio":2021}},{"type":"Feature","geometry":{"type":"Point","coordinates":[-4.42303,36.73039]},"properties":{"anio":2021}},{"type":"Feature","geometry":{"type":"Point","coordinates":[-4.42304,36.71955]},"properties":{"anio":2021}},{"type":"Feature","geometry":{"type":"Point","coordinates":[-4.41382,36.72563]},"properties":{"anio":2021}},{"type":"Feature","geometry":{"type":"Point","coordinates":[-4.42477,36.72108]},"properties":{"anio":2021}},{"type":"Feature","geometry":{"type":"Point","coordinates":[-4.41632,36.72401]},"properties":{"anio":2021}},{"type":"Feature","geometry":{"type":"Point","coordinates":[-4.42852,36.72127]},"properties":{"anio":2021}},{"type":"Feature","geometry":{"type":"Point","coordinates":[-4.42278,36.71941]},"properties":{"anio":2021}},{"type":"Feature","geometry":{"type":"Point","coordinates":[-4.4265,36.71248]},"properties":{"anio":2021}},{"type":"Feature","geometry":{"type":"Point","coordinates":[-4.41178,36.71688]},"properties":{"anio":2021}},{"type":"Feature","geometry":{"type":"Point","coordinates":[-4.42321,36.71809]},"properties":{"anio":2021}},{"type":"Feature","geometry":{"type":"Point","coordinates":[-4.41722,36.72377]},"properties":{"anio":2021}},{"type":"Feature","geometry":{"type":"Point","coordinates":[-4.41641,36.72432]},"properties":{"anio":2021}},{"type":"Feature","geometry":{"type":"Point","coordinates":[-4.41192,36.72741]},"properties":{"anio":2021}},{"type":"Feature","geometry":{"type":"Point","coordinates":[-4.42041,36.73176]},"properties":{"anio":2021}},{"type":"Feature","geometry":{"type":"Point","coordinates":[-4.4143,36.72612]},"properties":{"anio":2021}},{"type":"Feature","geometry":{"type":"Point","coordinates":[-4.41359,36.72566]},"properties":{"anio":2021}},{"type":"Feature","geometry":{"type":"Point","coordinates":[-4.41895,36.72423]},"properties":{"anio":2021}},{"type":"Feature","geometry":{"type":"Point","coordinates":[-4.42065,36.726]},"properties":{"anio":2021}},{"type":"Feature","geometry":{"type":"Point","coordinates":[-4.41573,36.72384]},"properties":{"anio":2021}},{"type":"Feature","geometry":{"type":"Point","coordinates":[-4.41492,36.72439]},"properties":{"anio":2021}},{"type":"Feature","geometry":{"type":"Point","coordinates":[-4.41382,36.72563]},"properties":{"anio":2021}},{"type":"Feature","geometry":{"type":"Point","coordinates":[-4.42332,36.71964]},"properties":{"anio":2021}},{"type":"Feature","geometry":{"type":"Point","coordinates":[-4.42617,36.72179]},"properties":{"anio":2021}},{"type":"Feature","geometry":{"type":"Point","coordinates":[-4.43073,36.72185]},"properties":{"anio":2021}},{"type":"Feature","geometry":{"type":"Point","coordinates":[-4.40938,36.72039]},"properties":{"anio":2021}},{"type":"Feature","geometry":{"type":"Point","coordinates":[-4.4262,36.72222]},"properties":{"anio":2021}},{"type":"Feature","geometry":{"type":"Point","coordinates":[-4.42359,36.7253]},"properties":{"anio":2021}},{"type":"Feature","geometry":{"type":"Point","coordinates":[-4.40914,36.71917]},"properties":{"anio":2021}},{"type":"Feature","geometry":{"type":"Point","coordinates":[-4.41132,36.72763]},"properties":{"anio":2021}},{"type":"Feature","geometry":{"type":"Point","coordinates":[-4.42396,36.73053]},"properties":{"anio":2021}},{"type":"Feature","geometry":{"type":"Point","coordinates":[-4.41506,36.72754]},"properties":{"anio":2021}},{"type":"Feature","geometry":{"type":"Point","coordinates":[-4.4213,36.72319]},"properties":{"anio":2021}},{"type":"Feature","geometry":{"type":"Point","coordinates":[-4.42312,36.72379]},"properties":{"anio":2021}},{"type":"Feature","geometry":{"type":"Point","coordinates":[-4.41316,36.72714]},"properties":{"anio":2021}},{"type":"Feature","geometry":{"type":"Point","coordinates":[-4.42489,36.71945]},"properties":{"anio":2021}},{"type":"Feature","geometry":{"type":"Point","coordinates":[-4.42352,36.72793]},"properties":{"anio":2021}},{"type":"Feature","geometry":{"type":"Point","coordinates":[-4.41049,36.72131]},"properties":{"anio":2021}},{"type":"Feature","geometry":{"type":"Point","coordinates":[-4.42396,36.72474]},"properties":{"anio":2021}},{"type":"Feature","geometry":{"type":"Point","coordinates":[-4.42812,36.72021]},"properties":{"anio":2021}},{"type":"Feature","geometry":{"type":"Point","coordinates":[-4.4181,36.71995]},"properties":{"anio":2021}},{"type":"Feature","geometry":{"type":"Point","coordinates":[-4.42805,36.71444]},"properties":{"anio":2021}},{"type":"Feature","geometry":{"type":"Point","coordinates":[-4.41646,36.72312]},"properties":{"anio":2021}},{"type":"Feature","geometry":{"type":"Point","coordinates":[-4.42034,36.72649]},"properties":{"anio":2022}},{"type":"Feature","geometry":{"type":"Point","coordinates":[-4.42392,36.72025]},"properties":{"anio":2022}},{"type":"Feature","geometry":{"type":"Point","coordinates":[-4.42073,36.72697]},"properties":{"anio":2022}},{"type":"Feature","geometry":{"type":"Point","coordinates":[-4.41472,36.72501]},"properties":{"anio":2022}},{"type":"Feature","geometry":{"type":"Point","coordinates":[-4.42024,36.7263]},"properties":{"anio":2022}},{"type":"Feature","geometry":{"type":"Point","coordinates":[-4.4203,36.72633]},"properties":{"anio":2022}},{"type":"Feature","geometry":{"type":"Point","coordinates":[-4.42396,36.73053]},"properties":{"anio":2022}},{"type":"Feature","geometry":{"type":"Point","coordinates":[-4.41676,36.73274]},"properties":{"anio":2022}},{"type":"Feature","geometry":{"type":"Point","coordinates":[-4.42389,36.72439]},"properties":{"anio":2022}},{"type":"Feature","geometry":{"type":"Point","coordinates":[-4.42911,36.71952]},"properties":{"anio":2022}},{"type":"Feature","geometry":{"type":"Point","coordinates":[-4.42901,36.7244]},"properties":{"anio":2022}},{"type":"Feature","geometry":{"type":"Point","coordinates":[-4.42855,36.71176]},"properties":{"anio":2022}},{"type":"Feature","geometry":{"type":"Point","coordinates":[-4.41125,36.71744]},"properties":{"anio":2022}},{"type":"Feature","geometry":{"type":"Point","coordinates":[-4.41922,36.72588]},"properties":{"anio":2022}},{"type":"Feature","geometry":{"type":"Point","coordinates":[-4.42154,36.72196]},"properties":{"anio":2022}},{"type":"Feature","geometry":{"type":"Point","coordinates":[-4.41942,36.72494]},"properties":{"anio":2022}},{"type":"Feature","geometry":{"type":"Point","coordinates":[-4.42104,36.72377]},"properties":{"anio":2022}},{"type":"Feature","geometry":{"type":"Point","coordinates":[-4.42185,36.72281]},"properties":{"anio":2022}},{"type":"Feature","geometry":{"type":"Point","coordinates":[-4.41442,36.72781]},"properties":{"anio":2022}},{"type":"Feature","geometry":{"type":"Point","coordinates":[-4.42342,36.72121]},"properties":{"anio":2022}},{"type":"Feature","geometry":{"type":"Point","coordinates":[-4.41951,36.72397]},"properties":{"anio":2022}},{"type":"Feature","geometry":{"type":"Point","coordinates":[-4.42094,36.72157]},"properties":{"anio":2022}},{"type":"Feature","geometry":{"type":"Point","coordinates":[-4.41435,36.72864]},"properties":{"anio":2022}},{"type":"Feature","geometry":{"type":"Point","coordinates":[-4.42094,36.72635]},"properties":{"anio":2022}},{"type":"Feature","geometry":{"type":"Point","coordinates":[-4.41539,36.73461]},"properties":{"anio":2022}},{"type":"Feature","geometry":{"type":"Point","coordinates":[-4.42898,36.71901]},"properties":{"anio":2022}},{"type":"Feature","geometry":{"type":"Point","coordinates":[-4.41982,36.72583]},"properties":{"anio":2022}},{"type":"Feature","geometry":{"type":"Point","coordinates":[-4.42901,36.7244]},"properties":{"anio":2022}},{"type":"Feature","geometry":{"type":"Point","coordinates":[-4.43019,36.72296]},"properties":{"anio":2022}},{"type":"Feature","geometry":{"type":"Point","coordinates":[-4.42199,36.72784]},"properties":{"anio":2022}},{"type":"Feature","geometry":{"type":"Point","coordinates":[-4.4237,36.72407]},"properties":{"anio":2022}},{"type":"Feature","geometry":{"type":"Point","coordinates":[-4.42303,36.73039]},"properties":{"anio":2022}},{"type":"Feature","geometry":{"type":"Point","coordinates":[-4.42094,36.72635]},"properties":{"anio":2022}},{"type":"Feature","geometry":{"type":"Point","coordinates":[-4.42304,36.72425]},"properties":{"anio":2022}},{"type":"Feature","geometry":{"type":"Point","coordinates":[-4.42304,36.72425]},"properties":{"anio":2022}},{"type":"Feature","geometry":{"type":"Point","coordinates":[-4.43102,36.72095]},"properties":{"anio":2022}},{"type":"Feature","geometry":{"type":"Point","coordinates":[-4.41829,36.72341]},"properties":{"anio":2022}},{"type":"Feature","geometry":{"type":"Point","coordinates":[-4.41944,36.72377]},"properties":{"anio":2022}},{"type":"Feature","geometry":{"type":"Point","coordinates":[-4.42368,36.71934]},"properties":{"anio":2022}},{"type":"Feature","geometry":{"type":"Point","coordinates":[-4.42368,36.71934]},"properties":{"anio":2022}},{"type":"Feature","geometry":{"type":"Point","coordinates":[-4.42361,36.72073]},"properties":{"anio":2022}},{"type":"Feature","geometry":{"type":"Point","coordinates":[-4.41135,36.71702]},"properties":{"anio":2022}},{"type":"Feature","geometry":{"type":"Point","coordinates":[-4.40973,36.72104]},"properties":{"anio":2022}},{"type":"Feature","geometry":{"type":"Point","coordinates":[-4.42848,36.71404]},"properties":{"anio":2022}},{"type":"Feature","geometry":{"type":"Point","coordinates":[-4.42254,36.72272]},"properties":{"anio":2022}},{"type":"Feature","geometry":{"type":"Point","coordinates":[-4.42254,36.72272]},"properties":{"anio":2022}},{"type":"Feature","geometry":{"type":"Point","coordinates":[-4.42052,36.7262]},"properties":{"anio":2022}},{"type":"Feature","geometry":{"type":"Point","coordinates":[-4.4206,36.72522]},"properties":{"anio":2022}},{"type":"Feature","geometry":{"type":"Point","coordinates":[-4.42747,36.72552]},"properties":{"anio":2022}},{"type":"Feature","geometry":{"type":"Point","coordinates":[-4.40973,36.72104]},"properties":{"anio":2022}},{"type":"Feature","geometry":{"type":"Point","coordinates":[-4.42899,36.72085]},"properties":{"anio":2022}},{"type":"Feature","geometry":{"type":"Point","coordinates":[-4.42003,36.72445]},"properties":{"anio":2022}},{"type":"Feature","geometry":{"type":"Point","coordinates":[-4.42933,36.7246]},"properties":{"anio":2022}},{"type":"Feature","geometry":{"type":"Point","coordinates":[-4.42979,36.72385]},"properties":{"anio":2022}},{"type":"Feature","geometry":{"type":"Point","coordinates":[-4.43116,36.7237]},"properties":{"anio":2022}},{"type":"Feature","geometry":{"type":"Point","coordinates":[-4.42133,36.7224]},"properties":{"anio":2022}},{"type":"Feature","geometry":{"type":"Point","coordinates":[-4.42389,36.72439]},"properties":{"anio":2022}},{"type":"Feature","geometry":{"type":"Point","coordinates":[-4.42479,36.72508]},"properties":{"anio":2022}},{"type":"Feature","geometry":{"type":"Point","coordinates":[-4.42359,36.7253]},"properties":{"anio":2022}},{"type":"Feature","geometry":{"type":"Point","coordinates":[-4.42922,36.72642]},"properties":{"anio":2022}},{"type":"Feature","geometry":{"type":"Point","coordinates":[-4.42874,36.71185]},"properties":{"anio":2022}},{"type":"Feature","geometry":{"type":"Point","coordinates":[-4.42229,36.72178]},"properties":{"anio":2022}},{"type":"Feature","geometry":{"type":"Point","coordinates":[-4.42181,36.72323]},"properties":{"anio":2022}},{"type":"Feature","geometry":{"type":"Point","coordinates":[-4.42499,36.71841]},"properties":{"anio":2022}},{"type":"Feature","geometry":{"type":"Point","coordinates":[-4.42094,36.72635]},"properties":{"anio":2022}},{"type":"Feature","geometry":{"type":"Point","coordinates":[-4.41839,36.72377]},"properties":{"anio":2022}},{"type":"Feature","geometry":{"type":"Point","coordinates":[-4.41839,36.72377]},"properties":{"anio":2022}},{"type":"Feature","geometry":{"type":"Point","coordinates":[-4.41906,36.73184]},"properties":{"anio":2022}},{"type":"Feature","geometry":{"type":"Point","coordinates":[-4.42743,36.72398]},"properties":{"anio":2022}},{"type":"Feature","geometry":{"type":"Point","coordinates":[-4.42743,36.72398]},"properties":{"anio":2022}},{"type":"Feature","geometry":{"type":"Point","coordinates":[-4.41042,36.72683]},"properties":{"anio":2022}},{"type":"Feature","geometry":{"type":"Point","coordinates":[-4.41921,36.72403]},"properties":{"anio":2022}},{"type":"Feature","geometry":{"type":"Point","coordinates":[-4.42735,36.71332]},"properties":{"anio":2022}},{"type":"Feature","geometry":{"type":"Point","coordinates":[-4.39967,36.72286]},"properties":{"anio":2022}},{"type":"Feature","geometry":{"type":"Point","coordinates":[-4.39967,36.72286]},"properties":{"anio":2022}},{"type":"Feature","geometry":{"type":"Point","coordinates":[-4.42392,36.72025]},"properties":{"anio":2022}},{"type":"Feature","geometry":{"type":"Point","coordinates":[-4.42219,36.72503]},"properties":{"anio":2022}},{"type":"Feature","geometry":{"type":"Point","coordinates":[-4.41839,36.72377]},"properties":{"anio":2022}},{"type":"Feature","geometry":{"type":"Point","coordinates":[-4.41839,36.72377]},"properties":{"anio":2022}},{"type":"Feature","geometry":{"type":"Point","coordinates":[-4.42359,36.7253]},"properties":{"anio":2022}},{"type":"Feature","geometry":{"type":"Point","coordinates":[-4.42094,36.72635]},"properties":{"anio":2022}},{"type":"Feature","geometry":{"type":"Point","coordinates":[-4.4212,36.72357]},"properties":{"anio":2022}},{"type":"Feature","geometry":{"type":"Point","coordinates":[-4.41546,36.73042]},"properties":{"anio":2022}},{"type":"Feature","geometry":{"type":"Point","coordinates":[-4.42359,36.7253]},"properties":{"anio":2022}},{"type":"Feature","geometry":{"type":"Point","coordinates":[-4.42874,36.71185]},"properties":{"anio":2022}},{"type":"Feature","geometry":{"type":"Point","coordinates":[-4.41843,36.72325]},"properties":{"anio":2022}},{"type":"Feature","geometry":{"type":"Point","coordinates":[-4.4174,36.72384]},"properties":{"anio":2022}},{"type":"Feature","geometry":{"type":"Point","coordinates":[-4.42365,36.72019]},"properties":{"anio":2022}},{"type":"Feature","geometry":{"type":"Point","coordinates":[-4.41843,36.72325]},"properties":{"anio":2022}},{"type":"Feature","geometry":{"type":"Point","coordinates":[-4.42545,36.72709]},"properties":{"anio":2022}},{"type":"Feature","geometry":{"type":"Point","coordinates":[-4.41376,36.73308]},"properties":{"anio":2022}},{"type":"Feature","geometry":{"type":"Point","coordinates":[-4.42545,36.72709]},"properties":{"anio":2022}},{"type":"Feature","geometry":{"type":"Point","coordinates":[-4.41894,36.73276]},"properties":{"anio":2022}},{"type":"Feature","geometry":{"type":"Point","coordinates":[-4.43185,36.72111]},"properties":{"anio":2022}},{"type":"Feature","geometry":{"type":"Point","coordinates":[-4.42295,36.72405]},"properties":{"anio":2022}},{"type":"Feature","geometry":{"type":"Point","coordinates":[-4.42392,36.72025]},"properties":{"anio":2022}},{"type":"Feature","geometry":{"type":"Point","coordinates":[-4.41125,36.71744]},"properties":{"anio":2022}},{"type":"Feature","geometry":{"type":"Point","coordinates":[-4.42539,36.72742]},"properties":{"anio":2022}},{"type":"Feature","geometry":{"type":"Point","coordinates":[-4.42082,36.72201]},"properties":{"anio":2022}},{"type":"Feature","geometry":{"type":"Point","coordinates":[-4.41718,36.72441]},"properties":{"anio":2022}},{"type":"Feature","geometry":{"type":"Point","coordinates":[-4.42373,36.7211]},"properties":{"anio":2022}},{"type":"Feature","geometry":{"type":"Point","coordinates":[-4.42204,36.72507]},"properties":{"anio":2022}},{"type":"Feature","geometry":{"type":"Point","coordinates":[-4.42359,36.7253]},"properties":{"anio":2022}},{"type":"Feature","geometry":{"type":"Point","coordinates":[-4.43035,36.72231]},"properties":{"anio":2022}},{"type":"Feature","geometry":{"type":"Point","coordinates":[-4.41191,36.72767]},"properties":{"anio":2022}},{"type":"Feature","geometry":{"type":"Point","coordinates":[-4.41422,36.73027]},"properties":{"anio":2022}},{"type":"Feature","geometry":{"type":"Point","coordinates":[-4.42094,36.72635]},"properties":{"anio":2022}},{"type":"Feature","geometry":{"type":"Point","coordinates":[-4.42254,36.72365]},"properties":{"anio":2022}},{"type":"Feature","geometry":{"type":"Point","coordinates":[-4.40854,36.71876]},"properties":{"anio":2022}},{"type":"Feature","geometry":{"type":"Point","coordinates":[-4.42024,36.72521]},"properties":{"anio":2022}},{"type":"Feature","geometry":{"type":"Point","coordinates":[-4.41178,36.71836]},"properties":{"anio":2022}},{"type":"Feature","geometry":{"type":"Point","coordinates":[-4.4267,36.72309]},"properties":{"anio":2022}},{"type":"Feature","geometry":{"type":"Point","coordinates":[-4.42825,36.72152]},"properties":{"anio":2022}},{"type":"Feature","geometry":{"type":"Point","coordinates":[-4.42248,36.71625]},"properties":{"anio":2022}},{"type":"Feature","geometry":{"type":"Point","coordinates":[-4.42511,36.72326]},"properties":{"anio":2022}},{"type":"Feature","geometry":{"type":"Point","coordinates":[-4.42338,36.71433]},"properties":{"anio":2022}},{"type":"Feature","geometry":{"type":"Point","coordinates":[-4.4253,36.72572]},"properties":{"anio":2022}},{"type":"Feature","geometry":{"type":"Point","coordinates":[-4.42104,36.72377]},"properties":{"anio":2022}},{"type":"Feature","geometry":{"type":"Point","coordinates":[-4.42374,36.72067]},"properties":{"anio":2022}},{"type":"Feature","geometry":{"type":"Point","coordinates":[-4.42374,36.72067]},"properties":{"anio":2022}},{"type":"Feature","geometry":{"type":"Point","coordinates":[-4.42299,36.72027]},"properties":{"anio":2022}},{"type":"Feature","geometry":{"type":"Point","coordinates":[-4.42902,36.72652]},"properties":{"anio":2022}},{"type":"Feature","geometry":{"type":"Point","coordinates":[-4.41839,36.72377]},"properties":{"anio":2022}},{"type":"Feature","geometry":{"type":"Point","coordinates":[-4.42475,36.71769]},"properties":{"anio":2022}},{"type":"Feature","geometry":{"type":"Point","coordinates":[-4.42844,36.71186]},"properties":{"anio":2022}},{"type":"Feature","geometry":{"type":"Point","coordinates":[-4.42047,36.72598]},"properties":{"anio":2022}},{"type":"Feature","geometry":{"type":"Point","coordinates":[-4.41963,36.72605]},"properties":{"anio":2022}},{"type":"Feature","geometry":{"type":"Point","coordinates":[-4.42263,36.7183]},"properties":{"anio":2022}},{"type":"Feature","geometry":{"type":"Point","coordinates":[-4.4231,36.72084]},"properties":{"anio":2022}},{"type":"Feature","geometry":{"type":"Point","coordinates":[-4.42038,36.71894]},"properties":{"anio":2022}},{"type":"Feature","geometry":{"type":"Point","coordinates":[-4.41839,36.72377]},"properties":{"anio":2022}},{"type":"Feature","geometry":{"type":"Point","coordinates":[-4.41105,36.71801]},"properties":{"anio":2022}},{"type":"Feature","geometry":{"type":"Point","coordinates":[-4.39967,36.72286]},"properties":{"anio":2022}},{"type":"Feature","geometry":{"type":"Point","coordinates":[-4.41908,36.72559]},"properties":{"anio":2022}},{"type":"Feature","geometry":{"type":"Point","coordinates":[-4.42359,36.7253]},"properties":{"anio":2022}},{"type":"Feature","geometry":{"type":"Point","coordinates":[-4.42094,36.72635]},"properties":{"anio":2022}},{"type":"Feature","geometry":{"type":"Point","coordinates":[-4.42104,36.73224]},"properties":{"anio":2022}},{"type":"Feature","geometry":{"type":"Point","coordinates":[-4.42168,36.72326]},"properties":{"anio":2022}},{"type":"Feature","geometry":{"type":"Point","coordinates":[-4.4181,36.71995]},"properties":{"anio":2022}},{"type":"Feature","geometry":{"type":"Point","coordinates":[-4.41178,36.71836]},"properties":{"anio":2022}},{"type":"Feature","geometry":{"type":"Point","coordinates":[-4.40481,36.72095]},"properties":{"anio":2022}},{"type":"Feature","geometry":{"type":"Point","coordinates":[-4.40481,36.72095]},"properties":{"anio":2022}},{"type":"Feature","geometry":{"type":"Point","coordinates":[-4.42168,36.72326]},"properties":{"anio":2022}},{"type":"Feature","geometry":{"type":"Point","coordinates":[-4.41178,36.71688]},"properties":{"anio":2022}},{"type":"Feature","geometry":{"type":"Point","coordinates":[-4.41747,36.73169]},"properties":{"anio":2022}},{"type":"Feature","geometry":{"type":"Point","coordinates":[-4.42237,36.7196]},"properties":{"anio":2022}},{"type":"Feature","geometry":{"type":"Point","coordinates":[-4.41933,36.72557]},"properties":{"anio":2022}},{"type":"Feature","geometry":{"type":"Point","coordinates":[-4.42181,36.72782]},"properties":{"anio":2022}},{"type":"Feature","geometry":{"type":"Point","coordinates":[-4.41521,36.73233]},"properties":{"anio":2022}},{"type":"Feature","geometry":{"type":"Point","coordinates":[-4.42247,36.72528]},"properties":{"anio":2022}},{"type":"Feature","geometry":{"type":"Point","coordinates":[-4.4166,36.72476]},"properties":{"anio":2022}},{"type":"Feature","geometry":{"type":"Point","coordinates":[-4.42102,36.72273]},"properties":{"anio":2022}},{"type":"Feature","geometry":{"type":"Point","coordinates":[-4.42303,36.7205]},"properties":{"anio":2022}},{"type":"Feature","geometry":{"type":"Point","coordinates":[-4.42539,36.72742]},"properties":{"anio":2022}},{"type":"Feature","geometry":{"type":"Point","coordinates":[-4.40849,36.72772]},"properties":{"anio":2022}},{"type":"Feature","geometry":{"type":"Point","coordinates":[-4.42094,36.72635]},"properties":{"anio":2022}},{"type":"Feature","geometry":{"type":"Point","coordinates":[-4.42094,36.72635]},"properties":{"anio":2022}},{"type":"Feature","geometry":{"type":"Point","coordinates":[-4.42693,36.72136]},"properties":{"anio":2022}},{"type":"Feature","geometry":{"type":"Point","coordinates":[-4.42359,36.7253]},"properties":{"anio":2022}},{"type":"Feature","geometry":{"type":"Point","coordinates":[-4.42303,36.73039]},"properties":{"anio":2022}},{"type":"Feature","geometry":{"type":"Point","coordinates":[-4.41955,36.72432]},"properties":{"anio":2022}},{"type":"Feature","geometry":{"type":"Point","coordinates":[-4.41587,36.72907]},"properties":{"anio":2022}},{"type":"Feature","geometry":{"type":"Point","coordinates":[-4.42332,36.72716]},"properties":{"anio":2022}},{"type":"Feature","geometry":{"type":"Point","coordinates":[-4.41221,36.72625]},"properties":{"anio":2022}},{"type":"Feature","geometry":{"type":"Point","coordinates":[-4.41839,36.72377]},"properties":{"anio":2022}},{"type":"Feature","geometry":{"type":"Point","coordinates":[-4.42327,36.71523]},"properties":{"anio":2022}},{"type":"Feature","geometry":{"type":"Point","coordinates":[-4.42359,36.7253]},"properties":{"anio":2022}},{"type":"Feature","geometry":{"type":"Point","coordinates":[-4.42254,36.7261]},"properties":{"anio":2022}},{"type":"Feature","geometry":{"type":"Point","coordinates":[-4.4155,36.72369]},"properties":{"anio":2022}},{"type":"Feature","geometry":{"type":"Point","coordinates":[-4.41178,36.71688]},"properties":{"anio":2022}},{"type":"Feature","geometry":{"type":"Point","coordinates":[-4.42181,36.7281]},"properties":{"anio":2022}},{"type":"Feature","geometry":{"type":"Point","coordinates":[-4.4155,36.72369]},"properties":{"anio":2022}},{"type":"Feature","geometry":{"type":"Point","coordinates":[-4.4155,36.72369]},"properties":{"anio":2022}},{"type":"Feature","geometry":{"type":"Point","coordinates":[-4.42094,36.72635]},"properties":{"anio":2022}},{"type":"Feature","geometry":{"type":"Point","coordinates":[-4.40881,36.71958]},"properties":{"anio":2022}},{"type":"Feature","geometry":{"type":"Point","coordinates":[-4.41587,36.72907]},"properties":{"anio":2022}},{"type":"Feature","geometry":{"type":"Point","coordinates":[-4.42069,36.73005]},"properties":{"anio":2022}},{"type":"Feature","geometry":{"type":"Point","coordinates":[-4.41472,36.72501]},"properties":{"anio":2022}},{"type":"Feature","geometry":{"type":"Point","coordinates":[-4.4155,36.72369]},"properties":{"anio":2022}},{"type":"Feature","geometry":{"type":"Point","coordinates":[-4.4155,36.72369]},"properties":{"anio":2022}},{"type":"Feature","geometry":{"type":"Point","coordinates":[-4.42338,36.71433]},"properties":{"anio":2022}},{"type":"Feature","geometry":{"type":"Point","coordinates":[-4.41753,36.72209]},"properties":{"anio":2022}},{"type":"Feature","geometry":{"type":"Point","coordinates":[-4.42663,36.71222]},"properties":{"anio":2022}},{"type":"Feature","geometry":{"type":"Point","coordinates":[-4.4239,36.72093]},"properties":{"anio":2022}},{"type":"Feature","geometry":{"type":"Point","coordinates":[-4.41125,36.71744]},"properties":{"anio":2022}},{"type":"Feature","geometry":{"type":"Point","coordinates":[-4.41192,36.72741]},"properties":{"anio":2022}},{"type":"Feature","geometry":{"type":"Point","coordinates":[-4.42467,36.72314]},"properties":{"anio":2022}},{"type":"Feature","geometry":{"type":"Point","coordinates":[-4.4188,36.72225]},"properties":{"anio":2022}},{"type":"Feature","geometry":{"type":"Point","coordinates":[-4.41704,36.72521]},"properties":{"anio":2022}},{"type":"Feature","geometry":{"type":"Point","coordinates":[-4.4224,36.72117]},"properties":{"anio":2022}},{"type":"Feature","geometry":{"type":"Point","coordinates":[-4.4224,36.72117]},"properties":{"anio":2022}},{"type":"Feature","geometry":{"type":"Point","coordinates":[-4.42209,36.72594]},"properties":{"anio":2022}},{"type":"Feature","geometry":{"type":"Point","coordinates":[-4.42743,36.72398]},"properties":{"anio":2022}},{"type":"Feature","geometry":{"type":"Point","coordinates":[-4.42453,36.7225]},"properties":{"anio":2022}},{"type":"Feature","geometry":{"type":"Point","coordinates":[-4.42393,36.71957]},"properties":{"anio":2022}},{"type":"Feature","geometry":{"type":"Point","coordinates":[-4.41839,36.72377]},"properties":{"anio":2022}},{"type":"Feature","geometry":{"type":"Point","coordinates":[-4.41307,36.72783]},"properties":{"anio":2022}},{"type":"Feature","geometry":{"type":"Point","coordinates":[-4.43038,36.7216]},"properties":{"anio":2022}},{"type":"Feature","geometry":{"type":"Point","coordinates":[-4.42275,36.72]},"properties":{"anio":2022}},{"type":"Feature","geometry":{"type":"Point","coordinates":[-4.41178,36.71836]},"properties":{"anio":2022}},{"type":"Feature","geometry":{"type":"Point","coordinates":[-4.41979,36.72145]},"properties":{"anio":2022}},{"type":"Feature","geometry":{"type":"Point","coordinates":[-4.42273,36.72982]},"properties":{"anio":2022}},{"type":"Feature","geometry":{"type":"Point","coordinates":[-4.41979,36.72145]},"properties":{"anio":2022}},{"type":"Feature","geometry":{"type":"Point","coordinates":[-4.4298,36.72301]},"properties":{"anio":2022}},{"type":"Feature","geometry":{"type":"Point","coordinates":[-4.43102,36.72402]},"properties":{"anio":2022}},{"type":"Feature","geometry":{"type":"Point","coordinates":[-4.41908,36.72269]},"properties":{"anio":2022}},{"type":"Feature","geometry":{"type":"Point","coordinates":[-4.42094,36.72635]},"properties":{"anio":2022}},{"type":"Feature","geometry":{"type":"Point","coordinates":[-4.43102,36.72402]},"properties":{"anio":2022}},{"type":"Feature","geometry":{"type":"Point","coordinates":[-4.40627,36.72031]},"properties":{"anio":2022}},{"type":"Feature","geometry":{"type":"Point","coordinates":[-4.41688,36.7236]},"properties":{"anio":2022}},{"type":"Feature","geometry":{"type":"Point","coordinates":[-4.42301,36.72636]},"properties":{"anio":2022}},{"type":"Feature","geometry":{"type":"Point","coordinates":[-4.40849,36.72772]},"properties":{"anio":2022}},{"type":"Feature","geometry":{"type":"Point","coordinates":[-4.42204,36.72507]},"properties":{"anio":2022}},{"type":"Feature","geometry":{"type":"Point","coordinates":[-4.41506,36.72754]},"properties":{"anio":2022}},{"type":"Feature","geometry":{"type":"Point","coordinates":[-4.43146,36.72159]},"properties":{"anio":2022}},{"type":"Feature","geometry":{"type":"Point","coordinates":[-4.42322,36.72226]},"properties":{"anio":2022}},{"type":"Feature","geometry":{"type":"Point","coordinates":[-4.42001,36.72162]},"properties":{"anio":2022}},{"type":"Feature","geometry":{"type":"Point","coordinates":[-4.42526,36.72925]},"properties":{"anio":2022}},{"type":"Feature","geometry":{"type":"Point","coordinates":[-4.41894,36.73276]},"properties":{"anio":2022}},{"type":"Feature","geometry":{"type":"Point","coordinates":[-4.41442,36.73266]},"properties":{"anio":2022}},{"type":"Feature","geometry":{"type":"Point","coordinates":[-4.4188,36.72225]},"properties":{"anio":2022}},{"type":"Feature","geometry":{"type":"Point","coordinates":[-4.42003,36.72445]},"properties":{"anio":2022}},{"type":"Feature","geometry":{"type":"Point","coordinates":[-4.42392,36.72025]},"properties":{"anio":2022}},{"type":"Feature","geometry":{"type":"Point","coordinates":[-4.4215,36.7298]},"properties":{"anio":2022}},{"type":"Feature","geometry":{"type":"Point","coordinates":[-4.41125,36.71744]},"properties":{"anio":2022}},{"type":"Feature","geometry":{"type":"Point","coordinates":[-4.41542,36.72594]},"properties":{"anio":2022}},{"type":"Feature","geometry":{"type":"Point","coordinates":[-4.4225,36.72419]},"properties":{"anio":2022}},{"type":"Feature","geometry":{"type":"Point","coordinates":[-4.41178,36.71688]},"properties":{"anio":2022}},{"type":"Feature","geometry":{"type":"Point","coordinates":[-4.42363,36.71466]},"properties":{"anio":2022}},{"type":"Feature","geometry":{"type":"Point","coordinates":[-4.4211,36.72701]},"properties":{"anio":2022}},{"type":"Feature","geometry":{"type":"Point","coordinates":[-4.42825,36.72152]},"properties":{"anio":2022}},{"type":"Feature","geometry":{"type":"Point","coordinates":[-4.42453,36.72886]},"properties":{"anio":2022}},{"type":"Feature","geometry":{"type":"Point","coordinates":[-4.42675,36.72218]},"properties":{"anio":2022}},{"type":"Feature","geometry":{"type":"Point","coordinates":[-4.42072,36.72532]},"properties":{"anio":2022}},{"type":"Feature","geometry":{"type":"Point","coordinates":[-4.4211,36.72701]},"properties":{"anio":2022}},{"type":"Feature","geometry":{"type":"Point","coordinates":[-4.42896,36.71433]},"properties":{"anio":2022}},{"type":"Feature","geometry":{"type":"Point","coordinates":[-4.41152,36.72776]},"properties":{"anio":2022}},{"type":"Feature","geometry":{"type":"Point","coordinates":[-4.42094,36.72635]},"properties":{"anio":2022}},{"type":"Feature","geometry":{"type":"Point","coordinates":[-4.42856,36.72168]},"properties":{"anio":2022}},{"type":"Feature","geometry":{"type":"Point","coordinates":[-4.42844,36.71186]},"properties":{"anio":2022}},{"type":"Feature","geometry":{"type":"Point","coordinates":[-4.42323,36.721]},"properties":{"anio":2022}},{"type":"Feature","geometry":{"type":"Point","coordinates":[-4.42856,36.72168]},"properties":{"anio":2022}},{"type":"Feature","geometry":{"type":"Point","coordinates":[-4.42856,36.72168]},"properties":{"anio":2022}},{"type":"Feature","geometry":{"type":"Point","coordinates":[-4.42785,36.72384]},"properties":{"anio":2022}},{"type":"Feature","geometry":{"type":"Point","coordinates":[-4.4212,36.72357]},"properties":{"anio":2022}},{"type":"Feature","geometry":{"type":"Point","coordinates":[-4.41339,36.72773]},"properties":{"anio":2022}},{"type":"Feature","geometry":{"type":"Point","coordinates":[-4.41919,36.72579]},"properties":{"anio":2022}},{"type":"Feature","geometry":{"type":"Point","coordinates":[-4.40795,36.72117]},"properties":{"anio":2022}},{"type":"Feature","geometry":{"type":"Point","coordinates":[-4.41864,36.72418]},"properties":{"anio":2022}},{"type":"Feature","geometry":{"type":"Point","coordinates":[-4.42437,36.72074]},"properties":{"anio":2022}},{"type":"Feature","geometry":{"type":"Point","coordinates":[-4.42311,36.71922]},"properties":{"anio":2022}},{"type":"Feature","geometry":{"type":"Point","coordinates":[-4.4218,36.73172]},"properties":{"anio":2022}},{"type":"Feature","geometry":{"type":"Point","coordinates":[-4.4275,36.725]},"properties":{"anio":2022}},{"type":"Feature","geometry":{"type":"Point","coordinates":[-4.41884,36.71951]},"properties":{"anio":2022}},{"type":"Feature","geometry":{"type":"Point","coordinates":[-4.42956,36.72084]},"properties":{"anio":2022}},{"type":"Feature","geometry":{"type":"Point","coordinates":[-4.42359,36.7253]},"properties":{"anio":2022}},{"type":"Feature","geometry":{"type":"Point","coordinates":[-4.41559,36.72398]},"properties":{"anio":2022}},{"type":"Feature","geometry":{"type":"Point","coordinates":[-4.42101,36.72117]},"properties":{"anio":2022}},{"type":"Feature","geometry":{"type":"Point","coordinates":[-4.4226,36.72058]},"properties":{"anio":2022}},{"type":"Feature","geometry":{"type":"Point","coordinates":[-4.41609,36.7247]},"properties":{"anio":2022}},{"type":"Feature","geometry":{"type":"Point","coordinates":[-4.42103,36.72046]},"properties":{"anio":2022}},{"type":"Feature","geometry":{"type":"Point","coordinates":[-4.42856,36.72168]},"properties":{"anio":2022}},{"type":"Feature","geometry":{"type":"Point","coordinates":[-4.42856,36.72168]},"properties":{"anio":2022}},{"type":"Feature","geometry":{"type":"Point","coordinates":[-4.42856,36.72168]},"properties":{"anio":2022}},{"type":"Feature","geometry":{"type":"Point","coordinates":[-4.41435,36.72718]},"properties":{"anio":2022}},{"type":"Feature","geometry":{"type":"Point","coordinates":[-4.41654,36.73768]},"properties":{"anio":2022}},{"type":"Feature","geometry":{"type":"Point","coordinates":[-4.41576,36.72965]},"properties":{"anio":2022}},{"type":"Feature","geometry":{"type":"Point","coordinates":[-4.41566,36.72521]},"properties":{"anio":2022}},{"type":"Feature","geometry":{"type":"Point","coordinates":[-4.41633,36.72352]},"properties":{"anio":2022}},{"type":"Feature","geometry":{"type":"Point","coordinates":[-4.4275,36.725]},"properties":{"anio":2022}},{"type":"Feature","geometry":{"type":"Point","coordinates":[-4.42689,36.72313]},"properties":{"anio":2022}},{"type":"Feature","geometry":{"type":"Point","coordinates":[-4.42104,36.72377]},"properties":{"anio":2022}},{"type":"Feature","geometry":{"type":"Point","coordinates":[-4.42308,36.72676]},"properties":{"anio":2022}},{"type":"Feature","geometry":{"type":"Point","coordinates":[-4.42123,36.72842]},"properties":{"anio":2022}},{"type":"Feature","geometry":{"type":"Point","coordinates":[-4.42847,36.724]},"properties":{"anio":2022}},{"type":"Feature","geometry":{"type":"Point","coordinates":[-4.4251,36.72428]},"properties":{"anio":2022}},{"type":"Feature","geometry":{"type":"Point","coordinates":[-4.4225,36.72419]},"properties":{"anio":2022}},{"type":"Feature","geometry":{"type":"Point","coordinates":[-4.42383,36.7263]},"properties":{"anio":2022}},{"type":"Feature","geometry":{"type":"Point","coordinates":[-4.42153,36.72688]},"properties":{"anio":2022}},{"type":"Feature","geometry":{"type":"Point","coordinates":[-4.41687,36.72403]},"properties":{"anio":2022}},{"type":"Feature","geometry":{"type":"Point","coordinates":[-4.42844,36.71186]},"properties":{"anio":2022}},{"type":"Feature","geometry":{"type":"Point","coordinates":[-4.4298,36.72301]},"properties":{"anio":2022}},{"type":"Feature","geometry":{"type":"Point","coordinates":[-4.42903,36.72393]},"properties":{"anio":2022}},{"type":"Feature","geometry":{"type":"Point","coordinates":[-4.41966,36.72274]},"properties":{"anio":2022}},{"type":"Feature","geometry":{"type":"Point","coordinates":[-4.41625,36.73402]},"properties":{"anio":2022}},{"type":"Feature","geometry":{"type":"Point","coordinates":[-4.42435,36.71572]},"properties":{"anio":2022}},{"type":"Feature","geometry":{"type":"Point","coordinates":[-4.41699,36.72496]},"properties":{"anio":2022}},{"type":"Feature","geometry":{"type":"Point","coordinates":[-4.41359,36.72566]},"properties":{"anio":2022}},{"type":"Feature","geometry":{"type":"Point","coordinates":[-4.42719,36.71524]},"properties":{"anio":2022}},{"type":"Feature","geometry":{"type":"Point","coordinates":[-4.42263,36.7183]},"properties":{"anio":2022}},{"type":"Feature","geometry":{"type":"Point","coordinates":[-4.42138,36.72215]},"properties":{"anio":2022}},{"type":"Feature","geometry":{"type":"Point","coordinates":[-4.41135,36.71702]},"properties":{"anio":2022}},{"type":"Feature","geometry":{"type":"Point","coordinates":[-4.42035,36.72621]},"properties":{"anio":2022}},{"type":"Feature","geometry":{"type":"Point","coordinates":[-4.41125,36.71744]},"properties":{"anio":2022}},{"type":"Feature","geometry":{"type":"Point","coordinates":[-4.41682,36.72481]},"properties":{"anio":2022}},{"type":"Feature","geometry":{"type":"Point","coordinates":[-4.41922,36.72588]},"properties":{"anio":2022}},{"type":"Feature","geometry":{"type":"Point","coordinates":[-4.43233,36.72002]},"properties":{"anio":2022}},{"type":"Feature","geometry":{"type":"Point","coordinates":[-4.42103,36.72144]},"properties":{"anio":2022}},{"type":"Feature","geometry":{"type":"Point","coordinates":[-4.42103,36.72144]},"properties":{"anio":2022}},{"type":"Feature","geometry":{"type":"Point","coordinates":[-4.42103,36.72144]},"properties":{"anio":2022}},{"type":"Feature","geometry":{"type":"Point","coordinates":[-4.41756,36.72504]},"properties":{"anio":2022}},{"type":"Feature","geometry":{"type":"Point","coordinates":[-4.42431,36.71316]},"properties":{"anio":2022}},{"type":"Feature","geometry":{"type":"Point","coordinates":[-4.41539,36.73461]},"properties":{"anio":2022}},{"type":"Feature","geometry":{"type":"Point","coordinates":[-4.41249,36.72647]},"properties":{"anio":2022}},{"type":"Feature","geometry":{"type":"Point","coordinates":[-4.41883,36.72544]},"properties":{"anio":2022}},{"type":"Feature","geometry":{"type":"Point","coordinates":[-4.42427,36.73052]},"properties":{"anio":2022}},{"type":"Feature","geometry":{"type":"Point","coordinates":[-4.4139,36.72555]},"properties":{"anio":2022}},{"type":"Feature","geometry":{"type":"Point","coordinates":[-4.41868,36.72652]},"properties":{"anio":2022}},{"type":"Feature","geometry":{"type":"Point","coordinates":[-4.43027,36.71418]},"properties":{"anio":2022}},{"type":"Feature","geometry":{"type":"Point","coordinates":[-4.42709,36.71318]},"properties":{"anio":2022}},{"type":"Feature","geometry":{"type":"Point","coordinates":[-4.42709,36.71318]},"properties":{"anio":2022}},{"type":"Feature","geometry":{"type":"Point","coordinates":[-4.41801,36.724]},"properties":{"anio":2022}},{"type":"Feature","geometry":{"type":"Point","coordinates":[-4.41971,36.73003]},"properties":{"anio":2022}},{"type":"Feature","geometry":{"type":"Point","coordinates":[-4.42237,36.72518]},"properties":{"anio":2022}},{"type":"Feature","geometry":{"type":"Point","coordinates":[-4.4297,36.72783]},"properties":{"anio":2022}},{"type":"Feature","geometry":{"type":"Point","coordinates":[-4.42016,36.72352]},"properties":{"anio":2022}},{"type":"Feature","geometry":{"type":"Point","coordinates":[-4.4163,36.73272]},"properties":{"anio":2022}},{"type":"Feature","geometry":{"type":"Point","coordinates":[-4.4046,36.724]},"properties":{"anio":2022}},{"type":"Feature","geometry":{"type":"Point","coordinates":[-4.41829,36.72341]},"properties":{"anio":2022}},{"type":"Feature","geometry":{"type":"Point","coordinates":[-4.42359,36.7253]},"properties":{"anio":2022}},{"type":"Feature","geometry":{"type":"Point","coordinates":[-4.41918,36.72559]},"properties":{"anio":2022}},{"type":"Feature","geometry":{"type":"Point","coordinates":[-4.41829,36.72341]},"properties":{"anio":2022}},{"type":"Feature","geometry":{"type":"Point","coordinates":[-4.41829,36.72341]},"properties":{"anio":2022}},{"type":"Feature","geometry":{"type":"Point","coordinates":[-4.41641,36.72432]},"properties":{"anio":2022}},{"type":"Feature","geometry":{"type":"Point","coordinates":[-4.41446,36.7262]},"properties":{"anio":2022}},{"type":"Feature","geometry":{"type":"Point","coordinates":[-4.42283,36.7247]},"properties":{"anio":2022}},{"type":"Feature","geometry":{"type":"Point","coordinates":[-4.42399,36.72465]},"properties":{"anio":2022}},{"type":"Feature","geometry":{"type":"Point","coordinates":[-4.42099,36.72208]},"properties":{"anio":2022}},{"type":"Feature","geometry":{"type":"Point","coordinates":[-4.42283,36.7247]},"properties":{"anio":2022}},{"type":"Feature","geometry":{"type":"Point","coordinates":[-4.42797,36.72454]},"properties":{"anio":2022}},{"type":"Feature","geometry":{"type":"Point","coordinates":[-4.4194,36.72406]},"properties":{"anio":2022}},{"type":"Feature","geometry":{"type":"Point","coordinates":[-4.42197,36.7225]},"properties":{"anio":2022}},{"type":"Feature","geometry":{"type":"Point","coordinates":[-4.41304,36.72786]},"properties":{"anio":2022}},{"type":"Feature","geometry":{"type":"Point","coordinates":[-4.42303,36.73039]},"properties":{"anio":2022}},{"type":"Feature","geometry":{"type":"Point","coordinates":[-4.41803,36.72089]},"properties":{"anio":2022}},{"type":"Feature","geometry":{"type":"Point","coordinates":[-4.41742,36.72256]},"properties":{"anio":2022}},{"type":"Feature","geometry":{"type":"Point","coordinates":[-4.40037,36.72228]},"properties":{"anio":2022}},{"type":"Feature","geometry":{"type":"Point","coordinates":[-4.41865,36.72337]},"properties":{"anio":2022}},{"type":"Feature","geometry":{"type":"Point","coordinates":[-4.41382,36.72563]},"properties":{"anio":2022}},{"type":"Feature","geometry":{"type":"Point","coordinates":[-4.42847,36.72336]},"properties":{"anio":2022}},{"type":"Feature","geometry":{"type":"Point","coordinates":[-4.42435,36.71572]},"properties":{"anio":2022}},{"type":"Feature","geometry":{"type":"Point","coordinates":[-4.41858,36.72415]},"properties":{"anio":2022}},{"type":"Feature","geometry":{"type":"Point","coordinates":[-4.41135,36.71702]},"properties":{"anio":2022}},{"type":"Feature","geometry":{"type":"Point","coordinates":[-4.42362,36.7272]},"properties":{"anio":2022}},{"type":"Feature","geometry":{"type":"Point","coordinates":[-4.4188,36.72518]},"properties":{"anio":2022}},{"type":"Feature","geometry":{"type":"Point","coordinates":[-4.42101,36.73401]},"properties":{"anio":2022}},{"type":"Feature","geometry":{"type":"Point","coordinates":[-4.42196,36.72859]},"properties":{"anio":2022}},{"type":"Feature","geometry":{"type":"Point","coordinates":[-4.43004,36.71864]},"properties":{"anio":2022}},{"type":"Feature","geometry":{"type":"Point","coordinates":[-4.42825,36.72152]},"properties":{"anio":2022}},{"type":"Feature","geometry":{"type":"Point","coordinates":[-4.4162,36.73084]},"properties":{"anio":2022}},{"type":"Feature","geometry":{"type":"Point","coordinates":[-4.43076,36.72141]},"properties":{"anio":2022}},{"type":"Feature","geometry":{"type":"Point","coordinates":[-4.41164,36.71762]},"properties":{"anio":2022}},{"type":"Feature","geometry":{"type":"Point","coordinates":[-4.41638,36.72629]},"properties":{"anio":2022}},{"type":"Feature","geometry":{"type":"Point","coordinates":[-4.42181,36.72323]},"properties":{"anio":2022}},{"type":"Feature","geometry":{"type":"Point","coordinates":[-4.42743,36.72398]},"properties":{"anio":2022}},{"type":"Feature","geometry":{"type":"Point","coordinates":[-4.41916,36.72653]},"properties":{"anio":2022}},{"type":"Feature","geometry":{"type":"Point","coordinates":[-4.41928,36.72218]},"properties":{"anio":2022}},{"type":"Feature","geometry":{"type":"Point","coordinates":[-4.42143,36.72175]},"properties":{"anio":2022}},{"type":"Feature","geometry":{"type":"Point","coordinates":[-4.42419,36.72997]},"properties":{"anio":2022}},{"type":"Feature","geometry":{"type":"Point","coordinates":[-4.41181,36.71803]},"properties":{"anio":2022}},{"type":"Feature","geometry":{"type":"Point","coordinates":[-4.43232,36.72026]},"properties":{"anio":2022}},{"type":"Feature","geometry":{"type":"Point","coordinates":[-4.4238,36.72219]},"properties":{"anio":2022}},{"type":"Feature","geometry":{"type":"Point","coordinates":[-4.41865,36.72337]},"properties":{"anio":2022}},{"type":"Feature","geometry":{"type":"Point","coordinates":[-4.42058,36.72527]},"properties":{"anio":2022}},{"type":"Feature","geometry":{"type":"Point","coordinates":[-4.41641,36.72432]},"properties":{"anio":2022}},{"type":"Feature","geometry":{"type":"Point","coordinates":[-4.4244,36.7204]},"properties":{"anio":2022}},{"type":"Feature","geometry":{"type":"Point","coordinates":[-4.4265,36.71248]},"properties":{"anio":2022}},{"type":"Feature","geometry":{"type":"Point","coordinates":[-4.4168,36.72513]},"properties":{"anio":2022}},{"type":"Feature","geometry":{"type":"Point","coordinates":[-4.42844,36.71186]},"properties":{"anio":2022}},{"type":"Feature","geometry":{"type":"Point","coordinates":[-4.42181,36.7281]},"properties":{"anio":2022}},{"type":"Feature","geometry":{"type":"Point","coordinates":[-4.4103,36.72635]},"properties":{"anio":2022}},{"type":"Feature","geometry":{"type":"Point","coordinates":[-4.41893,36.72502]},"properties":{"anio":2022}},{"type":"Feature","geometry":{"type":"Point","coordinates":[-4.42906,36.72381]},"properties":{"anio":2022}},{"type":"Feature","geometry":{"type":"Point","coordinates":[-4.41615,36.72498]},"properties":{"anio":2022}},{"type":"Feature","geometry":{"type":"Point","coordinates":[-4.42527,36.72376]},"properties":{"anio":2022}},{"type":"Feature","geometry":{"type":"Point","coordinates":[-4.42392,36.72025]},"properties":{"anio":2022}},{"type":"Feature","geometry":{"type":"Point","coordinates":[-4.42181,36.72323]},"properties":{"anio":2022}},{"type":"Feature","geometry":{"type":"Point","coordinates":[-4.42181,36.72323]},"properties":{"anio":2022}},{"type":"Feature","geometry":{"type":"Point","coordinates":[-4.42028,36.7286]},"properties":{"anio":2022}},{"type":"Feature","geometry":{"type":"Point","coordinates":[-4.41864,36.73231]},"properties":{"anio":2022}},{"type":"Feature","geometry":{"type":"Point","coordinates":[-4.41772,36.73191]},"properties":{"anio":2022}},{"type":"Feature","geometry":{"type":"Point","coordinates":[-4.41792,36.73209]},"properties":{"anio":2022}},{"type":"Feature","geometry":{"type":"Point","coordinates":[-4.42682,36.71216]},"properties":{"anio":2022}},{"type":"Feature","geometry":{"type":"Point","coordinates":[-4.42305,36.71519]},"properties":{"anio":2022}},{"type":"Feature","geometry":{"type":"Point","coordinates":[-4.42453,36.72886]},"properties":{"anio":2022}},{"type":"Feature","geometry":{"type":"Point","coordinates":[-4.41454,36.72863]},"properties":{"anio":2022}},{"type":"Feature","geometry":{"type":"Point","coordinates":[-4.42261,36.72187]},"properties":{"anio":2022}},{"type":"Feature","geometry":{"type":"Point","coordinates":[-4.42498,36.7213]},"properties":{"anio":2022}},{"type":"Feature","geometry":{"type":"Point","coordinates":[-4.41974,36.72122]},"properties":{"anio":2022}},{"type":"Feature","geometry":{"type":"Point","coordinates":[-4.42768,36.72648]},"properties":{"anio":2022}},{"type":"Feature","geometry":{"type":"Point","coordinates":[-4.42222,36.72057]},"properties":{"anio":2022}},{"type":"Feature","geometry":{"type":"Point","coordinates":[-4.42898,36.71901]},"properties":{"anio":2022}},{"type":"Feature","geometry":{"type":"Point","coordinates":[-4.42195,36.71749]},"properties":{"anio":2022}},{"type":"Feature","geometry":{"type":"Point","coordinates":[-4.43116,36.7237]},"properties":{"anio":2022}},{"type":"Feature","geometry":{"type":"Point","coordinates":[-4.42884,36.71432]},"properties":{"anio":2022}},{"type":"Feature","geometry":{"type":"Point","coordinates":[-4.42129,36.72181]},"properties":{"anio":2022}},{"type":"Feature","geometry":{"type":"Point","coordinates":[-4.42133,36.7224]},"properties":{"anio":2022}},{"type":"Feature","geometry":{"type":"Point","coordinates":[-4.41918,36.72559]},"properties":{"anio":2022}},{"type":"Feature","geometry":{"type":"Point","coordinates":[-4.42181,36.72782]},"properties":{"anio":2022}},{"type":"Feature","geometry":{"type":"Point","coordinates":[-4.42036,36.72716]},"properties":{"anio":2022}},{"type":"Feature","geometry":{"type":"Point","coordinates":[-4.41901,36.72324]},"properties":{"anio":2022}},{"type":"Feature","geometry":{"type":"Point","coordinates":[-4.41546,36.73042]},"properties":{"anio":2022}},{"type":"Feature","geometry":{"type":"Point","coordinates":[-4.4155,36.72369]},"properties":{"anio":2022}},{"type":"Feature","geometry":{"type":"Point","coordinates":[-4.41541,36.73076]},"properties":{"anio":2022}},{"type":"Feature","geometry":{"type":"Point","coordinates":[-4.41125,36.71744]},"properties":{"anio":2022}},{"type":"Feature","geometry":{"type":"Point","coordinates":[-4.42204,36.72507]},"properties":{"anio":2022}},{"type":"Feature","geometry":{"type":"Point","coordinates":[-4.42437,36.72074]},"properties":{"anio":2022}},{"type":"Feature","geometry":{"type":"Point","coordinates":[-4.42489,36.72935]},"properties":{"anio":2022}},{"type":"Feature","geometry":{"type":"Point","coordinates":[-4.42467,36.72721]},"properties":{"anio":2022}},{"type":"Feature","geometry":{"type":"Point","coordinates":[-4.42143,36.72175]},"properties":{"anio":2022}},{"type":"Feature","geometry":{"type":"Point","coordinates":[-4.42143,36.72175]},"properties":{"anio":2022}},{"type":"Feature","geometry":{"type":"Point","coordinates":[-4.42313,36.71535]},"properties":{"anio":2022}},{"type":"Feature","geometry":{"type":"Point","coordinates":[-4.42237,36.72518]},"properties":{"anio":2022}},{"type":"Feature","geometry":{"type":"Point","coordinates":[-4.42237,36.72518]},"properties":{"anio":2022}},{"type":"Feature","geometry":{"type":"Point","coordinates":[-4.41125,36.71744]},"properties":{"anio":2022}},{"type":"Feature","geometry":{"type":"Point","coordinates":[-4.42475,36.71813]},"properties":{"anio":2022}},{"type":"Feature","geometry":{"type":"Point","coordinates":[-4.42152,36.72815]},"properties":{"anio":2022}},{"type":"Feature","geometry":{"type":"Point","coordinates":[-4.42326,36.72386]},"properties":{"anio":2022}},{"type":"Feature","geometry":{"type":"Point","coordinates":[-4.42363,36.72388]},"properties":{"anio":2022}},{"type":"Feature","geometry":{"type":"Point","coordinates":[-4.42008,36.72101]},"properties":{"anio":2022}},{"type":"Feature","geometry":{"type":"Point","coordinates":[-4.42778,36.72155]},"properties":{"anio":2022}},{"type":"Feature","geometry":{"type":"Point","coordinates":[-4.4236,36.71867]},"properties":{"anio":2022}},{"type":"Feature","geometry":{"type":"Point","coordinates":[-4.42778,36.72155]},"properties":{"anio":2022}},{"type":"Feature","geometry":{"type":"Point","coordinates":[-4.42488,36.73014]},"properties":{"anio":2022}},{"type":"Feature","geometry":{"type":"Point","coordinates":[-4.4297,36.72783]},"properties":{"anio":2022}},{"type":"Feature","geometry":{"type":"Point","coordinates":[-4.42719,36.71524]},"properties":{"anio":2022}},{"type":"Feature","geometry":{"type":"Point","coordinates":[-4.41982,36.72679]},"properties":{"anio":2022}},{"type":"Feature","geometry":{"type":"Point","coordinates":[-4.42452,36.71382]},"properties":{"anio":2022}},{"type":"Feature","geometry":{"type":"Point","coordinates":[-4.42373,36.7211]},"properties":{"anio":2022}},{"type":"Feature","geometry":{"type":"Point","coordinates":[-4.42224,36.7238]},"properties":{"anio":2022}},{"type":"Feature","geometry":{"type":"Point","coordinates":[-4.40814,36.71902]},"properties":{"anio":2022}},{"type":"Feature","geometry":{"type":"Point","coordinates":[-4.42039,36.73232]},"properties":{"anio":2022}},{"type":"Feature","geometry":{"type":"Point","coordinates":[-4.42894,36.71957]},"properties":{"anio":2022}},{"type":"Feature","geometry":{"type":"Point","coordinates":[-4.4168,36.72513]},"properties":{"anio":2022}},{"type":"Feature","geometry":{"type":"Point","coordinates":[-4.42321,36.71809]},"properties":{"anio":2022}},{"type":"Feature","geometry":{"type":"Point","coordinates":[-4.41989,36.73129]},"properties":{"anio":2022}},{"type":"Feature","geometry":{"type":"Point","coordinates":[-4.42,36.72218]},"properties":{"anio":2022}},{"type":"Feature","geometry":{"type":"Point","coordinates":[-4.42246,36.7192]},"properties":{"anio":2022}},{"type":"Feature","geometry":{"type":"Point","coordinates":[-4.42863,36.71351]},"properties":{"anio":2022}},{"type":"Feature","geometry":{"type":"Point","coordinates":[-4.42374,36.72928]},"properties":{"anio":2022}},{"type":"Feature","geometry":{"type":"Point","coordinates":[-4.41372,36.73196]},"properties":{"anio":2022}},{"type":"Feature","geometry":{"type":"Point","coordinates":[-4.40344,36.721]},"properties":{"anio":2022}},{"type":"Feature","geometry":{"type":"Point","coordinates":[-4.41944,36.72377]},"properties":{"anio":2022}},{"type":"Feature","geometry":{"type":"Point","coordinates":[-4.42197,36.7225]},"properties":{"anio":2022}},{"type":"Feature","geometry":{"type":"Point","coordinates":[-4.41943,36.72534]},"properties":{"anio":2022}},{"type":"Feature","geometry":{"type":"Point","coordinates":[-4.41897,36.72272]},"properties":{"anio":2022}},{"type":"Feature","geometry":{"type":"Point","coordinates":[-4.42353,36.72357]},"properties":{"anio":2022}},{"type":"Feature","geometry":{"type":"Point","coordinates":[-4.42284,36.73059]},"properties":{"anio":2022}},{"type":"Feature","geometry":{"type":"Point","coordinates":[-4.4297,36.72783]},"properties":{"anio":2022}},{"type":"Feature","geometry":{"type":"Point","coordinates":[-4.42275,36.72]},"properties":{"anio":2022}},{"type":"Feature","geometry":{"type":"Point","coordinates":[-4.41125,36.71744]},"properties":{"anio":2022}},{"type":"Feature","geometry":{"type":"Point","coordinates":[-4.42181,36.7281]},"properties":{"anio":2022}},{"type":"Feature","geometry":{"type":"Point","coordinates":[-4.41806,36.72519]},"properties":{"anio":2022}},{"type":"Feature","geometry":{"type":"Point","coordinates":[-4.42403,36.7227]},"properties":{"anio":2022}},{"type":"Feature","geometry":{"type":"Point","coordinates":[-4.41582,36.72396]},"properties":{"anio":2022}},{"type":"Feature","geometry":{"type":"Point","coordinates":[-4.42477,36.72108]},"properties":{"anio":2022}},{"type":"Feature","geometry":{"type":"Point","coordinates":[-4.41478,36.72628]},"properties":{"anio":2022}},{"type":"Feature","geometry":{"type":"Point","coordinates":[-4.4139,36.72555]},"properties":{"anio":2022}},{"type":"Feature","geometry":{"type":"Point","coordinates":[-4.41201,36.72711]},"properties":{"anio":2022}},{"type":"Feature","geometry":{"type":"Point","coordinates":[-4.42024,36.72521]},"properties":{"anio":2022}},{"type":"Feature","geometry":{"type":"Point","coordinates":[-4.41971,36.72391]},"properties":{"anio":2022}},{"type":"Feature","geometry":{"type":"Point","coordinates":[-4.42094,36.72635]},"properties":{"anio":2022}},{"type":"Feature","geometry":{"type":"Point","coordinates":[-4.42044,36.72352]},"properties":{"anio":2022}},{"type":"Feature","geometry":{"type":"Point","coordinates":[-4.42104,36.72377]},"properties":{"anio":2022}},{"type":"Feature","geometry":{"type":"Point","coordinates":[-4.42372,36.73081]},"properties":{"anio":2022}},{"type":"Feature","geometry":{"type":"Point","coordinates":[-4.42403,36.71911]},"properties":{"anio":2022}},{"type":"Feature","geometry":{"type":"Point","coordinates":[-4.42403,36.71911]},"properties":{"anio":2022}},{"type":"Feature","geometry":{"type":"Point","coordinates":[-4.42403,36.71911]},"properties":{"anio":2022}},{"type":"Feature","geometry":{"type":"Point","coordinates":[-4.41632,36.72401]},"properties":{"anio":2022}},{"type":"Feature","geometry":{"type":"Point","coordinates":[-4.42392,36.72025]},"properties":{"anio":2022}},{"type":"Feature","geometry":{"type":"Point","coordinates":[-4.4174,36.72384]},"properties":{"anio":2022}},{"type":"Feature","geometry":{"type":"Point","coordinates":[-4.42403,36.71911]},"properties":{"anio":2022}},{"type":"Feature","geometry":{"type":"Point","coordinates":[-4.42403,36.71911]},"properties":{"anio":2022}},{"type":"Feature","geometry":{"type":"Point","coordinates":[-4.42902,36.72652]},"properties":{"anio":2022}},{"type":"Feature","geometry":{"type":"Point","coordinates":[-4.41155,36.72721]},"properties":{"anio":2022}},{"type":"Feature","geometry":{"type":"Point","coordinates":[-4.42332,36.72614]},"properties":{"anio":2022}},{"type":"Feature","geometry":{"type":"Point","coordinates":[-4.41184,36.72697]},"properties":{"anio":2022}},{"type":"Feature","geometry":{"type":"Point","coordinates":[-4.42937,36.71988]},"properties":{"anio":2022}},{"type":"Feature","geometry":{"type":"Point","coordinates":[-4.42327,36.71444]},"properties":{"anio":2022}},{"type":"Feature","geometry":{"type":"Point","coordinates":[-4.41641,36.72501]},"properties":{"anio":2022}},{"type":"Feature","geometry":{"type":"Point","coordinates":[-4.42499,36.71906]},"properties":{"anio":2022}},{"type":"Feature","geometry":{"type":"Point","coordinates":[-4.42363,36.72096]},"properties":{"anio":2022}},{"type":"Feature","geometry":{"type":"Point","coordinates":[-4.42538,36.72506]},"properties":{"anio":2022}},{"type":"Feature","geometry":{"type":"Point","coordinates":[-4.41446,36.7262]},"properties":{"anio":2022}},{"type":"Feature","geometry":{"type":"Point","coordinates":[-4.42133,36.7224]},"properties":{"anio":2022}},{"type":"Feature","geometry":{"type":"Point","coordinates":[-4.42955,36.72405]},"properties":{"anio":2022}},{"type":"Feature","geometry":{"type":"Point","coordinates":[-4.42685,36.72537]},"properties":{"anio":2022}},{"type":"Feature","geometry":{"type":"Point","coordinates":[-4.4188,36.72225]},"properties":{"anio":2022}},{"type":"Feature","geometry":{"type":"Point","coordinates":[-4.41262,36.72708]},"properties":{"anio":2022}},{"type":"Feature","geometry":{"type":"Point","coordinates":[-4.42047,36.72598]},"properties":{"anio":2022}},{"type":"Feature","geometry":{"type":"Point","coordinates":[-4.42197,36.7225]},"properties":{"anio":2022}},{"type":"Feature","geometry":{"type":"Point","coordinates":[-4.42458,36.71331]},"properties":{"anio":2022}},{"type":"Feature","geometry":{"type":"Point","coordinates":[-4.42344,36.71659]},"properties":{"anio":2022}},{"type":"Feature","geometry":{"type":"Point","coordinates":[-4.42458,36.71331]},"properties":{"anio":2022}},{"type":"Feature","geometry":{"type":"Point","coordinates":[-4.42458,36.71331]},"properties":{"anio":2022}},{"type":"Feature","geometry":{"type":"Point","coordinates":[-4.41434,36.72982]},"properties":{"anio":2022}},{"type":"Feature","geometry":{"type":"Point","coordinates":[-4.42863,36.71351]},"properties":{"anio":2022}},{"type":"Feature","geometry":{"type":"Point","coordinates":[-4.42355,36.72911]},"properties":{"anio":2022}},{"type":"Feature","geometry":{"type":"Point","coordinates":[-4.42254,36.72272]},"properties":{"anio":2022}},{"type":"Feature","geometry":{"type":"Point","coordinates":[-4.42109,36.72133]},"properties":{"anio":2022}},{"type":"Feature","geometry":{"type":"Point","coordinates":[-4.41178,36.71688]},"properties":{"anio":2022}},{"type":"Feature","geometry":{"type":"Point","coordinates":[-4.42759,36.72384]},"properties":{"anio":2022}},{"type":"Feature","geometry":{"type":"Point","coordinates":[-4.42003,36.72445]},"properties":{"anio":2022}},{"type":"Feature","geometry":{"type":"Point","coordinates":[-4.41573,36.72384]},"properties":{"anio":2022}},{"type":"Feature","geometry":{"type":"Point","coordinates":[-4.41937,36.72441]},"properties":{"anio":2022}},{"type":"Feature","geometry":{"type":"Point","coordinates":[-4.41178,36.71688]},"properties":{"anio":2022}},{"type":"Feature","geometry":{"type":"Point","coordinates":[-4.42004,36.72348]},"properties":{"anio":2022}},{"type":"Feature","geometry":{"type":"Point","coordinates":[-4.41937,36.72441]},"properties":{"anio":2022}},{"type":"Feature","geometry":{"type":"Point","coordinates":[-4.41937,36.72441]},"properties":{"anio":2022}},{"type":"Feature","geometry":{"type":"Point","coordinates":[-4.42278,36.71941]},"properties":{"anio":2022}},{"type":"Feature","geometry":{"type":"Point","coordinates":[-4.42109,36.72133]},"properties":{"anio":2022}},{"type":"Feature","geometry":{"type":"Point","coordinates":[-4.41943,36.72534]},"properties":{"anio":2022}},{"type":"Feature","geometry":{"type":"Point","coordinates":[-4.42863,36.71351]},"properties":{"anio":2022}},{"type":"Feature","geometry":{"type":"Point","coordinates":[-4.42353,36.72357]},"properties":{"anio":2022}},{"type":"Feature","geometry":{"type":"Point","coordinates":[-4.42236,36.72445]},"properties":{"anio":2022}},{"type":"Feature","geometry":{"type":"Point","coordinates":[-4.42937,36.71988]},"properties":{"anio":2022}},{"type":"Feature","geometry":{"type":"Point","coordinates":[-4.42515,36.72188]},"properties":{"anio":2022}},{"type":"Feature","geometry":{"type":"Point","coordinates":[-4.42515,36.72188]},"properties":{"anio":2022}},{"type":"Feature","geometry":{"type":"Point","coordinates":[-4.41618,36.73601]},"properties":{"anio":2022}},{"type":"Feature","geometry":{"type":"Point","coordinates":[-4.41965,36.72635]},"properties":{"anio":2022}},{"type":"Feature","geometry":{"type":"Point","coordinates":[-4.4274,36.72515]},"properties":{"anio":2022}},{"type":"Feature","geometry":{"type":"Point","coordinates":[-4.42212,36.71925]},"properties":{"anio":2022}},{"type":"Feature","geometry":{"type":"Point","coordinates":[-4.41178,36.71688]},"properties":{"anio":2022}},{"type":"Feature","geometry":{"type":"Point","coordinates":[-4.42883,36.71921]},"properties":{"anio":2022}},{"type":"Feature","geometry":{"type":"Point","coordinates":[-4.41858,36.72012]},"properties":{"anio":2022}},{"type":"Feature","geometry":{"type":"Point","coordinates":[-4.41806,36.72374]},"properties":{"anio":2022}},{"type":"Feature","geometry":{"type":"Point","coordinates":[-4.42181,36.72452]},"properties":{"anio":2022}},{"type":"Feature","geometry":{"type":"Point","coordinates":[-4.42489,36.71945]},"properties":{"anio":2022}},{"type":"Feature","geometry":{"type":"Point","coordinates":[-4.41195,36.71899]},"properties":{"anio":2022}},{"type":"Feature","geometry":{"type":"Point","coordinates":[-4.41663,36.73369]},"properties":{"anio":2022}},{"type":"Feature","geometry":{"type":"Point","coordinates":[-4.41178,36.71688]},"properties":{"anio":2022}},{"type":"Feature","geometry":{"type":"Point","coordinates":[-4.42496,36.71659]},"properties":{"anio":2022}},{"type":"Feature","geometry":{"type":"Point","coordinates":[-4.41943,36.72209]},"properties":{"anio":2022}},{"type":"Feature","geometry":{"type":"Point","coordinates":[-4.43216,36.72377]},"properties":{"anio":2022}},{"type":"Feature","geometry":{"type":"Point","coordinates":[-4.4267,36.72309]},"properties":{"anio":2022}},{"type":"Feature","geometry":{"type":"Point","coordinates":[-4.42101,36.73401]},"properties":{"anio":2022}},{"type":"Feature","geometry":{"type":"Point","coordinates":[-4.40768,36.72227]},"properties":{"anio":2022}},{"type":"Feature","geometry":{"type":"Point","coordinates":[-4.42184,36.72299]},"properties":{"anio":2022}},{"type":"Feature","geometry":{"type":"Point","coordinates":[-4.42163,36.72837]},"properties":{"anio":2022}},{"type":"Feature","geometry":{"type":"Point","coordinates":[-4.42532,36.72888]},"properties":{"anio":2022}},{"type":"Feature","geometry":{"type":"Point","coordinates":[-4.42181,36.7281]},"properties":{"anio":2022}},{"type":"Feature","geometry":{"type":"Point","coordinates":[-4.4187,36.73111]},"properties":{"anio":2022}},{"type":"Feature","geometry":{"type":"Point","coordinates":[-4.42488,36.73014]},"properties":{"anio":2022}},{"type":"Feature","geometry":{"type":"Point","coordinates":[-4.42086,36.73167]},"properties":{"anio":2022}},{"type":"Feature","geometry":{"type":"Point","coordinates":[-4.42535,36.71274]},"properties":{"anio":2022}},{"type":"Feature","geometry":{"type":"Point","coordinates":[-4.42207,36.72425]},"properties":{"anio":2022}},{"type":"Feature","geometry":{"type":"Point","coordinates":[-4.42359,36.7253]},"properties":{"anio":2022}},{"type":"Feature","geometry":{"type":"Point","coordinates":[-4.42989,36.71194]},"properties":{"anio":2022}},{"type":"Feature","geometry":{"type":"Point","coordinates":[-4.42883,36.71101]},"properties":{"anio":2022}},{"type":"Feature","geometry":{"type":"Point","coordinates":[-4.40842,36.71927]},"properties":{"anio":2022}},{"type":"Feature","geometry":{"type":"Point","coordinates":[-4.43082,36.72372]},"properties":{"anio":2022}},{"type":"Feature","geometry":{"type":"Point","coordinates":[-4.42347,36.71965]},"properties":{"anio":2022}},{"type":"Feature","geometry":{"type":"Point","coordinates":[-4.43001,36.72273]},"properties":{"anio":2022}},{"type":"Feature","geometry":{"type":"Point","coordinates":[-4.41532,36.73461]},"properties":{"anio":2022}},{"type":"Feature","geometry":{"type":"Point","coordinates":[-4.4251,36.72335]},"properties":{"anio":2022}},{"type":"Feature","geometry":{"type":"Point","coordinates":[-4.42309,36.72185]},"properties":{"anio":2022}},{"type":"Feature","geometry":{"type":"Point","coordinates":[-4.42034,36.72649]},"properties":{"anio":2022}},{"type":"Feature","geometry":{"type":"Point","coordinates":[-4.42034,36.72649]},"properties":{"anio":2022}},{"type":"Feature","geometry":{"type":"Point","coordinates":[-4.41562,36.73422]},"properties":{"anio":2022}},{"type":"Feature","geometry":{"type":"Point","coordinates":[-4.42404,36.71442]},"properties":{"anio":2022}},{"type":"Feature","geometry":{"type":"Point","coordinates":[-4.42122,36.72974]},"properties":{"anio":2022}},{"type":"Feature","geometry":{"type":"Point","coordinates":[-4.41985,36.72297]},"properties":{"anio":2022}},{"type":"Feature","geometry":{"type":"Point","coordinates":[-4.41125,36.72738]},"properties":{"anio":2022}},{"type":"Feature","geometry":{"type":"Point","coordinates":[-4.40696,36.72026]},"properties":{"anio":2022}},{"type":"Feature","geometry":{"type":"Point","coordinates":[-4.42415,36.72461]},"properties":{"anio":2022}},{"type":"Feature","geometry":{"type":"Point","coordinates":[-4.42035,36.72621]},"properties":{"anio":2022}},{"type":"Feature","geometry":{"type":"Point","coordinates":[-4.42108,36.72538]},"properties":{"anio":2022}},{"type":"Feature","geometry":{"type":"Point","coordinates":[-4.42888,36.72641]},"properties":{"anio":2022}},{"type":"Feature","geometry":{"type":"Point","coordinates":[-4.4265,36.71248]},"properties":{"anio":2022}},{"type":"Feature","geometry":{"type":"Point","coordinates":[-4.42396,36.72073]},"properties":{"anio":2022}},{"type":"Feature","geometry":{"type":"Point","coordinates":[-4.41387,36.72868]},"properties":{"anio":2022}},{"type":"Feature","geometry":{"type":"Point","coordinates":[-4.42398,36.71493]},"properties":{"anio":2022}},{"type":"Feature","geometry":{"type":"Point","coordinates":[-4.41966,36.72274]},"properties":{"anio":2022}},{"type":"Feature","geometry":{"type":"Point","coordinates":[-4.42099,36.72208]},"properties":{"anio":2022}},{"type":"Feature","geometry":{"type":"Point","coordinates":[-4.42321,36.72761]},"properties":{"anio":2022}},{"type":"Feature","geometry":{"type":"Point","coordinates":[-4.41982,36.72583]},"properties":{"anio":2022}},{"type":"Feature","geometry":{"type":"Point","coordinates":[-4.41966,36.72274]},"properties":{"anio":2022}},{"type":"Feature","geometry":{"type":"Point","coordinates":[-4.42236,36.72325]},"properties":{"anio":2022}},{"type":"Feature","geometry":{"type":"Point","coordinates":[-4.40853,36.71932]},"properties":{"anio":2022}},{"type":"Feature","geometry":{"type":"Point","coordinates":[-4.43017,36.72416]},"properties":{"anio":2022}},{"type":"Feature","geometry":{"type":"Point","coordinates":[-4.4251,36.72306]},"properties":{"anio":2022}},{"type":"Feature","geometry":{"type":"Point","coordinates":[-4.41985,36.72297]},"properties":{"anio":2022}},{"type":"Feature","geometry":{"type":"Point","coordinates":[-4.42159,36.72186]},"properties":{"anio":2022}},{"type":"Feature","geometry":{"type":"Point","coordinates":[-4.42049,36.72481]},"properties":{"anio":2022}},{"type":"Feature","geometry":{"type":"Point","coordinates":[-4.4098,36.72797]},"properties":{"anio":2022}},{"type":"Feature","geometry":{"type":"Point","coordinates":[-4.41947,36.7245]},"properties":{"anio":2022}},{"type":"Feature","geometry":{"type":"Point","coordinates":[-4.41922,36.72588]},"properties":{"anio":2022}},{"type":"Feature","geometry":{"type":"Point","coordinates":[-4.42274,36.72271]},"properties":{"anio":2022}},{"type":"Feature","geometry":{"type":"Point","coordinates":[-4.42312,36.72379]},"properties":{"anio":2022}},{"type":"Feature","geometry":{"type":"Point","coordinates":[-4.42709,36.71318]},"properties":{"anio":2022}},{"type":"Feature","geometry":{"type":"Point","coordinates":[-4.4089,36.72856]},"properties":{"anio":2022}},{"type":"Feature","geometry":{"type":"Point","coordinates":[-4.41729,36.72258]},"properties":{"anio":2022}},{"type":"Feature","geometry":{"type":"Point","coordinates":[-4.42879,36.71437]},"properties":{"anio":2022}},{"type":"Feature","geometry":{"type":"Point","coordinates":[-4.42879,36.71437]},"properties":{"anio":2022}},{"type":"Feature","geometry":{"type":"Point","coordinates":[-4.42058,36.72363]},"properties":{"anio":2022}},{"type":"Feature","geometry":{"type":"Point","coordinates":[-4.42868,36.71977]},"properties":{"anio":2022}},{"type":"Feature","geometry":{"type":"Point","coordinates":[-4.42418,36.72845]},"properties":{"anio":2022}},{"type":"Feature","geometry":{"type":"Point","coordinates":[-4.42729,36.72218]},"properties":{"anio":2022}},{"type":"Feature","geometry":{"type":"Point","coordinates":[-4.42899,36.72085]},"properties":{"anio":2022}},{"type":"Feature","geometry":{"type":"Point","coordinates":[-4.41483,36.72467]},"properties":{"anio":2022}},{"type":"Feature","geometry":{"type":"Point","coordinates":[-4.42373,36.7181]},"properties":{"anio":2022}},{"type":"Feature","geometry":{"type":"Point","coordinates":[-4.40805,36.71976]},"properties":{"anio":2022}},{"type":"Feature","geometry":{"type":"Point","coordinates":[-4.42352,36.72409]},"properties":{"anio":2022}},{"type":"Feature","geometry":{"type":"Point","coordinates":[-4.41825,36.72574]},"properties":{"anio":2022}},{"type":"Feature","geometry":{"type":"Point","coordinates":[-4.42475,36.71813]},"properties":{"anio":2022}},{"type":"Feature","geometry":{"type":"Point","coordinates":[-4.41125,36.71744]},"properties":{"anio":2022}},{"type":"Feature","geometry":{"type":"Point","coordinates":[-4.4122,36.72607]},"properties":{"anio":2022}},{"type":"Feature","geometry":{"type":"Point","coordinates":[-4.42283,36.7247]},"properties":{"anio":2022}},{"type":"Feature","geometry":{"type":"Point","coordinates":[-4.42283,36.7247]},"properties":{"anio":2022}},{"type":"Feature","geometry":{"type":"Point","coordinates":[-4.41695,36.72483]},"properties":{"anio":2022}},{"type":"Feature","geometry":{"type":"Point","coordinates":[-4.41695,36.72483]},"properties":{"anio":2022}},{"type":"Feature","geometry":{"type":"Point","coordinates":[-4.4253,36.72572]},"properties":{"anio":2022}},{"type":"Feature","geometry":{"type":"Point","coordinates":[-4.42555,36.72777]},"properties":{"anio":2022}},{"type":"Feature","geometry":{"type":"Point","coordinates":[-4.42623,36.72303]},"properties":{"anio":2022}},{"type":"Feature","geometry":{"type":"Point","coordinates":[-4.42515,36.72188]},"properties":{"anio":2022}},{"type":"Feature","geometry":{"type":"Point","coordinates":[-4.42675,36.72218]},"properties":{"anio":2022}},{"type":"Feature","geometry":{"type":"Point","coordinates":[-4.41339,36.72773]},"properties":{"anio":2022}},{"type":"Feature","geometry":{"type":"Point","coordinates":[-4.41851,36.72337]},"properties":{"anio":2022}},{"type":"Feature","geometry":{"type":"Point","coordinates":[-4.42431,36.72503]},"properties":{"anio":2022}},{"type":"Feature","geometry":{"type":"Point","coordinates":[-4.41101,36.72629]},"properties":{"anio":2022}},{"type":"Feature","geometry":{"type":"Point","coordinates":[-4.4314,36.72249]},"properties":{"anio":2022}},{"type":"Feature","geometry":{"type":"Point","coordinates":[-4.42284,36.72638]},"properties":{"anio":2022}},{"type":"Feature","geometry":{"type":"Point","coordinates":[-4.41852,36.72042]},"properties":{"anio":2022}},{"type":"Feature","geometry":{"type":"Point","coordinates":[-4.41852,36.72042]},"properties":{"anio":2022}},{"type":"Feature","geometry":{"type":"Point","coordinates":[-4.41852,36.72042]},"properties":{"anio":2022}},{"type":"Feature","geometry":{"type":"Point","coordinates":[-4.41852,36.72042]},"properties":{"anio":2022}},{"type":"Feature","geometry":{"type":"Point","coordinates":[-4.41125,36.71744]},"properties":{"anio":2022}},{"type":"Feature","geometry":{"type":"Point","coordinates":[-4.41421,36.73074]},"properties":{"anio":2022}},{"type":"Feature","geometry":{"type":"Point","coordinates":[-4.42695,36.71194]},"properties":{"anio":2022}},{"type":"Feature","geometry":{"type":"Point","coordinates":[-4.42202,36.72794]},"properties":{"anio":2022}},{"type":"Feature","geometry":{"type":"Point","coordinates":[-4.42181,36.72323]},"properties":{"anio":2022}},{"type":"Feature","geometry":{"type":"Point","coordinates":[-4.42093,36.72052]},"properties":{"anio":2022}},{"type":"Feature","geometry":{"type":"Point","coordinates":[-4.41437,36.72944]},"properties":{"anio":2022}},{"type":"Feature","geometry":{"type":"Point","coordinates":[-4.42357,36.72113]},"properties":{"anio":2022}},{"type":"Feature","geometry":{"type":"Point","coordinates":[-4.41344,36.73647]},"properties":{"anio":2022}},{"type":"Feature","geometry":{"type":"Point","coordinates":[-4.41444,36.72593]},"properties":{"anio":2022}},{"type":"Feature","geometry":{"type":"Point","coordinates":[-4.41718,36.72441]},"properties":{"anio":2022}},{"type":"Feature","geometry":{"type":"Point","coordinates":[-4.42103,36.72144]},"properties":{"anio":2022}},{"type":"Feature","geometry":{"type":"Point","coordinates":[-4.42944,36.71923]},"properties":{"anio":2022}},{"type":"Feature","geometry":{"type":"Point","coordinates":[-4.41989,36.72549]},"properties":{"anio":2022}},{"type":"Feature","geometry":{"type":"Point","coordinates":[-4.42617,36.72179]},"properties":{"anio":2022}},{"type":"Feature","geometry":{"type":"Point","coordinates":[-4.42035,36.72621]},"properties":{"anio":2022}},{"type":"Feature","geometry":{"type":"Point","coordinates":[-4.42035,36.72621]},"properties":{"anio":2022}},{"type":"Feature","geometry":{"type":"Point","coordinates":[-4.42474,36.72856]},"properties":{"anio":2022}},{"type":"Feature","geometry":{"type":"Point","coordinates":[-4.41857,36.71996]},"properties":{"anio":2022}},{"type":"Feature","geometry":{"type":"Point","coordinates":[-4.42812,36.71218]},"properties":{"anio":2022}},{"type":"Feature","geometry":{"type":"Point","coordinates":[-4.42406,36.72397]},"properties":{"anio":2022}},{"type":"Feature","geometry":{"type":"Point","coordinates":[-4.42914,36.72677]},"properties":{"anio":2022}},{"type":"Feature","geometry":{"type":"Point","coordinates":[-4.41644,36.7311]},"properties":{"anio":2022}},{"type":"Feature","geometry":{"type":"Point","coordinates":[-4.41488,36.73157]},"properties":{"anio":2022}},{"type":"Feature","geometry":{"type":"Point","coordinates":[-4.4197,36.72919]},"properties":{"anio":2022}},{"type":"Feature","geometry":{"type":"Point","coordinates":[-4.4197,36.72919]},"properties":{"anio":2022}},{"type":"Feature","geometry":{"type":"Point","coordinates":[-4.41908,36.72559]},"properties":{"anio":2022}},{"type":"Feature","geometry":{"type":"Point","coordinates":[-4.42149,36.72663]},"properties":{"anio":2022}},{"type":"Feature","geometry":{"type":"Point","coordinates":[-4.42104,36.72377]},"properties":{"anio":2022}},{"type":"Feature","geometry":{"type":"Point","coordinates":[-4.42399,36.72916]},"properties":{"anio":2022}},{"type":"Feature","geometry":{"type":"Point","coordinates":[-4.42439,36.72059]},"properties":{"anio":2022}},{"type":"Feature","geometry":{"type":"Point","coordinates":[-4.41833,36.73196]},"properties":{"anio":2022}},{"type":"Feature","geometry":{"type":"Point","coordinates":[-4.42378,36.72175]},"properties":{"anio":2022}},{"type":"Feature","geometry":{"type":"Point","coordinates":[-4.41472,36.72501]},"properties":{"anio":2022}},{"type":"Feature","geometry":{"type":"Point","coordinates":[-4.41164,36.71762]},"properties":{"anio":2022}},{"type":"Feature","geometry":{"type":"Point","coordinates":[-4.4249,36.72942]},"properties":{"anio":2022}},{"type":"Feature","geometry":{"type":"Point","coordinates":[-4.4267,36.72309]},"properties":{"anio":2022}},{"type":"Feature","geometry":{"type":"Point","coordinates":[-4.4224,36.72366]},"properties":{"anio":2022}},{"type":"Feature","geometry":{"type":"Point","coordinates":[-4.42439,36.71343]},"properties":{"anio":2022}},{"type":"Feature","geometry":{"type":"Point","coordinates":[-4.42519,36.71896]},"properties":{"anio":2022}},{"type":"Feature","geometry":{"type":"Point","coordinates":[-4.42489,36.71421]},"properties":{"anio":2022}},{"type":"Feature","geometry":{"type":"Point","coordinates":[-4.41921,36.72462]},"properties":{"anio":2022}},{"type":"Feature","geometry":{"type":"Point","coordinates":[-4.41806,36.72519]},"properties":{"anio":2022}},{"type":"Feature","geometry":{"type":"Point","coordinates":[-4.42729,36.72218]},"properties":{"anio":2022}},{"type":"Feature","geometry":{"type":"Point","coordinates":[-4.41636,36.72465]},"properties":{"anio":2022}},{"type":"Feature","geometry":{"type":"Point","coordinates":[-4.42185,36.72281]},"properties":{"anio":2022}},{"type":"Feature","geometry":{"type":"Point","coordinates":[-4.41301,36.72661]},"properties":{"anio":2022}},{"type":"Feature","geometry":{"type":"Point","coordinates":[-4.41315,36.72825]},"properties":{"anio":2022}},{"type":"Feature","geometry":{"type":"Point","coordinates":[-4.41555,36.72869]},"properties":{"anio":2022}},{"type":"Feature","geometry":{"type":"Point","coordinates":[-4.42224,36.7238]},"properties":{"anio":2022}},{"type":"Feature","geometry":{"type":"Point","coordinates":[-4.4121,36.72689]},"properties":{"anio":2022}},{"type":"Feature","geometry":{"type":"Point","coordinates":[-4.42695,36.71194]},"properties":{"anio":2022}},{"type":"Feature","geometry":{"type":"Point","coordinates":[-4.43007,36.72336]},"properties":{"anio":2022}},{"type":"Feature","geometry":{"type":"Point","coordinates":[-4.42484,36.72366]},"properties":{"anio":2022}},{"type":"Feature","geometry":{"type":"Point","coordinates":[-4.40849,36.72772]},"properties":{"anio":2022}},{"type":"Feature","geometry":{"type":"Point","coordinates":[-4.41467,36.72482]},"properties":{"anio":2022}},{"type":"Feature","geometry":{"type":"Point","coordinates":[-4.41357,36.73086]},"properties":{"anio":2022}},{"type":"Feature","geometry":{"type":"Point","coordinates":[-4.42185,36.73324]},"properties":{"anio":2022}},{"type":"Feature","geometry":{"type":"Point","coordinates":[-4.40993,36.72784]},"properties":{"anio":2022}},{"type":"Feature","geometry":{"type":"Point","coordinates":[-4.41713,36.72518]},"properties":{"anio":2022}},{"type":"Feature","geometry":{"type":"Point","coordinates":[-4.42709,36.71941]},"properties":{"anio":2022}},{"type":"Feature","geometry":{"type":"Point","coordinates":[-4.42149,36.72663]},"properties":{"anio":2022}},{"type":"Feature","geometry":{"type":"Point","coordinates":[-4.42035,36.72621]},"properties":{"anio":2022}},{"type":"Feature","geometry":{"type":"Point","coordinates":[-4.42439,36.71343]},"properties":{"anio":2022}},{"type":"Feature","geometry":{"type":"Point","coordinates":[-4.42444,36.71928]},"properties":{"anio":2022}},{"type":"Feature","geometry":{"type":"Point","coordinates":[-4.41845,36.72424]},"properties":{"anio":2022}},{"type":"Feature","geometry":{"type":"Point","coordinates":[-4.4237,36.72006]},"properties":{"anio":2022}},{"type":"Feature","geometry":{"type":"Point","coordinates":[-4.41676,36.73274]},"properties":{"anio":2022}},{"type":"Feature","geometry":{"type":"Point","coordinates":[-4.4212,36.73176]},"properties":{"anio":2022}},{"type":"Feature","geometry":{"type":"Point","coordinates":[-4.42197,36.7225]},"properties":{"anio":2022}},{"type":"Feature","geometry":{"type":"Point","coordinates":[-4.42093,36.72052]},"properties":{"anio":2022}},{"type":"Feature","geometry":{"type":"Point","coordinates":[-4.42229,36.72178]},"properties":{"anio":2022}},{"type":"Feature","geometry":{"type":"Point","coordinates":[-4.40739,36.72128]},"properties":{"anio":2022}},{"type":"Feature","geometry":{"type":"Point","coordinates":[-4.42108,36.72538]},"properties":{"anio":2022}},{"type":"Feature","geometry":{"type":"Point","coordinates":[-4.4138,36.734]},"properties":{"anio":2022}},{"type":"Feature","geometry":{"type":"Point","coordinates":[-4.41476,36.73335]},"properties":{"anio":2022}},{"type":"Feature","geometry":{"type":"Point","coordinates":[-4.42399,36.72916]},"properties":{"anio":2022}},{"type":"Feature","geometry":{"type":"Point","coordinates":[-4.42439,36.71343]},"properties":{"anio":2022}},{"type":"Feature","geometry":{"type":"Point","coordinates":[-4.42623,36.72303]},"properties":{"anio":2022}},{"type":"Feature","geometry":{"type":"Point","coordinates":[-4.42352,36.72793]},"properties":{"anio":2022}},{"type":"Feature","geometry":{"type":"Point","coordinates":[-4.42035,36.72621]},"properties":{"anio":2022}},{"type":"Feature","geometry":{"type":"Point","coordinates":[-4.42366,36.71909]},"properties":{"anio":2022}},{"type":"Feature","geometry":{"type":"Point","coordinates":[-4.42352,36.72793]},"properties":{"anio":2022}},{"type":"Feature","geometry":{"type":"Point","coordinates":[-4.40664,36.7207]},"properties":{"anio":2022}},{"type":"Feature","geometry":{"type":"Point","coordinates":[-4.42439,36.71343]},"properties":{"anio":2022}},{"type":"Feature","geometry":{"type":"Point","coordinates":[-4.42383,36.7263]},"properties":{"anio":2022}},{"type":"Feature","geometry":{"type":"Point","coordinates":[-4.41609,36.7247]},"properties":{"anio":2022}},{"type":"Feature","geometry":{"type":"Point","coordinates":[-4.41662,36.72469]},"properties":{"anio":2022}},{"type":"Feature","geometry":{"type":"Point","coordinates":[-4.42331,36.71941]},"properties":{"anio":2022}},{"type":"Feature","geometry":{"type":"Point","coordinates":[-4.42383,36.7263]},"properties":{"anio":2022}},{"type":"Feature","geometry":{"type":"Point","coordinates":[-4.4143,36.72612]},"properties":{"anio":2022}},{"type":"Feature","geometry":{"type":"Point","coordinates":[-4.41576,36.72584]},"properties":{"anio":2022}},{"type":"Feature","geometry":{"type":"Point","coordinates":[-4.41801,36.724]},"properties":{"anio":2022}},{"type":"Feature","geometry":{"type":"Point","coordinates":[-4.41982,36.72583]},"properties":{"anio":2022}},{"type":"Feature","geometry":{"type":"Point","coordinates":[-4.41419,36.7278]},"properties":{"anio":2022}},{"type":"Feature","geometry":{"type":"Point","coordinates":[-4.42178,36.72625]},"properties":{"anio":2022}},{"type":"Feature","geometry":{"type":"Point","coordinates":[-4.42035,36.72621]},"properties":{"anio":2022}},{"type":"Feature","geometry":{"type":"Point","coordinates":[-4.41178,36.71688]},"properties":{"anio":2022}},{"type":"Feature","geometry":{"type":"Point","coordinates":[-4.42052,36.7262]},"properties":{"anio":2022}},{"type":"Feature","geometry":{"type":"Point","coordinates":[-4.41167,36.71919]},"properties":{"anio":2022}},{"type":"Feature","geometry":{"type":"Point","coordinates":[-4.41553,36.7236]},"properties":{"anio":2022}},{"type":"Feature","geometry":{"type":"Point","coordinates":[-4.41553,36.7236]},"properties":{"anio":2022}},{"type":"Feature","geometry":{"type":"Point","coordinates":[-4.41553,36.7236]},"properties":{"anio":2022}},{"type":"Feature","geometry":{"type":"Point","coordinates":[-4.42202,36.72794]},"properties":{"anio":2022}},{"type":"Feature","geometry":{"type":"Point","coordinates":[-4.42061,36.72265]},"properties":{"anio":2022}},{"type":"Feature","geometry":{"type":"Point","coordinates":[-4.43063,36.72521]},"properties":{"anio":2022}},{"type":"Feature","geometry":{"type":"Point","coordinates":[-4.43063,36.72521]},"properties":{"anio":2022}},{"type":"Feature","geometry":{"type":"Point","coordinates":[-4.42508,36.72903]},"properties":{"anio":2022}},{"type":"Feature","geometry":{"type":"Point","coordinates":[-4.42143,36.72175]},"properties":{"anio":2022}},{"type":"Feature","geometry":{"type":"Point","coordinates":[-4.42844,36.71186]},"properties":{"anio":2022}},{"type":"Feature","geometry":{"type":"Point","coordinates":[-4.4178,36.7326]},"properties":{"anio":2022}},{"type":"Feature","geometry":{"type":"Point","coordinates":[-4.4178,36.7326]},"properties":{"anio":2022}},{"type":"Feature","geometry":{"type":"Point","coordinates":[-4.41804,36.72511]},"properties":{"anio":2022}},{"type":"Feature","geometry":{"type":"Point","coordinates":[-4.42458,36.71331]},"properties":{"anio":2022}},{"type":"Feature","geometry":{"type":"Point","coordinates":[-4.41829,36.72341]},"properties":{"anio":2022}},{"type":"Feature","geometry":{"type":"Point","coordinates":[-4.42873,36.7243]},"properties":{"anio":2022}},{"type":"Feature","geometry":{"type":"Point","coordinates":[-4.41387,36.72868]},"properties":{"anio":2022}},{"type":"Feature","geometry":{"type":"Point","coordinates":[-4.42399,36.72916]},"properties":{"anio":2022}},{"type":"Feature","geometry":{"type":"Point","coordinates":[-4.41573,36.72384]},"properties":{"anio":2022}},{"type":"Feature","geometry":{"type":"Point","coordinates":[-4.40401,36.7206]},"properties":{"anio":2022}},{"type":"Feature","geometry":{"type":"Point","coordinates":[-4.42363,36.72063]},"properties":{"anio":2022}},{"type":"Feature","geometry":{"type":"Point","coordinates":[-4.41125,36.71744]},"properties":{"anio":2022}},{"type":"Feature","geometry":{"type":"Point","coordinates":[-4.41125,36.71744]},"properties":{"anio":2022}},{"type":"Feature","geometry":{"type":"Point","coordinates":[-4.41125,36.71744]},"properties":{"anio":2022}},{"type":"Feature","geometry":{"type":"Point","coordinates":[-4.4224,36.72117]},"properties":{"anio":2022}},{"type":"Feature","geometry":{"type":"Point","coordinates":[-4.41382,36.72563]},"properties":{"anio":2022}},{"type":"Feature","geometry":{"type":"Point","coordinates":[-4.42538,36.72506]},"properties":{"anio":2022}},{"type":"Feature","geometry":{"type":"Point","coordinates":[-4.42007,36.72648]},"properties":{"anio":2022}},{"type":"Feature","geometry":{"type":"Point","coordinates":[-4.42396,36.72073]},"properties":{"anio":2022}},{"type":"Feature","geometry":{"type":"Point","coordinates":[-4.4225,36.72419]},"properties":{"anio":2022}},{"type":"Feature","geometry":{"type":"Point","coordinates":[-4.4238,36.72219]},"properties":{"anio":2022}},{"type":"Feature","geometry":{"type":"Point","coordinates":[-4.4238,36.72219]},"properties":{"anio":2022}},{"type":"Feature","geometry":{"type":"Point","coordinates":[-4.42467,36.72314]},"properties":{"anio":2022}},{"type":"Feature","geometry":{"type":"Point","coordinates":[-4.40853,36.71932]},"properties":{"anio":2022}},{"type":"Feature","geometry":{"type":"Point","coordinates":[-4.42844,36.71186]},"properties":{"anio":2022}},{"type":"Feature","geometry":{"type":"Point","coordinates":[-4.41525,36.72471]},"properties":{"anio":2022}},{"type":"Feature","geometry":{"type":"Point","coordinates":[-4.42363,36.71466]},"properties":{"anio":2022}},{"type":"Feature","geometry":{"type":"Point","coordinates":[-4.42725,36.7241]},"properties":{"anio":2022}},{"type":"Feature","geometry":{"type":"Point","coordinates":[-4.42843,36.72094]},"properties":{"anio":2022}},{"type":"Feature","geometry":{"type":"Point","coordinates":[-4.42914,36.72677]},"properties":{"anio":2022}},{"type":"Feature","geometry":{"type":"Point","coordinates":[-4.42382,36.71562]},"properties":{"anio":2022}},{"type":"Feature","geometry":{"type":"Point","coordinates":[-4.42847,36.72336]},"properties":{"anio":2022}},{"type":"Feature","geometry":{"type":"Point","coordinates":[-4.41894,36.73276]},"properties":{"anio":2022}},{"type":"Feature","geometry":{"type":"Point","coordinates":[-4.42517,36.72229]},"properties":{"anio":2022}},{"type":"Feature","geometry":{"type":"Point","coordinates":[-4.41437,36.72944]},"properties":{"anio":2022}},{"type":"Feature","geometry":{"type":"Point","coordinates":[-4.42048,36.7213]},"properties":{"anio":2022}},{"type":"Feature","geometry":{"type":"Point","coordinates":[-4.41615,36.72562]},"properties":{"anio":2022}},{"type":"Feature","geometry":{"type":"Point","coordinates":[-4.4247,36.72293]},"properties":{"anio":2022}},{"type":"Feature","geometry":{"type":"Point","coordinates":[-4.42527,36.72376]},"properties":{"anio":2022}},{"type":"Feature","geometry":{"type":"Point","coordinates":[-4.40627,36.72031]},"properties":{"anio":2022}},{"type":"Feature","geometry":{"type":"Point","coordinates":[-4.42862,36.71104]},"properties":{"anio":2022}},{"type":"Feature","geometry":{"type":"Point","coordinates":[-4.41957,36.732]},"properties":{"anio":2022}},{"type":"Feature","geometry":{"type":"Point","coordinates":[-4.42532,36.71602]},"properties":{"anio":2022}},{"type":"Feature","geometry":{"type":"Point","coordinates":[-4.4188,36.72518]},"properties":{"anio":2022}},{"type":"Feature","geometry":{"type":"Point","coordinates":[-4.40933,36.7191]},"properties":{"anio":2022}},{"type":"Feature","geometry":{"type":"Point","coordinates":[-4.42035,36.72621]},"properties":{"anio":2022}},{"type":"Feature","geometry":{"type":"Point","coordinates":[-4.42862,36.71104]},"properties":{"anio":2022}},{"type":"Feature","geometry":{"type":"Point","coordinates":[-4.43016,36.72048]},"properties":{"anio":2022}},{"type":"Feature","geometry":{"type":"Point","coordinates":[-4.42444,36.71928]},"properties":{"anio":2022}},{"type":"Feature","geometry":{"type":"Point","coordinates":[-4.42444,36.71928]},"properties":{"anio":2022}},{"type":"Feature","geometry":{"type":"Point","coordinates":[-4.42352,36.71987]},"properties":{"anio":2022}},{"type":"Feature","geometry":{"type":"Point","coordinates":[-4.41359,36.72711]},"properties":{"anio":2022}},{"type":"Feature","geometry":{"type":"Point","coordinates":[-4.41553,36.73082]},"properties":{"anio":2022}},{"type":"Feature","geometry":{"type":"Point","coordinates":[-4.41838,36.73249]},"properties":{"anio":2022}},{"type":"Feature","geometry":{"type":"Point","coordinates":[-4.41229,36.72735]},"properties":{"anio":2022}},{"type":"Feature","geometry":{"type":"Point","coordinates":[-4.41838,36.73249]},"properties":{"anio":2022}},{"type":"Feature","geometry":{"type":"Point","coordinates":[-4.41957,36.732]},"properties":{"anio":2022}},{"type":"Feature","geometry":{"type":"Point","coordinates":[-4.42868,36.72494]},"properties":{"anio":2022}},{"type":"Feature","geometry":{"type":"Point","coordinates":[-4.42045,36.72444]},"properties":{"anio":2022}},{"type":"Feature","geometry":{"type":"Point","coordinates":[-4.42004,36.72348]},"properties":{"anio":2022}},{"type":"Feature","geometry":{"type":"Point","coordinates":[-4.40905,36.72819]},"properties":{"anio":2022}},{"type":"Feature","geometry":{"type":"Point","coordinates":[-4.41662,36.72469]},"properties":{"anio":2022}},{"type":"Feature","geometry":{"type":"Point","coordinates":[-4.42374,36.72928]},"properties":{"anio":2022}},{"type":"Feature","geometry":{"type":"Point","coordinates":[-4.41818,36.7198]},"properties":{"anio":2022}},{"type":"Feature","geometry":{"type":"Point","coordinates":[-4.41858,36.72012]},"properties":{"anio":2022}},{"type":"Feature","geometry":{"type":"Point","coordinates":[-4.42254,36.72365]},"properties":{"anio":2022}},{"type":"Feature","geometry":{"type":"Point","coordinates":[-4.42354,36.71998]},"properties":{"anio":2022}},{"type":"Feature","geometry":{"type":"Point","coordinates":[-4.41504,36.72629]},"properties":{"anio":2022}},{"type":"Feature","geometry":{"type":"Point","coordinates":[-4.42862,36.71104]},"properties":{"anio":2022}},{"type":"Feature","geometry":{"type":"Point","coordinates":[-4.41135,36.71702]},"properties":{"anio":2022}},{"type":"Feature","geometry":{"type":"Point","coordinates":[-4.42019,36.729]},"properties":{"anio":2022}},{"type":"Feature","geometry":{"type":"Point","coordinates":[-4.41977,36.72544]},"properties":{"anio":2022}},{"type":"Feature","geometry":{"type":"Point","coordinates":[-4.41718,36.72441]},"properties":{"anio":2022}},{"type":"Feature","geometry":{"type":"Point","coordinates":[-4.42452,36.71889]},"properties":{"anio":2022}},{"type":"Feature","geometry":{"type":"Point","coordinates":[-4.42452,36.71889]},"properties":{"anio":2022}},{"type":"Feature","geometry":{"type":"Point","coordinates":[-4.42452,36.71889]},"properties":{"anio":2022}},{"type":"Feature","geometry":{"type":"Point","coordinates":[-4.42452,36.71889]},"properties":{"anio":2022}},{"type":"Feature","geometry":{"type":"Point","coordinates":[-4.42452,36.71889]},"properties":{"anio":2022}},{"type":"Feature","geometry":{"type":"Point","coordinates":[-4.42452,36.71889]},"properties":{"anio":2022}},{"type":"Feature","geometry":{"type":"Point","coordinates":[-4.42452,36.71889]},"properties":{"anio":2022}},{"type":"Feature","geometry":{"type":"Point","coordinates":[-4.42452,36.71889]},"properties":{"anio":2022}},{"type":"Feature","geometry":{"type":"Point","coordinates":[-4.41345,36.72557]},"properties":{"anio":2022}},{"type":"Feature","geometry":{"type":"Point","coordinates":[-4.41435,36.72606]},"properties":{"anio":2022}},{"type":"Feature","geometry":{"type":"Point","coordinates":[-4.41367,36.72846]},"properties":{"anio":2022}},{"type":"Feature","geometry":{"type":"Point","coordinates":[-4.41427,36.728]},"properties":{"anio":2022}},{"type":"Feature","geometry":{"type":"Point","coordinates":[-4.42527,36.72376]},"properties":{"anio":2022}},{"type":"Feature","geometry":{"type":"Point","coordinates":[-4.4251,36.72428]},"properties":{"anio":2022}},{"type":"Feature","geometry":{"type":"Point","coordinates":[-4.42354,36.71998]},"properties":{"anio":2022}},{"type":"Feature","geometry":{"type":"Point","coordinates":[-4.42079,36.72549]},"properties":{"anio":2022}},{"type":"Feature","geometry":{"type":"Point","coordinates":[-4.42853,36.71317]},"properties":{"anio":2022}},{"type":"Feature","geometry":{"type":"Point","coordinates":[-4.41947,36.7245]},"properties":{"anio":2022}},{"type":"Feature","geometry":{"type":"Point","coordinates":[-4.4265,36.71248]},"properties":{"anio":2022}},{"type":"Feature","geometry":{"type":"Point","coordinates":[-4.42413,36.7191]},"properties":{"anio":2022}},{"type":"Feature","geometry":{"type":"Point","coordinates":[-4.41986,36.72961]},"properties":{"anio":2022}},{"type":"Feature","geometry":{"type":"Point","coordinates":[-4.4174,36.72384]},"properties":{"anio":2022}},{"type":"Feature","geometry":{"type":"Point","coordinates":[-4.41951,36.72397]},"properties":{"anio":2022}},{"type":"Feature","geometry":{"type":"Point","coordinates":[-4.42926,36.72482]},"properties":{"anio":2022}},{"type":"Feature","geometry":{"type":"Point","coordinates":[-4.42066,36.72643]},"properties":{"anio":2022}},{"type":"Feature","geometry":{"type":"Point","coordinates":[-4.42377,36.72899]},"properties":{"anio":2022}},{"type":"Feature","geometry":{"type":"Point","coordinates":[-4.42482,36.72223]},"properties":{"anio":2022}},{"type":"Feature","geometry":{"type":"Point","coordinates":[-4.42899,36.72085]},"properties":{"anio":2022}},{"type":"Feature","geometry":{"type":"Point","coordinates":[-4.41178,36.71836]},"properties":{"anio":2022}},{"type":"Feature","geometry":{"type":"Point","coordinates":[-4.41801,36.724]},"properties":{"anio":2022}},{"type":"Feature","geometry":{"type":"Point","coordinates":[-4.42406,36.72397]},"properties":{"anio":2022}},{"type":"Feature","geometry":{"type":"Point","coordinates":[-4.41206,36.7166]},"properties":{"anio":2022}},{"type":"Feature","geometry":{"type":"Point","coordinates":[-4.43102,36.72477]},"properties":{"anio":2022}},{"type":"Feature","geometry":{"type":"Point","coordinates":[-4.43019,36.72296]},"properties":{"anio":2022}},{"type":"Feature","geometry":{"type":"Point","coordinates":[-4.42812,36.71218]},"properties":{"anio":2022}},{"type":"Feature","geometry":{"type":"Point","coordinates":[-4.42011,36.72965]},"properties":{"anio":2022}},{"type":"Feature","geometry":{"type":"Point","coordinates":[-4.42103,36.72239]},"properties":{"anio":2022}},{"type":"Feature","geometry":{"type":"Point","coordinates":[-4.41287,36.72702]},"properties":{"anio":2022}},{"type":"Feature","geometry":{"type":"Point","coordinates":[-4.42103,36.72144]},"properties":{"anio":2022}},{"type":"Feature","geometry":{"type":"Point","coordinates":[-4.42261,36.72319]},"properties":{"anio":2022}},{"type":"Feature","geometry":{"type":"Point","coordinates":[-4.41955,36.72432]},"properties":{"anio":2022}},{"type":"Feature","geometry":{"type":"Point","coordinates":[-4.41982,36.72583]},"properties":{"anio":2022}},{"type":"Feature","geometry":{"type":"Point","coordinates":[-4.41435,36.72606]},"properties":{"anio":2022}},{"type":"Feature","geometry":{"type":"Point","coordinates":[-4.41148,36.72683]},"properties":{"anio":2022}},{"type":"Feature","geometry":{"type":"Point","coordinates":[-4.4293,36.71435]},"properties":{"anio":2022}},{"type":"Feature","geometry":{"type":"Point","coordinates":[-4.40795,36.72117]},"properties":{"anio":2022}},{"type":"Feature","geometry":{"type":"Point","coordinates":[-4.42785,36.72384]},"properties":{"anio":2022}},{"type":"Feature","geometry":{"type":"Point","coordinates":[-4.41913,36.72154]},"properties":{"anio":2022}},{"type":"Feature","geometry":{"type":"Point","coordinates":[-4.41913,36.72154]},"properties":{"anio":2022}},{"type":"Feature","geometry":{"type":"Point","coordinates":[-4.41401,36.73211]},"properties":{"anio":2022}},{"type":"Feature","geometry":{"type":"Point","coordinates":[-4.41678,36.72477]},"properties":{"anio":2022}},{"type":"Feature","geometry":{"type":"Point","coordinates":[-4.42143,36.72175]},"properties":{"anio":2022}},{"type":"Feature","geometry":{"type":"Point","coordinates":[-4.42143,36.72175]},"properties":{"anio":2022}},{"type":"Feature","geometry":{"type":"Point","coordinates":[-4.41984,36.72168]},"properties":{"anio":2022}},{"type":"Feature","geometry":{"type":"Point","coordinates":[-4.41984,36.72168]},"properties":{"anio":2022}},{"type":"Feature","geometry":{"type":"Point","coordinates":[-4.41984,36.72168]},"properties":{"anio":2022}},{"type":"Feature","geometry":{"type":"Point","coordinates":[-4.41984,36.72168]},"properties":{"anio":2022}},{"type":"Feature","geometry":{"type":"Point","coordinates":[-4.41984,36.72168]},"properties":{"anio":2022}},{"type":"Feature","geometry":{"type":"Point","coordinates":[-4.4197,36.72919]},"properties":{"anio":2022}},{"type":"Feature","geometry":{"type":"Point","coordinates":[-4.41373,36.72545]},"properties":{"anio":2022}},{"type":"Feature","geometry":{"type":"Point","coordinates":[-4.41982,36.72583]},"properties":{"anio":2022}},{"type":"Feature","geometry":{"type":"Point","coordinates":[-4.41982,36.72583]},"properties":{"anio":2022}},{"type":"Feature","geometry":{"type":"Point","coordinates":[-4.42444,36.71928]},"properties":{"anio":2022}},{"type":"Feature","geometry":{"type":"Point","coordinates":[-4.4086,36.71947]},"properties":{"anio":2022}},{"type":"Feature","geometry":{"type":"Point","coordinates":[-4.41699,36.72496]},"properties":{"anio":2022}},{"type":"Feature","geometry":{"type":"Point","coordinates":[-4.42458,36.71331]},"properties":{"anio":2022}},{"type":"Feature","geometry":{"type":"Point","coordinates":[-4.41901,36.72324]},"properties":{"anio":2022}},{"type":"Feature","geometry":{"type":"Point","coordinates":[-4.42979,36.72121]},"properties":{"anio":2022}},{"type":"Feature","geometry":{"type":"Point","coordinates":[-4.42321,36.72761]},"properties":{"anio":2022}},{"type":"Feature","geometry":{"type":"Point","coordinates":[-4.43037,36.72474]},"properties":{"anio":2022}},{"type":"Feature","geometry":{"type":"Point","coordinates":[-4.43154,36.72304]},"properties":{"anio":2022}},{"type":"Feature","geometry":{"type":"Point","coordinates":[-4.41906,36.72288]},"properties":{"anio":2022}},{"type":"Feature","geometry":{"type":"Point","coordinates":[-4.40795,36.72117]},"properties":{"anio":2022}},{"type":"Feature","geometry":{"type":"Point","coordinates":[-4.42183,36.72459]},"properties":{"anio":2022}},{"type":"Feature","geometry":{"type":"Point","coordinates":[-4.43155,36.72139]},"properties":{"anio":2022}},{"type":"Feature","geometry":{"type":"Point","coordinates":[-4.42743,36.72398]},"properties":{"anio":2022}},{"type":"Feature","geometry":{"type":"Point","coordinates":[-4.4136,36.72666]},"properties":{"anio":2022}},{"type":"Feature","geometry":{"type":"Point","coordinates":[-4.41955,36.72432]},"properties":{"anio":2022}},{"type":"Feature","geometry":{"type":"Point","coordinates":[-4.42093,36.72052]},"properties":{"anio":2022}},{"type":"Feature","geometry":{"type":"Point","coordinates":[-4.43084,36.72094]},"properties":{"anio":2022}},{"type":"Feature","geometry":{"type":"Point","coordinates":[-4.43062,36.7141]},"properties":{"anio":2022}},{"type":"Feature","geometry":{"type":"Point","coordinates":[-4.41135,36.71702]},"properties":{"anio":2022}},{"type":"Feature","geometry":{"type":"Point","coordinates":[-4.41559,36.72398]},"properties":{"anio":2022}},{"type":"Feature","geometry":{"type":"Point","coordinates":[-4.41318,36.72841]},"properties":{"anio":2022}},{"type":"Feature","geometry":{"type":"Point","coordinates":[-4.41454,36.72693]},"properties":{"anio":2022}},{"type":"Feature","geometry":{"type":"Point","coordinates":[-4.4314,36.72249]},"properties":{"anio":2022}},{"type":"Feature","geometry":{"type":"Point","coordinates":[-4.41985,36.72297]},"properties":{"anio":2022}},{"type":"Feature","geometry":{"type":"Point","coordinates":[-4.42178,36.72625]},"properties":{"anio":2022}},{"type":"Feature","geometry":{"type":"Point","coordinates":[-4.41496,36.72654]},"properties":{"anio":2022}},{"type":"Feature","geometry":{"type":"Point","coordinates":[-4.41494,36.72638]},"properties":{"anio":2022}},{"type":"Feature","geometry":{"type":"Point","coordinates":[-4.41494,36.72638]},"properties":{"anio":2022}},{"type":"Feature","geometry":{"type":"Point","coordinates":[-4.40902,36.72805]},"properties":{"anio":2022}},{"type":"Feature","geometry":{"type":"Point","coordinates":[-4.41489,36.73212]},"properties":{"anio":2022}},{"type":"Feature","geometry":{"type":"Point","coordinates":[-4.41467,36.72482]},"properties":{"anio":2022}},{"type":"Feature","geometry":{"type":"Point","coordinates":[-4.42398,36.71493]},"properties":{"anio":2022}},{"type":"Feature","geometry":{"type":"Point","coordinates":[-4.42398,36.71493]},"properties":{"anio":2022}},{"type":"Feature","geometry":{"type":"Point","coordinates":[-4.4194,36.7234]},"properties":{"anio":2022}},{"type":"Feature","geometry":{"type":"Point","coordinates":[-4.43059,36.72358]},"properties":{"anio":2022}},{"type":"Feature","geometry":{"type":"Point","coordinates":[-4.4275,36.72012]},"properties":{"anio":2022}},{"type":"Feature","geometry":{"type":"Point","coordinates":[-4.4275,36.72012]},"properties":{"anio":2022}},{"type":"Feature","geometry":{"type":"Point","coordinates":[-4.4275,36.72012]},"properties":{"anio":2022}},{"type":"Feature","geometry":{"type":"Point","coordinates":[-4.4275,36.72012]},"properties":{"anio":2022}},{"type":"Feature","geometry":{"type":"Point","coordinates":[-4.4275,36.72012]},"properties":{"anio":2022}},{"type":"Feature","geometry":{"type":"Point","coordinates":[-4.4275,36.72012]},"properties":{"anio":2022}},{"type":"Feature","geometry":{"type":"Point","coordinates":[-4.4177,36.72025]},"properties":{"anio":2022}},{"type":"Feature","geometry":{"type":"Point","coordinates":[-4.42502,36.71546]},"properties":{"anio":2022}},{"type":"Feature","geometry":{"type":"Point","coordinates":[-4.42136,36.73092]},"properties":{"anio":2022}},{"type":"Feature","geometry":{"type":"Point","coordinates":[-4.41125,36.71744]},"properties":{"anio":2022}},{"type":"Feature","geometry":{"type":"Point","coordinates":[-4.41166,36.72748]},"properties":{"anio":2022}},{"type":"Feature","geometry":{"type":"Point","coordinates":[-4.42478,36.72355]},"properties":{"anio":2022}},{"type":"Feature","geometry":{"type":"Point","coordinates":[-4.42229,36.72178]},"properties":{"anio":2022}},{"type":"Feature","geometry":{"type":"Point","coordinates":[-4.42254,36.72272]},"properties":{"anio":2022}},{"type":"Feature","geometry":{"type":"Point","coordinates":[-4.42915,36.71421]},"properties":{"anio":2022}},{"type":"Feature","geometry":{"type":"Point","coordinates":[-4.4161,36.72482]},"properties":{"anio":2022}},{"type":"Feature","geometry":{"type":"Point","coordinates":[-4.42152,36.72815]},"properties":{"anio":2022}},{"type":"Feature","geometry":{"type":"Point","coordinates":[-4.41699,36.72473]},"properties":{"anio":2022}},{"type":"Feature","geometry":{"type":"Point","coordinates":[-4.42695,36.71194]},"properties":{"anio":2022}},{"type":"Feature","geometry":{"type":"Point","coordinates":[-4.41562,36.73422]},"properties":{"anio":2022}},{"type":"Feature","geometry":{"type":"Point","coordinates":[-4.42202,36.72794]},"properties":{"anio":2022}},{"type":"Feature","geometry":{"type":"Point","coordinates":[-4.42327,36.71523]},"properties":{"anio":2022}},{"type":"Feature","geometry":{"type":"Point","coordinates":[-4.42444,36.71928]},"properties":{"anio":2022}},{"type":"Feature","geometry":{"type":"Point","coordinates":[-4.42419,36.72293]},"properties":{"anio":2022}},{"type":"Feature","geometry":{"type":"Point","coordinates":[-4.42044,36.72159]},"properties":{"anio":2022}},{"type":"Feature","geometry":{"type":"Point","coordinates":[-4.42474,36.71377]},"properties":{"anio":2022}},{"type":"Feature","geometry":{"type":"Point","coordinates":[-4.41186,36.72594]},"properties":{"anio":2022}},{"type":"Feature","geometry":{"type":"Point","coordinates":[-4.42094,36.72635]},"properties":{"anio":2022}},{"type":"Feature","geometry":{"type":"Point","coordinates":[-4.4297,36.72783]},"properties":{"anio":2022}},{"type":"Feature","geometry":{"type":"Point","coordinates":[-4.41905,36.72136]},"properties":{"anio":2022}},{"type":"Feature","geometry":{"type":"Point","coordinates":[-4.42361,36.72073]},"properties":{"anio":2022}},{"type":"Feature","geometry":{"type":"Point","coordinates":[-4.41971,36.72391]},"properties":{"anio":2022}},{"type":"Feature","geometry":{"type":"Point","coordinates":[-4.41588,36.72609]},"properties":{"anio":2022}},{"type":"Feature","geometry":{"type":"Point","coordinates":[-4.41489,36.73212]},"properties":{"anio":2022}},{"type":"Feature","geometry":{"type":"Point","coordinates":[-4.41621,36.72448]},"properties":{"anio":2023}},{"type":"Feature","geometry":{"type":"Point","coordinates":[-4.42296,36.71544]},"properties":{"anio":2023}},{"type":"Feature","geometry":{"type":"Point","coordinates":[-4.42708,36.71254]},"properties":{"anio":2023}},{"type":"Feature","geometry":{"type":"Point","coordinates":[-4.41901,36.72324]},"properties":{"anio":2023}},{"type":"Feature","geometry":{"type":"Point","coordinates":[-4.41588,36.72609]},"properties":{"anio":2023}},{"type":"Feature","geometry":{"type":"Point","coordinates":[-4.4237,36.72407]},"properties":{"anio":2023}},{"type":"Feature","geometry":{"type":"Point","coordinates":[-4.42183,36.72476]},"properties":{"anio":2023}},{"type":"Feature","geometry":{"type":"Point","coordinates":[-4.4251,36.72924]},"properties":{"anio":2023}},{"type":"Feature","geometry":{"type":"Point","coordinates":[-4.41451,36.72821]},"properties":{"anio":2023}},{"type":"Feature","geometry":{"type":"Point","coordinates":[-4.41373,36.72545]},"properties":{"anio":2023}},{"type":"Feature","geometry":{"type":"Point","coordinates":[-4.42847,36.724]},"properties":{"anio":2023}},{"type":"Feature","geometry":{"type":"Point","coordinates":[-4.42253,36.7156]},"properties":{"anio":2023}},{"type":"Feature","geometry":{"type":"Point","coordinates":[-4.42255,36.73027]},"properties":{"anio":2023}},{"type":"Feature","geometry":{"type":"Point","coordinates":[-4.4238,36.72219]},"properties":{"anio":2023}},{"type":"Feature","geometry":{"type":"Point","coordinates":[-4.41167,36.72721]},"properties":{"anio":2023}},{"type":"Feature","geometry":{"type":"Point","coordinates":[-4.41571,36.72431]},"properties":{"anio":2023}},{"type":"Feature","geometry":{"type":"Point","coordinates":[-4.42035,36.72621]},"properties":{"anio":2023}},{"type":"Feature","geometry":{"type":"Point","coordinates":[-4.4171,36.72528]},"properties":{"anio":2023}},{"type":"Feature","geometry":{"type":"Point","coordinates":[-4.41887,36.72514]},"properties":{"anio":2023}},{"type":"Feature","geometry":{"type":"Point","coordinates":[-4.42035,36.72621]},"properties":{"anio":2023}},{"type":"Feature","geometry":{"type":"Point","coordinates":[-4.41812,36.72628]},"properties":{"anio":2023}},{"type":"Feature","geometry":{"type":"Point","coordinates":[-4.41812,36.72628]},"properties":{"anio":2023}},{"type":"Feature","geometry":{"type":"Point","coordinates":[-4.42035,36.72621]},"properties":{"anio":2023}},{"type":"Feature","geometry":{"type":"Point","coordinates":[-4.41812,36.72628]},"properties":{"anio":2023}},{"type":"Feature","geometry":{"type":"Point","coordinates":[-4.41812,36.72628]},"properties":{"anio":2023}},{"type":"Feature","geometry":{"type":"Point","coordinates":[-4.41812,36.72628]},"properties":{"anio":2023}},{"type":"Feature","geometry":{"type":"Point","coordinates":[-4.41812,36.72628]},"properties":{"anio":2023}},{"type":"Feature","geometry":{"type":"Point","coordinates":[-4.41812,36.72628]},"properties":{"anio":2023}},{"type":"Feature","geometry":{"type":"Point","coordinates":[-4.41812,36.72628]},"properties":{"anio":2023}},{"type":"Feature","geometry":{"type":"Point","coordinates":[-4.4135,36.72727]},"properties":{"anio":2023}},{"type":"Feature","geometry":{"type":"Point","coordinates":[-4.41311,36.73765]},"properties":{"anio":2023}},{"type":"Feature","geometry":{"type":"Point","coordinates":[-4.42129,36.72181]},"properties":{"anio":2023}},{"type":"Feature","geometry":{"type":"Point","coordinates":[-4.42035,36.72621]},"properties":{"anio":2023}},{"type":"Feature","geometry":{"type":"Point","coordinates":[-4.42698,36.72159]},"properties":{"anio":2023}},{"type":"Feature","geometry":{"type":"Point","coordinates":[-4.40546,36.72324]},"properties":{"anio":2023}},{"type":"Feature","geometry":{"type":"Point","coordinates":[-4.41756,36.72504]},"properties":{"anio":2023}},{"type":"Feature","geometry":{"type":"Point","coordinates":[-4.41756,36.72504]},"properties":{"anio":2023}},{"type":"Feature","geometry":{"type":"Point","coordinates":[-4.4251,36.72924]},"properties":{"anio":2023}},{"type":"Feature","geometry":{"type":"Point","coordinates":[-4.4251,36.72924]},"properties":{"anio":2023}},{"type":"Feature","geometry":{"type":"Point","coordinates":[-4.42235,36.71907]},"properties":{"anio":2023}},{"type":"Feature","geometry":{"type":"Point","coordinates":[-4.41869,36.73185]},"properties":{"anio":2023}},{"type":"Feature","geometry":{"type":"Point","coordinates":[-4.41708,36.72364]},"properties":{"anio":2023}},{"type":"Feature","geometry":{"type":"Point","coordinates":[-4.42938,36.71418]},"properties":{"anio":2023}},{"type":"Feature","geometry":{"type":"Point","coordinates":[-4.42166,36.73209]},"properties":{"anio":2023}},{"type":"Feature","geometry":{"type":"Point","coordinates":[-4.41333,36.72717]},"properties":{"anio":2023}},{"type":"Feature","geometry":{"type":"Point","coordinates":[-4.41333,36.72717]},"properties":{"anio":2023}},{"type":"Feature","geometry":{"type":"Point","coordinates":[-4.42504,36.7188]},"properties":{"anio":2023}},{"type":"Feature","geometry":{"type":"Point","coordinates":[-4.42539,36.72742]},"properties":{"anio":2023}},{"type":"Feature","geometry":{"type":"Point","coordinates":[-4.41718,36.72441]},"properties":{"anio":2023}},{"type":"Feature","geometry":{"type":"Point","coordinates":[-4.4154,36.73014]},"properties":{"anio":2023}},{"type":"Feature","geometry":{"type":"Point","coordinates":[-4.42053,36.72197]},"properties":{"anio":2023}},{"type":"Feature","geometry":{"type":"Point","coordinates":[-4.41644,36.7311]},"properties":{"anio":2023}},{"type":"Feature","geometry":{"type":"Point","coordinates":[-4.43074,36.71943]},"properties":{"anio":2023}},{"type":"Feature","geometry":{"type":"Point","coordinates":[-4.42392,36.72025]},"properties":{"anio":2023}},{"type":"Feature","geometry":{"type":"Point","coordinates":[-4.42053,36.72197]},"properties":{"anio":2023}},{"type":"Feature","geometry":{"type":"Point","coordinates":[-4.42053,36.72197]},"properties":{"anio":2023}},{"type":"Feature","geometry":{"type":"Point","coordinates":[-4.41936,36.72629]},"properties":{"anio":2023}},{"type":"Feature","geometry":{"type":"Point","coordinates":[-4.4197,36.72919]},"properties":{"anio":2023}},{"type":"Feature","geometry":{"type":"Point","coordinates":[-4.42363,36.71942]},"properties":{"anio":2023}},{"type":"Feature","geometry":{"type":"Point","coordinates":[-4.42888,36.72641]},"properties":{"anio":2023}},{"type":"Feature","geometry":{"type":"Point","coordinates":[-4.42073,36.72697]},"properties":{"anio":2023}},{"type":"Feature","geometry":{"type":"Point","coordinates":[-4.42138,36.72215]},"properties":{"anio":2023}},{"type":"Feature","geometry":{"type":"Point","coordinates":[-4.42861,36.71208]},"properties":{"anio":2023}},{"type":"Feature","geometry":{"type":"Point","coordinates":[-4.42229,36.72065]},"properties":{"anio":2023}},{"type":"Feature","geometry":{"type":"Point","coordinates":[-4.4244,36.7204]},"properties":{"anio":2023}},{"type":"Feature","geometry":{"type":"Point","coordinates":[-4.41125,36.71744]},"properties":{"anio":2023}},{"type":"Feature","geometry":{"type":"Point","coordinates":[-4.4247,36.72293]},"properties":{"anio":2023}},{"type":"Feature","geometry":{"type":"Point","coordinates":[-4.4247,36.72293]},"properties":{"anio":2023}},{"type":"Feature","geometry":{"type":"Point","coordinates":[-4.43067,36.72142]},"properties":{"anio":2023}},{"type":"Feature","geometry":{"type":"Point","coordinates":[-4.41633,36.72352]},"properties":{"anio":2023}},{"type":"Feature","geometry":{"type":"Point","coordinates":[-4.41913,36.72154]},"properties":{"anio":2023}},{"type":"Feature","geometry":{"type":"Point","coordinates":[-4.42035,36.72621]},"properties":{"anio":2023}},{"type":"Feature","geometry":{"type":"Point","coordinates":[-4.41652,36.72358]},"properties":{"anio":2023}},{"type":"Feature","geometry":{"type":"Point","coordinates":[-4.42094,36.72157]},"properties":{"anio":2023}},{"type":"Feature","geometry":{"type":"Point","coordinates":[-4.42375,36.71517]},"properties":{"anio":2023}},{"type":"Feature","geometry":{"type":"Point","coordinates":[-4.41985,36.72297]},"properties":{"anio":2023}},{"type":"Feature","geometry":{"type":"Point","coordinates":[-4.42508,36.72591]},"properties":{"anio":2023}},{"type":"Feature","geometry":{"type":"Point","coordinates":[-4.4231,36.72084]},"properties":{"anio":2023}},{"type":"Feature","geometry":{"type":"Point","coordinates":[-4.41812,36.72628]},"properties":{"anio":2023}},{"type":"Feature","geometry":{"type":"Point","coordinates":[-4.41812,36.72628]},"properties":{"anio":2023}},{"type":"Feature","geometry":{"type":"Point","coordinates":[-4.41812,36.72628]},"properties":{"anio":2023}},{"type":"Feature","geometry":{"type":"Point","coordinates":[-4.41812,36.72628]},"properties":{"anio":2023}},{"type":"Feature","geometry":{"type":"Point","coordinates":[-4.41913,36.72154]},"properties":{"anio":2023}},{"type":"Feature","geometry":{"type":"Point","coordinates":[-4.4226,36.72058]},"properties":{"anio":2023}},{"type":"Feature","geometry":{"type":"Point","coordinates":[-4.42082,36.72324]},"properties":{"anio":2023}},{"type":"Feature","geometry":{"type":"Point","coordinates":[-4.42472,36.71888]},"properties":{"anio":2023}},{"type":"Feature","geometry":{"type":"Point","coordinates":[-4.41477,36.72549]},"properties":{"anio":2023}},{"type":"Feature","geometry":{"type":"Point","coordinates":[-4.41838,36.72043]},"properties":{"anio":2023}},{"type":"Feature","geometry":{"type":"Point","coordinates":[-4.42392,36.72025]},"properties":{"anio":2023}},{"type":"Feature","geometry":{"type":"Point","coordinates":[-4.42235,36.72411]},"properties":{"anio":2023}},{"type":"Feature","geometry":{"type":"Point","coordinates":[-4.41125,36.71744]},"properties":{"anio":2023}},{"type":"Feature","geometry":{"type":"Point","coordinates":[-4.41555,36.73198]},"properties":{"anio":2023}},{"type":"Feature","geometry":{"type":"Point","coordinates":[-4.4212,36.72357]},"properties":{"anio":2023}},{"type":"Feature","geometry":{"type":"Point","coordinates":[-4.42368,36.71934]},"properties":{"anio":2023}},{"type":"Feature","geometry":{"type":"Point","coordinates":[-4.42464,36.71864]},"properties":{"anio":2023}},{"type":"Feature","geometry":{"type":"Point","coordinates":[-4.42331,36.71686]},"properties":{"anio":2023}},{"type":"Feature","geometry":{"type":"Point","coordinates":[-4.41221,36.72169]},"properties":{"anio":2023}},{"type":"Feature","geometry":{"type":"Point","coordinates":[-4.41625,36.73402]},"properties":{"anio":2023}},{"type":"Feature","geometry":{"type":"Point","coordinates":[-4.43007,36.72336]},"properties":{"anio":2023}},{"type":"Feature","geometry":{"type":"Point","coordinates":[-4.42464,36.72374]},"properties":{"anio":2023}},{"type":"Feature","geometry":{"type":"Point","coordinates":[-4.4265,36.71248]},"properties":{"anio":2023}},{"type":"Feature","geometry":{"type":"Point","coordinates":[-4.41955,36.72432]},"properties":{"anio":2023}},{"type":"Feature","geometry":{"type":"Point","coordinates":[-4.42377,36.72899]},"properties":{"anio":2023}},{"type":"Feature","geometry":{"type":"Point","coordinates":[-4.40401,36.7206]},"properties":{"anio":2023}},{"type":"Feature","geometry":{"type":"Point","coordinates":[-4.42147,36.72741]},"properties":{"anio":2023}},{"type":"Feature","geometry":{"type":"Point","coordinates":[-4.42464,36.72374]},"properties":{"anio":2023}},{"type":"Feature","geometry":{"type":"Point","coordinates":[-4.4154,36.73014]},"properties":{"anio":2023}},{"type":"Feature","geometry":{"type":"Point","coordinates":[-4.4162,36.73084]},"properties":{"anio":2023}},{"type":"Feature","geometry":{"type":"Point","coordinates":[-4.42399,36.72585]},"properties":{"anio":2023}},{"type":"Feature","geometry":{"type":"Point","coordinates":[-4.42835,36.71988]},"properties":{"anio":2023}},{"type":"Feature","geometry":{"type":"Point","coordinates":[-4.42894,36.72557]},"properties":{"anio":2023}},{"type":"Feature","geometry":{"type":"Point","coordinates":[-4.42103,36.72046]},"properties":{"anio":2023}},{"type":"Feature","geometry":{"type":"Point","coordinates":[-4.4197,36.72919]},"properties":{"anio":2023}},{"type":"Feature","geometry":{"type":"Point","coordinates":[-4.42332,36.71964]},"properties":{"anio":2023}},{"type":"Feature","geometry":{"type":"Point","coordinates":[-4.42168,36.72326]},"properties":{"anio":2023}},{"type":"Feature","geometry":{"type":"Point","coordinates":[-4.42862,36.71104]},"properties":{"anio":2023}},{"type":"Feature","geometry":{"type":"Point","coordinates":[-4.41576,36.72466]},"properties":{"anio":2023}},{"type":"Feature","geometry":{"type":"Point","coordinates":[-4.41576,36.72466]},"properties":{"anio":2023}},{"type":"Feature","geometry":{"type":"Point","coordinates":[-4.42024,36.72521]},"properties":{"anio":2023}},{"type":"Feature","geometry":{"type":"Point","coordinates":[-4.40854,36.71876]},"properties":{"anio":2023}},{"type":"Feature","geometry":{"type":"Point","coordinates":[-4.42396,36.72073]},"properties":{"anio":2023}},{"type":"Feature","geometry":{"type":"Point","coordinates":[-4.41773,36.73183]},"properties":{"anio":2023}},{"type":"Feature","geometry":{"type":"Point","coordinates":[-4.42041,36.72412]},"properties":{"anio":2023}},{"type":"Feature","geometry":{"type":"Point","coordinates":[-4.42116,36.72307]},"properties":{"anio":2023}},{"type":"Feature","geometry":{"type":"Point","coordinates":[-4.41513,36.72532]},"properties":{"anio":2023}},{"type":"Feature","geometry":{"type":"Point","coordinates":[-4.41644,36.7311]},"properties":{"anio":2023}},{"type":"Feature","geometry":{"type":"Point","coordinates":[-4.41644,36.7311]},"properties":{"anio":2023}},{"type":"Feature","geometry":{"type":"Point","coordinates":[-4.42477,36.72108]},"properties":{"anio":2023}},{"type":"Feature","geometry":{"type":"Point","coordinates":[-4.4265,36.71248]},"properties":{"anio":2023}},{"type":"Feature","geometry":{"type":"Point","coordinates":[-4.41933,36.72506]},"properties":{"anio":2023}},{"type":"Feature","geometry":{"type":"Point","coordinates":[-4.42073,36.72697]},"properties":{"anio":2023}},{"type":"Feature","geometry":{"type":"Point","coordinates":[-4.41718,36.72441]},"properties":{"anio":2023}},{"type":"Feature","geometry":{"type":"Point","coordinates":[-4.41125,36.71744]},"properties":{"anio":2023}},{"type":"Feature","geometry":{"type":"Point","coordinates":[-4.42311,36.72252]},"properties":{"anio":2023}},{"type":"Feature","geometry":{"type":"Point","coordinates":[-4.41957,36.732]},"properties":{"anio":2023}},{"type":"Feature","geometry":{"type":"Point","coordinates":[-4.41467,36.72482]},"properties":{"anio":2023}},{"type":"Feature","geometry":{"type":"Point","coordinates":[-4.43043,36.72352]},"properties":{"anio":2023}},{"type":"Feature","geometry":{"type":"Point","coordinates":[-4.4168,36.72513]},"properties":{"anio":2023}},{"type":"Feature","geometry":{"type":"Point","coordinates":[-4.42434,36.72019]},"properties":{"anio":2023}},{"type":"Feature","geometry":{"type":"Point","coordinates":[-4.42695,36.71194]},"properties":{"anio":2023}},{"type":"Feature","geometry":{"type":"Point","coordinates":[-4.41135,36.71702]},"properties":{"anio":2023}},{"type":"Feature","geometry":{"type":"Point","coordinates":[-4.41573,36.72384]},"properties":{"anio":2023}},{"type":"Feature","geometry":{"type":"Point","coordinates":[-4.4214,36.72139]},"properties":{"anio":2023}},{"type":"Feature","geometry":{"type":"Point","coordinates":[-4.4214,36.72139]},"properties":{"anio":2023}},{"type":"Feature","geometry":{"type":"Point","coordinates":[-4.42104,36.72377]},"properties":{"anio":2023}},{"type":"Feature","geometry":{"type":"Point","coordinates":[-4.42197,36.7225]},"properties":{"anio":2023}},{"type":"Feature","geometry":{"type":"Point","coordinates":[-4.4242,36.72181]},"properties":{"anio":2023}},{"type":"Feature","geometry":{"type":"Point","coordinates":[-4.42698,36.72159]},"properties":{"anio":2023}},{"type":"Feature","geometry":{"type":"Point","coordinates":[-4.4289,36.71442]},"properties":{"anio":2023}},{"type":"Feature","geometry":{"type":"Point","coordinates":[-4.41806,36.72519]},"properties":{"anio":2023}},{"type":"Feature","geometry":{"type":"Point","coordinates":[-4.42979,36.72385]},"properties":{"anio":2023}},{"type":"Feature","geometry":{"type":"Point","coordinates":[-4.41945,36.72234]},"properties":{"anio":2023}},{"type":"Feature","geometry":{"type":"Point","coordinates":[-4.41644,36.7311]},"properties":{"anio":2023}},{"type":"Feature","geometry":{"type":"Point","coordinates":[-4.42375,36.71517]},"properties":{"anio":2023}},{"type":"Feature","geometry":{"type":"Point","coordinates":[-4.42467,36.72314]},"properties":{"anio":2023}},{"type":"Feature","geometry":{"type":"Point","coordinates":[-4.42698,36.71928]},"properties":{"anio":2023}},{"type":"Feature","geometry":{"type":"Point","coordinates":[-4.41901,36.72324]},"properties":{"anio":2023}},{"type":"Feature","geometry":{"type":"Point","coordinates":[-4.42383,36.7263]},"properties":{"anio":2023}},{"type":"Feature","geometry":{"type":"Point","coordinates":[-4.42195,36.71749]},"properties":{"anio":2023}},{"type":"Feature","geometry":{"type":"Point","coordinates":[-4.42863,36.72104]},"properties":{"anio":2023}},{"type":"Feature","geometry":{"type":"Point","coordinates":[-4.42159,36.72186]},"properties":{"anio":2023}},{"type":"Feature","geometry":{"type":"Point","coordinates":[-4.42938,36.71418]},"properties":{"anio":2023}},{"type":"Feature","geometry":{"type":"Point","coordinates":[-4.41985,36.72297]},"properties":{"anio":2023}},{"type":"Feature","geometry":{"type":"Point","coordinates":[-4.42716,36.71992]},"properties":{"anio":2023}},{"type":"Feature","geometry":{"type":"Point","coordinates":[-4.42433,36.72239]},"properties":{"anio":2023}},{"type":"Feature","geometry":{"type":"Point","coordinates":[-4.42073,36.72697]},"properties":{"anio":2023}},{"type":"Feature","geometry":{"type":"Point","coordinates":[-4.41504,36.72629]},"properties":{"anio":2023}},{"type":"Feature","geometry":{"type":"Point","coordinates":[-4.42938,36.72586]},"properties":{"anio":2023}},{"type":"Feature","geometry":{"type":"Point","coordinates":[-4.42195,36.71749]},"properties":{"anio":2023}},{"type":"Feature","geometry":{"type":"Point","coordinates":[-4.41609,36.72549]},"properties":{"anio":2023}},{"type":"Feature","geometry":{"type":"Point","coordinates":[-4.43065,36.72104]},"properties":{"anio":2023}},{"type":"Feature","geometry":{"type":"Point","coordinates":[-4.42519,36.71896]},"properties":{"anio":2023}},{"type":"Feature","geometry":{"type":"Point","coordinates":[-4.42433,36.72239]},"properties":{"anio":2023}},{"type":"Feature","geometry":{"type":"Point","coordinates":[-4.4236,36.72421]},"properties":{"anio":2023}},{"type":"Feature","geometry":{"type":"Point","coordinates":[-4.42439,36.71343]},"properties":{"anio":2023}},{"type":"Feature","geometry":{"type":"Point","coordinates":[-4.4086,36.71947]},"properties":{"anio":2023}},{"type":"Feature","geometry":{"type":"Point","coordinates":[-4.42366,36.71909]},"properties":{"anio":2023}},{"type":"Feature","geometry":{"type":"Point","coordinates":[-4.4243,36.72973]},"properties":{"anio":2023}},{"type":"Feature","geometry":{"type":"Point","coordinates":[-4.43005,36.72313]},"properties":{"anio":2023}},{"type":"Feature","geometry":{"type":"Point","coordinates":[-4.42795,36.72192]},"properties":{"anio":2023}},{"type":"Feature","geometry":{"type":"Point","coordinates":[-4.42205,36.72477]},"properties":{"anio":2023}},{"type":"Feature","geometry":{"type":"Point","coordinates":[-4.42031,36.73203]},"properties":{"anio":2023}},{"type":"Feature","geometry":{"type":"Point","coordinates":[-4.41184,36.72697]},"properties":{"anio":2023}},{"type":"Feature","geometry":{"type":"Point","coordinates":[-4.42035,36.72621]},"properties":{"anio":2023}},{"type":"Feature","geometry":{"type":"Point","coordinates":[-4.41862,36.72069]},"properties":{"anio":2023}},{"type":"Feature","geometry":{"type":"Point","coordinates":[-4.4244,36.7204]},"properties":{"anio":2023}},{"type":"Feature","geometry":{"type":"Point","coordinates":[-4.40566,36.72043]},"properties":{"anio":2023}},{"type":"Feature","geometry":{"type":"Point","coordinates":[-4.43087,36.72041]},"properties":{"anio":2023}},{"type":"Feature","geometry":{"type":"Point","coordinates":[-4.42077,36.72906]},"properties":{"anio":2023}},{"type":"Feature","geometry":{"type":"Point","coordinates":[-4.4214,36.72139]},"properties":{"anio":2023}},{"type":"Feature","geometry":{"type":"Point","coordinates":[-4.42445,36.71987]},"properties":{"anio":2023}},{"type":"Feature","geometry":{"type":"Point","coordinates":[-4.42415,36.72079]},"properties":{"anio":2023}},{"type":"Feature","geometry":{"type":"Point","coordinates":[-4.41908,36.72269]},"properties":{"anio":2023}},{"type":"Feature","geometry":{"type":"Point","coordinates":[-4.43059,36.72358]},"properties":{"anio":2023}},{"type":"Feature","geometry":{"type":"Point","coordinates":[-4.42269,36.7192]},"properties":{"anio":2023}},{"type":"Feature","geometry":{"type":"Point","coordinates":[-4.42415,36.72079]},"properties":{"anio":2023}},{"type":"Feature","geometry":{"type":"Point","coordinates":[-4.42415,36.72079]},"properties":{"anio":2023}},{"type":"Feature","geometry":{"type":"Point","coordinates":[-4.42415,36.72079]},"properties":{"anio":2023}},{"type":"Feature","geometry":{"type":"Point","coordinates":[-4.42415,36.72079]},"properties":{"anio":2023}},{"type":"Feature","geometry":{"type":"Point","coordinates":[-4.41104,36.72886]},"properties":{"anio":2023}},{"type":"Feature","geometry":{"type":"Point","coordinates":[-4.4121,36.72689]},"properties":{"anio":2023}},{"type":"Feature","geometry":{"type":"Point","coordinates":[-4.42687,36.7263]},"properties":{"anio":2023}},{"type":"Feature","geometry":{"type":"Point","coordinates":[-4.4243,36.72973]},"properties":{"anio":2023}},{"type":"Feature","geometry":{"type":"Point","coordinates":[-4.41997,36.72425]},"properties":{"anio":2023}},{"type":"Feature","geometry":{"type":"Point","coordinates":[-4.42631,36.72349]},"properties":{"anio":2023}},{"type":"Feature","geometry":{"type":"Point","coordinates":[-4.41945,36.72234]},"properties":{"anio":2023}},{"type":"Feature","geometry":{"type":"Point","coordinates":[-4.42899,36.72085]},"properties":{"anio":2023}},{"type":"Feature","geometry":{"type":"Point","coordinates":[-4.42219,36.71837]},"properties":{"anio":2023}},{"type":"Feature","geometry":{"type":"Point","coordinates":[-4.42665,36.72521]},"properties":{"anio":2023}},{"type":"Feature","geometry":{"type":"Point","coordinates":[-4.41588,36.72609]},"properties":{"anio":2023}},{"type":"Feature","geometry":{"type":"Point","coordinates":[-4.42723,36.72307]},"properties":{"anio":2023}},{"type":"Feature","geometry":{"type":"Point","coordinates":[-4.4267,36.72309]},"properties":{"anio":2023}},{"type":"Feature","geometry":{"type":"Point","coordinates":[-4.41633,36.72352]},"properties":{"anio":2023}},{"type":"Feature","geometry":{"type":"Point","coordinates":[-4.42074,36.72356]},"properties":{"anio":2023}},{"type":"Feature","geometry":{"type":"Point","coordinates":[-4.41108,36.72658]},"properties":{"anio":2023}},{"type":"Feature","geometry":{"type":"Point","coordinates":[-4.41537,36.73264]},"properties":{"anio":2023}},{"type":"Feature","geometry":{"type":"Point","coordinates":[-4.41661,36.73138]},"properties":{"anio":2023}},{"type":"Feature","geometry":{"type":"Point","coordinates":[-4.41178,36.71688]},"properties":{"anio":2023}},{"type":"Feature","geometry":{"type":"Point","coordinates":[-4.41898,36.72175]},"properties":{"anio":2023}},{"type":"Feature","geometry":{"type":"Point","coordinates":[-4.41441,36.73076]},"properties":{"anio":2023}},{"type":"Feature","geometry":{"type":"Point","coordinates":[-4.41441,36.73076]},"properties":{"anio":2023}},{"type":"Feature","geometry":{"type":"Point","coordinates":[-4.43109,36.72204]},"properties":{"anio":2023}},{"type":"Feature","geometry":{"type":"Point","coordinates":[-4.41164,36.71762]},"properties":{"anio":2023}},{"type":"Feature","geometry":{"type":"Point","coordinates":[-4.42289,36.72735]},"properties":{"anio":2023}},{"type":"Feature","geometry":{"type":"Point","coordinates":[-4.43115,36.72304]},"properties":{"anio":2023}},{"type":"Feature","geometry":{"type":"Point","coordinates":[-4.41588,36.72609]},"properties":{"anio":2023}},{"type":"Feature","geometry":{"type":"Point","coordinates":[-4.42823,36.71823]},"properties":{"anio":2023}},{"type":"Feature","geometry":{"type":"Point","coordinates":[-4.41942,36.72494]},"properties":{"anio":2023}},{"type":"Feature","geometry":{"type":"Point","coordinates":[-4.42823,36.71823]},"properties":{"anio":2023}},{"type":"Feature","geometry":{"type":"Point","coordinates":[-4.42209,36.72594]},"properties":{"anio":2023}},{"type":"Feature","geometry":{"type":"Point","coordinates":[-4.42467,36.72314]},"properties":{"anio":2023}},{"type":"Feature","geometry":{"type":"Point","coordinates":[-4.42125,36.71642]},"properties":{"anio":2023}},{"type":"Feature","geometry":{"type":"Point","coordinates":[-4.4139,36.72555]},"properties":{"anio":2023}},{"type":"Feature","geometry":{"type":"Point","coordinates":[-4.4212,36.72357]},"properties":{"anio":2023}},{"type":"Feature","geometry":{"type":"Point","coordinates":[-4.42283,36.7247]},"properties":{"anio":2023}},{"type":"Feature","geometry":{"type":"Point","coordinates":[-4.42283,36.7247]},"properties":{"anio":2023}},{"type":"Feature","geometry":{"type":"Point","coordinates":[-4.40575,36.72097]},"properties":{"anio":2023}},{"type":"Feature","geometry":{"type":"Point","coordinates":[-4.42853,36.71317]},"properties":{"anio":2023}},{"type":"Feature","geometry":{"type":"Point","coordinates":[-4.42949,36.72472]},"properties":{"anio":2023}},{"type":"Feature","geometry":{"type":"Point","coordinates":[-4.42949,36.72472]},"properties":{"anio":2023}},{"type":"Feature","geometry":{"type":"Point","coordinates":[-4.43062,36.7141]},"properties":{"anio":2023}},{"type":"Feature","geometry":{"type":"Point","coordinates":[-4.42008,36.72101]},"properties":{"anio":2023}},{"type":"Feature","geometry":{"type":"Point","coordinates":[-4.41587,36.72907]},"properties":{"anio":2023}},{"type":"Feature","geometry":{"type":"Point","coordinates":[-4.41125,36.71744]},"properties":{"anio":2023}},{"type":"Feature","geometry":{"type":"Point","coordinates":[-4.42008,36.72101]},"properties":{"anio":2023}},{"type":"Feature","geometry":{"type":"Point","coordinates":[-4.41901,36.72324]},"properties":{"anio":2023}},{"type":"Feature","geometry":{"type":"Point","coordinates":[-4.42377,36.72899]},"properties":{"anio":2023}},{"type":"Feature","geometry":{"type":"Point","coordinates":[-4.41904,36.72431]},"properties":{"anio":2023}},{"type":"Feature","geometry":{"type":"Point","coordinates":[-4.43035,36.72231]},"properties":{"anio":2023}},{"type":"Feature","geometry":{"type":"Point","coordinates":[-4.4213,36.72618]},"properties":{"anio":2023}},{"type":"Feature","geometry":{"type":"Point","coordinates":[-4.42272,36.72738]},"properties":{"anio":2023}},{"type":"Feature","geometry":{"type":"Point","coordinates":[-4.4194,36.7234]},"properties":{"anio":2023}},{"type":"Feature","geometry":{"type":"Point","coordinates":[-4.42396,36.72474]},"properties":{"anio":2023}},{"type":"Feature","geometry":{"type":"Point","coordinates":[-4.42979,36.71498]},"properties":{"anio":2023}},{"type":"Feature","geometry":{"type":"Point","coordinates":[-4.42651,36.7132]},"properties":{"anio":2023}},{"type":"Feature","geometry":{"type":"Point","coordinates":[-4.41951,36.72512]},"properties":{"anio":2023}},{"type":"Feature","geometry":{"type":"Point","coordinates":[-4.42284,36.72018]},"properties":{"anio":2023}},{"type":"Feature","geometry":{"type":"Point","coordinates":[-4.41588,36.72609]},"properties":{"anio":2023}},{"type":"Feature","geometry":{"type":"Point","coordinates":[-4.41638,36.72474]},"properties":{"anio":2023}},{"type":"Feature","geometry":{"type":"Point","coordinates":[-4.42383,36.7263]},"properties":{"anio":2023}},{"type":"Feature","geometry":{"type":"Point","coordinates":[-4.41699,36.72473]},"properties":{"anio":2023}},{"type":"Feature","geometry":{"type":"Point","coordinates":[-4.41878,36.72314]},"properties":{"anio":2023}},{"type":"Feature","geometry":{"type":"Point","coordinates":[-4.43062,36.7141]},"properties":{"anio":2023}},{"type":"Feature","geometry":{"type":"Point","coordinates":[-4.41829,36.72341]},"properties":{"anio":2023}},{"type":"Feature","geometry":{"type":"Point","coordinates":[-4.42377,36.72899]},"properties":{"anio":2023}},{"type":"Feature","geometry":{"type":"Point","coordinates":[-4.42377,36.72899]},"properties":{"anio":2023}},{"type":"Feature","geometry":{"type":"Point","coordinates":[-4.42903,36.72393]},"properties":{"anio":2023}},{"type":"Feature","geometry":{"type":"Point","coordinates":[-4.43062,36.7141]},"properties":{"anio":2023}},{"type":"Feature","geometry":{"type":"Point","coordinates":[-4.42026,36.72322]},"properties":{"anio":2023}},{"type":"Feature","geometry":{"type":"Point","coordinates":[-4.41997,36.72425]},"properties":{"anio":2023}},{"type":"Feature","geometry":{"type":"Point","coordinates":[-4.42301,36.72636]},"properties":{"anio":2023}},{"type":"Feature","geometry":{"type":"Point","coordinates":[-4.42181,36.7281]},"properties":{"anio":2023}},{"type":"Feature","geometry":{"type":"Point","coordinates":[-4.42181,36.7281]},"properties":{"anio":2023}},{"type":"Feature","geometry":{"type":"Point","coordinates":[-4.41945,36.72234]},"properties":{"anio":2023}},{"type":"Feature","geometry":{"type":"Point","coordinates":[-4.4197,36.7254]},"properties":{"anio":2023}},{"type":"Feature","geometry":{"type":"Point","coordinates":[-4.42035,36.72621]},"properties":{"anio":2023}},{"type":"Feature","geometry":{"type":"Point","coordinates":[-4.42392,36.72025]},"properties":{"anio":2023}},{"type":"Feature","geometry":{"type":"Point","coordinates":[-4.42439,36.71343]},"properties":{"anio":2023}},{"type":"Feature","geometry":{"type":"Point","coordinates":[-4.42897,36.72104]},"properties":{"anio":2023}},{"type":"Feature","geometry":{"type":"Point","coordinates":[-4.42283,36.7247]},"properties":{"anio":2023}},{"type":"Feature","geometry":{"type":"Point","coordinates":[-4.42444,36.71928]},"properties":{"anio":2023}},{"type":"Feature","geometry":{"type":"Point","coordinates":[-4.41937,36.72441]},"properties":{"anio":2023}},{"type":"Feature","geometry":{"type":"Point","coordinates":[-4.42844,36.71186]},"properties":{"anio":2023}},{"type":"Feature","geometry":{"type":"Point","coordinates":[-4.42035,36.72621]},"properties":{"anio":2023}},{"type":"Feature","geometry":{"type":"Point","coordinates":[-4.42498,36.7213]},"properties":{"anio":2023}},{"type":"Feature","geometry":{"type":"Point","coordinates":[-4.43251,36.72182]},"properties":{"anio":2023}},{"type":"Feature","geometry":{"type":"Point","coordinates":[-4.42219,36.72503]},"properties":{"anio":2023}},{"type":"Feature","geometry":{"type":"Point","coordinates":[-4.42921,36.72169]},"properties":{"anio":2023}},{"type":"Feature","geometry":{"type":"Point","coordinates":[-4.41192,36.72741]},"properties":{"anio":2023}},{"type":"Feature","geometry":{"type":"Point","coordinates":[-4.41951,36.72512]},"properties":{"anio":2023}},{"type":"Feature","geometry":{"type":"Point","coordinates":[-4.42759,36.72384]},"properties":{"anio":2023}},{"type":"Feature","geometry":{"type":"Point","coordinates":[-4.41551,36.72608]},"properties":{"anio":2023}},{"type":"Feature","geometry":{"type":"Point","coordinates":[-4.42096,36.72756]},"properties":{"anio":2023}},{"type":"Feature","geometry":{"type":"Point","coordinates":[-4.42453,36.7225]},"properties":{"anio":2023}},{"type":"Feature","geometry":{"type":"Point","coordinates":[-4.42453,36.7225]},"properties":{"anio":2023}},{"type":"Feature","geometry":{"type":"Point","coordinates":[-4.42708,36.71254]},"properties":{"anio":2023}},{"type":"Feature","geometry":{"type":"Point","coordinates":[-4.43059,36.72358]},"properties":{"anio":2023}},{"type":"Feature","geometry":{"type":"Point","coordinates":[-4.41165,36.7187]},"properties":{"anio":2023}},{"type":"Feature","geometry":{"type":"Point","coordinates":[-4.40842,36.71927]},"properties":{"anio":2023}},{"type":"Feature","geometry":{"type":"Point","coordinates":[-4.42522,36.71297]},"properties":{"anio":2023}},{"type":"Feature","geometry":{"type":"Point","coordinates":[-4.42709,36.71318]},"properties":{"anio":2023}},{"type":"Feature","geometry":{"type":"Point","coordinates":[-4.42872,36.72417]},"properties":{"anio":2023}},{"type":"Feature","geometry":{"type":"Point","coordinates":[-4.41904,36.72431]},"properties":{"anio":2023}},{"type":"Feature","geometry":{"type":"Point","coordinates":[-4.43009,36.72254]},"properties":{"anio":2023}},{"type":"Feature","geometry":{"type":"Point","coordinates":[-4.43009,36.72254]},"properties":{"anio":2023}},{"type":"Feature","geometry":{"type":"Point","coordinates":[-4.43009,36.72254]},"properties":{"anio":2023}},{"type":"Feature","geometry":{"type":"Point","coordinates":[-4.43009,36.72254]},"properties":{"anio":2023}},{"type":"Feature","geometry":{"type":"Point","coordinates":[-4.4297,36.72783]},"properties":{"anio":2023}},{"type":"Feature","geometry":{"type":"Point","coordinates":[-4.43009,36.72254]},"properties":{"anio":2023}},{"type":"Feature","geometry":{"type":"Point","coordinates":[-4.43009,36.72254]},"properties":{"anio":2023}},{"type":"Feature","geometry":{"type":"Point","coordinates":[-4.43009,36.72254]},"properties":{"anio":2023}},{"type":"Feature","geometry":{"type":"Point","coordinates":[-4.42363,36.72063]},"properties":{"anio":2023}},{"type":"Feature","geometry":{"type":"Point","coordinates":[-4.41722,36.72511]},"properties":{"anio":2023}},{"type":"Feature","geometry":{"type":"Point","coordinates":[-4.41942,36.72494]},"properties":{"anio":2023}},{"type":"Feature","geometry":{"type":"Point","coordinates":[-4.42743,36.72398]},"properties":{"anio":2023}},{"type":"Feature","geometry":{"type":"Point","coordinates":[-4.42074,36.72356]},"properties":{"anio":2023}},{"type":"Feature","geometry":{"type":"Point","coordinates":[-4.42482,36.72223]},"properties":{"anio":2023}},{"type":"Feature","geometry":{"type":"Point","coordinates":[-4.41546,36.73042]},"properties":{"anio":2023}},{"type":"Feature","geometry":{"type":"Point","coordinates":[-4.41135,36.71702]},"properties":{"anio":2023}},{"type":"Feature","geometry":{"type":"Point","coordinates":[-4.42759,36.72384]},"properties":{"anio":2023}},{"type":"Feature","geometry":{"type":"Point","coordinates":[-4.41974,36.72122]},"properties":{"anio":2023}},{"type":"Feature","geometry":{"type":"Point","coordinates":[-4.41883,36.72544]},"properties":{"anio":2023}},{"type":"Feature","geometry":{"type":"Point","coordinates":[-4.41708,36.72364]},"properties":{"anio":2023}},{"type":"Feature","geometry":{"type":"Point","coordinates":[-4.42949,36.72472]},"properties":{"anio":2023}},{"type":"Feature","geometry":{"type":"Point","coordinates":[-4.41942,36.72494]},"properties":{"anio":2023}},{"type":"Feature","geometry":{"type":"Point","coordinates":[-4.42663,36.71222]},"properties":{"anio":2023}},{"type":"Feature","geometry":{"type":"Point","coordinates":[-4.42949,36.72472]},"properties":{"anio":2023}},{"type":"Feature","geometry":{"type":"Point","coordinates":[-4.41108,36.72658]},"properties":{"anio":2023}},{"type":"Feature","geometry":{"type":"Point","coordinates":[-4.41049,36.72849]},"properties":{"anio":2023}},{"type":"Feature","geometry":{"type":"Point","coordinates":[-4.41646,36.72312]},"properties":{"anio":2023}},{"type":"Feature","geometry":{"type":"Point","coordinates":[-4.42342,36.71479]},"properties":{"anio":2023}},{"type":"Feature","geometry":{"type":"Point","coordinates":[-4.41091,36.72745]},"properties":{"anio":2023}},{"type":"Feature","geometry":{"type":"Point","coordinates":[-4.41168,36.71903]},"properties":{"anio":2023}},{"type":"Feature","geometry":{"type":"Point","coordinates":[-4.41576,36.72481]},"properties":{"anio":2023}},{"type":"Feature","geometry":{"type":"Point","coordinates":[-4.42321,36.71809]},"properties":{"anio":2023}},{"type":"Feature","geometry":{"type":"Point","coordinates":[-4.42353,36.72637]},"properties":{"anio":2023}},{"type":"Feature","geometry":{"type":"Point","coordinates":[-4.41864,36.73231]},"properties":{"anio":2023}},{"type":"Feature","geometry":{"type":"Point","coordinates":[-4.42295,36.73456]},"properties":{"anio":2023}},{"type":"Feature","geometry":{"type":"Point","coordinates":[-4.43259,36.72086]},"properties":{"anio":2023}},{"type":"Feature","geometry":{"type":"Point","coordinates":[-4.42365,36.72019]},"properties":{"anio":2023}},{"type":"Feature","geometry":{"type":"Point","coordinates":[-4.41609,36.72504]},"properties":{"anio":2023}},{"type":"Feature","geometry":{"type":"Point","coordinates":[-4.42709,36.71318]},"properties":{"anio":2023}},{"type":"Feature","geometry":{"type":"Point","coordinates":[-4.42302,36.72664]},"properties":{"anio":2023}},{"type":"Feature","geometry":{"type":"Point","coordinates":[-4.4178,36.7326]},"properties":{"anio":2023}},{"type":"Feature","geometry":{"type":"Point","coordinates":[-4.42381,36.72523]},"properties":{"anio":2023}},{"type":"Feature","geometry":{"type":"Point","coordinates":[-4.42847,36.724]},"properties":{"anio":2023}},{"type":"Feature","geometry":{"type":"Point","coordinates":[-4.43232,36.72026]},"properties":{"anio":2023}},{"type":"Feature","geometry":{"type":"Point","coordinates":[-4.42035,36.72621]},"properties":{"anio":2023}},{"type":"Feature","geometry":{"type":"Point","coordinates":[-4.41632,36.72401]},"properties":{"anio":2023}},{"type":"Feature","geometry":{"type":"Point","coordinates":[-4.42303,36.73039]},"properties":{"anio":2023}},{"type":"Feature","geometry":{"type":"Point","coordinates":[-4.42377,36.72899]},"properties":{"anio":2023}},{"type":"Feature","geometry":{"type":"Point","coordinates":[-4.42136,36.73092]},"properties":{"anio":2023}},{"type":"Feature","geometry":{"type":"Point","coordinates":[-4.41884,36.72097]},"properties":{"anio":2023}},{"type":"Feature","geometry":{"type":"Point","coordinates":[-4.42254,36.72272]},"properties":{"anio":2023}},{"type":"Feature","geometry":{"type":"Point","coordinates":[-4.42891,36.72595]},"properties":{"anio":2023}},{"type":"Feature","geometry":{"type":"Point","coordinates":[-4.4161,36.7259]},"properties":{"anio":2023}},{"type":"Feature","geometry":{"type":"Point","coordinates":[-4.42682,36.71216]},"properties":{"anio":2023}},{"type":"Feature","geometry":{"type":"Point","coordinates":[-4.41287,36.72768]},"properties":{"anio":2023}},{"type":"Feature","geometry":{"type":"Point","coordinates":[-4.425,36.72068]},"properties":{"anio":2023}},{"type":"Feature","geometry":{"type":"Point","coordinates":[-4.42363,36.71466]},"properties":{"anio":2023}},{"type":"Feature","geometry":{"type":"Point","coordinates":[-4.41178,36.71688]},"properties":{"anio":2023}},{"type":"Feature","geometry":{"type":"Point","coordinates":[-4.42699,36.72245]},"properties":{"anio":2023}},{"type":"Feature","geometry":{"type":"Point","coordinates":[-4.42427,36.72493]},"properties":{"anio":2023}},{"type":"Feature","geometry":{"type":"Point","coordinates":[-4.42303,36.73039]},"properties":{"anio":2023}},{"type":"Feature","geometry":{"type":"Point","coordinates":[-4.42284,36.72018]},"properties":{"anio":2023}},{"type":"Feature","geometry":{"type":"Point","coordinates":[-4.43185,36.72157]},"properties":{"anio":2023}},{"type":"Feature","geometry":{"type":"Point","coordinates":[-4.42066,36.72372]},"properties":{"anio":2023}},{"type":"Feature","geometry":{"type":"Point","coordinates":[-4.41982,36.72583]},"properties":{"anio":2023}},{"type":"Feature","geometry":{"type":"Point","coordinates":[-4.42178,36.72625]},"properties":{"anio":2023}},{"type":"Feature","geometry":{"type":"Point","coordinates":[-4.42433,36.72239]},"properties":{"anio":2023}},{"type":"Feature","geometry":{"type":"Point","coordinates":[-4.42538,36.72871]},"properties":{"anio":2023}},{"type":"Feature","geometry":{"type":"Point","coordinates":[-4.43062,36.7141]},"properties":{"anio":2023}},{"type":"Feature","geometry":{"type":"Point","coordinates":[-4.40406,36.72264]},"properties":{"anio":2023}},{"type":"Feature","geometry":{"type":"Point","coordinates":[-4.4197,36.7254]},"properties":{"anio":2023}},{"type":"Feature","geometry":{"type":"Point","coordinates":[-4.42035,36.72621]},"properties":{"anio":2023}},{"type":"Feature","geometry":{"type":"Point","coordinates":[-4.42871,36.72034]},"properties":{"anio":2023}},{"type":"Feature","geometry":{"type":"Point","coordinates":[-4.42334,36.72008]},"properties":{"anio":2023}},{"type":"Feature","geometry":{"type":"Point","coordinates":[-4.42,36.72529]},"properties":{"anio":2023}},{"type":"Feature","geometry":{"type":"Point","coordinates":[-4.41974,36.72122]},"properties":{"anio":2023}},{"type":"Feature","geometry":{"type":"Point","coordinates":[-4.41562,36.73435]},"properties":{"anio":2023}},{"type":"Feature","geometry":{"type":"Point","coordinates":[-4.42486,36.71478]},"properties":{"anio":2023}},{"type":"Feature","geometry":{"type":"Point","coordinates":[-4.41473,36.72712]},"properties":{"anio":2023}},{"type":"Feature","geometry":{"type":"Point","coordinates":[-4.42892,36.71402]},"properties":{"anio":2023}},{"type":"Feature","geometry":{"type":"Point","coordinates":[-4.42122,36.72974]},"properties":{"anio":2023}},{"type":"Feature","geometry":{"type":"Point","coordinates":[-4.41906,36.72288]},"properties":{"anio":2023}},{"type":"Feature","geometry":{"type":"Point","coordinates":[-4.40896,36.71904]},"properties":{"anio":2023}},{"type":"Feature","geometry":{"type":"Point","coordinates":[-4.42092,36.71982]},"properties":{"anio":2023}},{"type":"Feature","geometry":{"type":"Point","coordinates":[-4.42946,36.72763]},"properties":{"anio":2023}},{"type":"Feature","geometry":{"type":"Point","coordinates":[-4.42171,36.72663]},"properties":{"anio":2023}},{"type":"Feature","geometry":{"type":"Point","coordinates":[-4.42221,36.72735]},"properties":{"anio":2023}},{"type":"Feature","geometry":{"type":"Point","coordinates":[-4.4232,36.7258]},"properties":{"anio":2023}},{"type":"Feature","geometry":{"type":"Point","coordinates":[-4.41553,36.73082]},"properties":{"anio":2023}},{"type":"Feature","geometry":{"type":"Point","coordinates":[-4.40074,36.72215]},"properties":{"anio":2023}},{"type":"Feature","geometry":{"type":"Point","coordinates":[-4.42202,36.72794]},"properties":{"anio":2023}},{"type":"Feature","geometry":{"type":"Point","coordinates":[-4.42006,36.72536]},"properties":{"anio":2023}},{"type":"Feature","geometry":{"type":"Point","coordinates":[-4.41864,36.73231]},"properties":{"anio":2023}},{"type":"Feature","geometry":{"type":"Point","coordinates":[-4.41254,36.72729]},"properties":{"anio":2023}},{"type":"Feature","geometry":{"type":"Point","coordinates":[-4.4242,36.72309]},"properties":{"anio":2023}},{"type":"Feature","geometry":{"type":"Point","coordinates":[-4.41913,36.72544]},"properties":{"anio":2023}},{"type":"Feature","geometry":{"type":"Point","coordinates":[-4.43059,36.72358]},"properties":{"anio":2023}},{"type":"Feature","geometry":{"type":"Point","coordinates":[-4.42522,36.72874]},"properties":{"anio":2023}},{"type":"Feature","geometry":{"type":"Point","coordinates":[-4.43138,36.72184]},"properties":{"anio":2023}},{"type":"Feature","geometry":{"type":"Point","coordinates":[-4.41488,36.73781]},"properties":{"anio":2023}},{"type":"Feature","geometry":{"type":"Point","coordinates":[-4.42024,36.72521]},"properties":{"anio":2023}},{"type":"Feature","geometry":{"type":"Point","coordinates":[-4.42419,36.72293]},"properties":{"anio":2023}},{"type":"Feature","geometry":{"type":"Point","coordinates":[-4.42375,36.71517]},"properties":{"anio":2023}},{"type":"Feature","geometry":{"type":"Point","coordinates":[-4.42467,36.72314]},"properties":{"anio":2023}},{"type":"Feature","geometry":{"type":"Point","coordinates":[-4.41395,36.72931]},"properties":{"anio":2023}},{"type":"Feature","geometry":{"type":"Point","coordinates":[-4.43154,36.72113]},"properties":{"anio":2023}},{"type":"Feature","geometry":{"type":"Point","coordinates":[-4.42506,36.71966]},"properties":{"anio":2023}},{"type":"Feature","geometry":{"type":"Point","coordinates":[-4.42333,36.71562]},"properties":{"anio":2023}},{"type":"Feature","geometry":{"type":"Point","coordinates":[-4.43043,36.72352]},"properties":{"anio":2023}},{"type":"Feature","geometry":{"type":"Point","coordinates":[-4.41847,36.73083]},"properties":{"anio":2023}},{"type":"Feature","geometry":{"type":"Point","coordinates":[-4.42058,36.72527]},"properties":{"anio":2023}},{"type":"Feature","geometry":{"type":"Point","coordinates":[-4.41986,36.72961]},"properties":{"anio":2023}},{"type":"Feature","geometry":{"type":"Point","coordinates":[-4.4154,36.73014]},"properties":{"anio":2023}},{"type":"Feature","geometry":{"type":"Point","coordinates":[-4.43259,36.72086]},"properties":{"anio":2023}},{"type":"Feature","geometry":{"type":"Point","coordinates":[-4.41971,36.72391]},"properties":{"anio":2023}},{"type":"Feature","geometry":{"type":"Point","coordinates":[-4.41687,36.72403]},"properties":{"anio":2023}},{"type":"Feature","geometry":{"type":"Point","coordinates":[-4.421,36.72939]},"properties":{"anio":2023}},{"type":"Feature","geometry":{"type":"Point","coordinates":[-4.41796,36.72606]},"properties":{"anio":2023}},{"type":"Feature","geometry":{"type":"Point","coordinates":[-4.41163,36.72787]},"properties":{"anio":2023}},{"type":"Feature","geometry":{"type":"Point","coordinates":[-4.41571,36.72431]},"properties":{"anio":2023}},{"type":"Feature","geometry":{"type":"Point","coordinates":[-4.41943,36.72534]},"properties":{"anio":2023}},{"type":"Feature","geometry":{"type":"Point","coordinates":[-4.41473,36.72712]},"properties":{"anio":2023}},{"type":"Feature","geometry":{"type":"Point","coordinates":[-4.42481,36.72791]},"properties":{"anio":2023}},{"type":"Feature","geometry":{"type":"Point","coordinates":[-4.41933,36.72506]},"properties":{"anio":2023}},{"type":"Feature","geometry":{"type":"Point","coordinates":[-4.42303,36.73039]},"properties":{"anio":2023}},{"type":"Feature","geometry":{"type":"Point","coordinates":[-4.42883,36.71101]},"properties":{"anio":2023}},{"type":"Feature","geometry":{"type":"Point","coordinates":[-4.43037,36.72474]},"properties":{"anio":2023}},{"type":"Feature","geometry":{"type":"Point","coordinates":[-4.41387,36.72868]},"properties":{"anio":2023}},{"type":"Feature","geometry":{"type":"Point","coordinates":[-4.42847,36.724]},"properties":{"anio":2023}},{"type":"Feature","geometry":{"type":"Point","coordinates":[-4.42537,36.72623]},"properties":{"anio":2023}},{"type":"Feature","geometry":{"type":"Point","coordinates":[-4.42883,36.71921]},"properties":{"anio":2023}},{"type":"Feature","geometry":{"type":"Point","coordinates":[-4.42824,36.71322]},"properties":{"anio":2023}},{"type":"Feature","geometry":{"type":"Point","coordinates":[-4.42283,36.7247]},"properties":{"anio":2023}},{"type":"Feature","geometry":{"type":"Point","coordinates":[-4.42922,36.71633]},"properties":{"anio":2023}},{"type":"Feature","geometry":{"type":"Point","coordinates":[-4.4283,36.72554]},"properties":{"anio":2023}},{"type":"Feature","geometry":{"type":"Point","coordinates":[-4.42915,36.71915]},"properties":{"anio":2023}},{"type":"Feature","geometry":{"type":"Point","coordinates":[-4.42266,36.72541]},"properties":{"anio":2023}},{"type":"Feature","geometry":{"type":"Point","coordinates":[-4.42235,36.72047]},"properties":{"anio":2023}},{"type":"Feature","geometry":{"type":"Point","coordinates":[-4.41828,36.72069]},"properties":{"anio":2023}},{"type":"Feature","geometry":{"type":"Point","coordinates":[-4.41864,36.72418]},"properties":{"anio":2023}},{"type":"Feature","geometry":{"type":"Point","coordinates":[-4.42248,36.72387]},"properties":{"anio":2023}},{"type":"Feature","geometry":{"type":"Point","coordinates":[-4.43003,36.72754]},"properties":{"anio":2023}},{"type":"Feature","geometry":{"type":"Point","coordinates":[-4.41237,36.71731]},"properties":{"anio":2023}},{"type":"Feature","geometry":{"type":"Point","coordinates":[-4.41373,36.72776]},"properties":{"anio":2023}},{"type":"Feature","geometry":{"type":"Point","coordinates":[-4.40896,36.71904]},"properties":{"anio":2023}},{"type":"Feature","geometry":{"type":"Point","coordinates":[-4.41559,36.72398]},"properties":{"anio":2023}},{"type":"Feature","geometry":{"type":"Point","coordinates":[-4.41125,36.71744]},"properties":{"anio":2023}},{"type":"Feature","geometry":{"type":"Point","coordinates":[-4.41578,36.72528]},"properties":{"anio":2023}},{"type":"Feature","geometry":{"type":"Point","coordinates":[-4.42035,36.72621]},"properties":{"anio":2023}},{"type":"Feature","geometry":{"type":"Point","coordinates":[-4.42433,36.72239]},"properties":{"anio":2023}},{"type":"Feature","geometry":{"type":"Point","coordinates":[-4.42474,36.71877]},"properties":{"anio":2023}},{"type":"Feature","geometry":{"type":"Point","coordinates":[-4.42464,36.71864]},"properties":{"anio":2023}},{"type":"Feature","geometry":{"type":"Point","coordinates":[-4.4205,36.72573]},"properties":{"anio":2023}},{"type":"Feature","geometry":{"type":"Point","coordinates":[-4.42506,36.72705]},"properties":{"anio":2023}},{"type":"Feature","geometry":{"type":"Point","coordinates":[-4.4212,36.72357]},"properties":{"anio":2023}},{"type":"Feature","geometry":{"type":"Point","coordinates":[-4.42979,36.72385]},"properties":{"anio":2023}},{"type":"Feature","geometry":{"type":"Point","coordinates":[-4.42501,36.7209]},"properties":{"anio":2023}},{"type":"Feature","geometry":{"type":"Point","coordinates":[-4.41977,36.72349]},"properties":{"anio":2023}},{"type":"Feature","geometry":{"type":"Point","coordinates":[-4.42092,36.71982]},"properties":{"anio":2023}},{"type":"Feature","geometry":{"type":"Point","coordinates":[-4.42092,36.71982]},"properties":{"anio":2023}},{"type":"Feature","geometry":{"type":"Point","coordinates":[-4.42457,36.71661]},"properties":{"anio":2023}},{"type":"Feature","geometry":{"type":"Point","coordinates":[-4.42066,36.72372]},"properties":{"anio":2023}},{"type":"Feature","geometry":{"type":"Point","coordinates":[-4.42066,36.72372]},"properties":{"anio":2023}},{"type":"Feature","geometry":{"type":"Point","coordinates":[-4.41178,36.72716]},"properties":{"anio":2023}},{"type":"Feature","geometry":{"type":"Point","coordinates":[-4.42073,36.72697]},"properties":{"anio":2023}},{"type":"Feature","geometry":{"type":"Point","coordinates":[-4.42368,36.7199]},"properties":{"anio":2023}},{"type":"Feature","geometry":{"type":"Point","coordinates":[-4.41904,36.72431]},"properties":{"anio":2023}},{"type":"Feature","geometry":{"type":"Point","coordinates":[-4.41105,36.71801]},"properties":{"anio":2023}},{"type":"Feature","geometry":{"type":"Point","coordinates":[-4.42506,36.72705]},"properties":{"anio":2023}},{"type":"Feature","geometry":{"type":"Point","coordinates":[-4.42263,36.7183]},"properties":{"anio":2023}},{"type":"Feature","geometry":{"type":"Point","coordinates":[-4.41982,36.72583]},"properties":{"anio":2023}},{"type":"Feature","geometry":{"type":"Point","coordinates":[-4.41719,36.72531]},"properties":{"anio":2023}},{"type":"Feature","geometry":{"type":"Point","coordinates":[-4.42942,36.7113]},"properties":{"anio":2023}},{"type":"Feature","geometry":{"type":"Point","coordinates":[-4.41823,36.72424]},"properties":{"anio":2023}},{"type":"Feature","geometry":{"type":"Point","coordinates":[-4.41633,36.72352]},"properties":{"anio":2023}},{"type":"Feature","geometry":{"type":"Point","coordinates":[-4.41167,36.72721]},"properties":{"anio":2023}},{"type":"Feature","geometry":{"type":"Point","coordinates":[-4.41955,36.73109]},"properties":{"anio":2023}},{"type":"Feature","geometry":{"type":"Point","coordinates":[-4.41808,36.72361]},"properties":{"anio":2023}},{"type":"Feature","geometry":{"type":"Point","coordinates":[-4.42227,36.72728]},"properties":{"anio":2023}},{"type":"Feature","geometry":{"type":"Point","coordinates":[-4.42028,36.7286]},"properties":{"anio":2023}},{"type":"Feature","geometry":{"type":"Point","coordinates":[-4.42207,36.72425]},"properties":{"anio":2023}},{"type":"Feature","geometry":{"type":"Point","coordinates":[-4.4196,36.72174]},"properties":{"anio":2023}},{"type":"Feature","geometry":{"type":"Point","coordinates":[-4.4248,36.71848]},"properties":{"anio":2023}},{"type":"Feature","geometry":{"type":"Point","coordinates":[-4.41456,36.72855]},"properties":{"anio":2023}},{"type":"Feature","geometry":{"type":"Point","coordinates":[-4.42261,36.72319]},"properties":{"anio":2023}},{"type":"Feature","geometry":{"type":"Point","coordinates":[-4.42338,36.71433]},"properties":{"anio":2023}},{"type":"Feature","geometry":{"type":"Point","coordinates":[-4.42314,36.71457]},"properties":{"anio":2023}},{"type":"Feature","geometry":{"type":"Point","coordinates":[-4.42194,36.72197]},"properties":{"anio":2023}},{"type":"Feature","geometry":{"type":"Point","coordinates":[-4.42016,36.72401]},"properties":{"anio":2023}},{"type":"Feature","geometry":{"type":"Point","coordinates":[-4.41178,36.71688]},"properties":{"anio":2023}},{"type":"Feature","geometry":{"type":"Point","coordinates":[-4.41901,36.72324]},"properties":{"anio":2023}},{"type":"Feature","geometry":{"type":"Point","coordinates":[-4.42705,36.72262]},"properties":{"anio":2023}},{"type":"Feature","geometry":{"type":"Point","coordinates":[-4.41971,36.73003]},"properties":{"anio":2023}},{"type":"Feature","geometry":{"type":"Point","coordinates":[-4.41814,36.73202]},"properties":{"anio":2023}},{"type":"Feature","geometry":{"type":"Point","coordinates":[-4.41906,36.7252]},"properties":{"anio":2023}},{"type":"Feature","geometry":{"type":"Point","coordinates":[-4.42185,36.72281]},"properties":{"anio":2023}},{"type":"Feature","geometry":{"type":"Point","coordinates":[-4.41785,36.73136]},"properties":{"anio":2023}},{"type":"Feature","geometry":{"type":"Point","coordinates":[-4.43027,36.71418]},"properties":{"anio":2023}},{"type":"Feature","geometry":{"type":"Point","coordinates":[-4.4097,36.71982]},"properties":{"anio":2023}},{"type":"Feature","geometry":{"type":"Point","coordinates":[-4.40563,36.72421]},"properties":{"anio":2023}},{"type":"Feature","geometry":{"type":"Point","coordinates":[-4.42045,36.72444]},"properties":{"anio":2023}},{"type":"Feature","geometry":{"type":"Point","coordinates":[-4.42338,36.71433]},"properties":{"anio":2023}},{"type":"Feature","geometry":{"type":"Point","coordinates":[-4.41588,36.72517]},"properties":{"anio":2023}},{"type":"Feature","geometry":{"type":"Point","coordinates":[-4.42312,36.72379]},"properties":{"anio":2023}},{"type":"Feature","geometry":{"type":"Point","coordinates":[-4.422,36.72059]},"properties":{"anio":2023}},{"type":"Feature","geometry":{"type":"Point","coordinates":[-4.40613,36.72805]},"properties":{"anio":2023}},{"type":"Feature","geometry":{"type":"Point","coordinates":[-4.40896,36.72008]},"properties":{"anio":2023}},{"type":"Feature","geometry":{"type":"Point","coordinates":[-4.4196,36.72174]},"properties":{"anio":2023}},{"type":"Feature","geometry":{"type":"Point","coordinates":[-4.4196,36.72174]},"properties":{"anio":2023}},{"type":"Feature","geometry":{"type":"Point","coordinates":[-4.4196,36.72174]},"properties":{"anio":2023}},{"type":"Feature","geometry":{"type":"Point","coordinates":[-4.41579,36.73066]},"properties":{"anio":2023}},{"type":"Feature","geometry":{"type":"Point","coordinates":[-4.41523,36.72518]},"properties":{"anio":2023}},{"type":"Feature","geometry":{"type":"Point","coordinates":[-4.42771,36.71461]},"properties":{"anio":2023}},{"type":"Feature","geometry":{"type":"Point","coordinates":[-4.42074,36.72356]},"properties":{"anio":2023}},{"type":"Feature","geometry":{"type":"Point","coordinates":[-4.41518,36.73267]},"properties":{"anio":2023}},{"type":"Feature","geometry":{"type":"Point","coordinates":[-4.42956,36.72644]},"properties":{"anio":2023}},{"type":"Feature","geometry":{"type":"Point","coordinates":[-4.42956,36.72644]},"properties":{"anio":2023}},{"type":"Feature","geometry":{"type":"Point","coordinates":[-4.43194,36.72047]},"properties":{"anio":2023}},{"type":"Feature","geometry":{"type":"Point","coordinates":[-4.4232,36.7258]},"properties":{"anio":2023}},{"type":"Feature","geometry":{"type":"Point","coordinates":[-4.41227,36.7277]},"properties":{"anio":2023}},{"type":"Feature","geometry":{"type":"Point","coordinates":[-4.40638,36.73636]},"properties":{"anio":2023}},{"type":"Feature","geometry":{"type":"Point","coordinates":[-4.41823,36.72424]},"properties":{"anio":2023}},{"type":"Feature","geometry":{"type":"Point","coordinates":[-4.42518,36.72259]},"properties":{"anio":2023}},{"type":"Feature","geometry":{"type":"Point","coordinates":[-4.42631,36.72349]},"properties":{"anio":2023}},{"type":"Feature","geometry":{"type":"Point","coordinates":[-4.42631,36.72349]},"properties":{"anio":2023}},{"type":"Feature","geometry":{"type":"Point","coordinates":[-4.43178,36.72375]},"properties":{"anio":2023}},{"type":"Feature","geometry":{"type":"Point","coordinates":[-4.43035,36.72231]},"properties":{"anio":2023}},{"type":"Feature","geometry":{"type":"Point","coordinates":[-4.41473,36.72712]},"properties":{"anio":2023}},{"type":"Feature","geometry":{"type":"Point","coordinates":[-4.42047,36.72598]},"properties":{"anio":2023}},{"type":"Feature","geometry":{"type":"Point","coordinates":[-4.40516,36.72411]},"properties":{"anio":2023}},{"type":"Feature","geometry":{"type":"Point","coordinates":[-4.43037,36.72474]},"properties":{"anio":2023}},{"type":"Feature","geometry":{"type":"Point","coordinates":[-4.4197,36.7254]},"properties":{"anio":2023}},{"type":"Feature","geometry":{"type":"Point","coordinates":[-4.42207,36.72425]},"properties":{"anio":2023}},{"type":"Feature","geometry":{"type":"Point","coordinates":[-4.42834,36.71456]},"properties":{"anio":2023}},{"type":"Feature","geometry":{"type":"Point","coordinates":[-4.42169,36.72148]},"properties":{"anio":2023}},{"type":"Feature","geometry":{"type":"Point","coordinates":[-4.42169,36.72148]},"properties":{"anio":2023}},{"type":"Feature","geometry":{"type":"Point","coordinates":[-4.42169,36.72148]},"properties":{"anio":2023}},{"type":"Feature","geometry":{"type":"Point","coordinates":[-4.42093,36.72052]},"properties":{"anio":2023}},{"type":"Feature","geometry":{"type":"Point","coordinates":[-4.42527,36.72376]},"properties":{"anio":2023}},{"type":"Feature","geometry":{"type":"Point","coordinates":[-4.41917,36.7297]},"properties":{"anio":2023}},{"type":"Feature","geometry":{"type":"Point","coordinates":[-4.42518,36.72259]},"properties":{"anio":2023}},{"type":"Feature","geometry":{"type":"Point","coordinates":[-4.4157,36.72656]},"properties":{"anio":2023}},{"type":"Feature","geometry":{"type":"Point","coordinates":[-4.42044,36.72159]},"properties":{"anio":2023}},{"type":"Feature","geometry":{"type":"Point","coordinates":[-4.42994,36.72419]},"properties":{"anio":2023}},{"type":"Feature","geometry":{"type":"Point","coordinates":[-4.42183,36.72459]},"properties":{"anio":2023}},{"type":"Feature","geometry":{"type":"Point","coordinates":[-4.42054,36.72102]},"properties":{"anio":2023}},{"type":"Feature","geometry":{"type":"Point","coordinates":[-4.41652,36.72358]},"properties":{"anio":2023}},{"type":"Feature","geometry":{"type":"Point","coordinates":[-4.4251,36.72924]},"properties":{"anio":2023}},{"type":"Feature","geometry":{"type":"Point","coordinates":[-4.41865,36.72337]},"properties":{"anio":2023}},{"type":"Feature","geometry":{"type":"Point","coordinates":[-4.41945,36.72234]},"properties":{"anio":2023}},{"type":"Feature","geometry":{"type":"Point","coordinates":[-4.41125,36.71744]},"properties":{"anio":2023}},{"type":"Feature","geometry":{"type":"Point","coordinates":[-4.42333,36.71562]},"properties":{"anio":2023}},{"type":"Feature","geometry":{"type":"Point","coordinates":[-4.42174,36.71974]},"properties":{"anio":2023}},{"type":"Feature","geometry":{"type":"Point","coordinates":[-4.42174,36.71974]},"properties":{"anio":2023}},{"type":"Feature","geometry":{"type":"Point","coordinates":[-4.42174,36.71974]},"properties":{"anio":2023}},{"type":"Feature","geometry":{"type":"Point","coordinates":[-4.40933,36.7191]},"properties":{"anio":2023}},{"type":"Feature","geometry":{"type":"Point","coordinates":[-4.42955,36.72405]},"properties":{"anio":2023}},{"type":"Feature","geometry":{"type":"Point","coordinates":[-4.42474,36.71377]},"properties":{"anio":2023}},{"type":"Feature","geometry":{"type":"Point","coordinates":[-4.42474,36.71377]},"properties":{"anio":2023}},{"type":"Feature","geometry":{"type":"Point","coordinates":[-4.42689,36.72313]},"properties":{"anio":2023}},{"type":"Feature","geometry":{"type":"Point","coordinates":[-4.42472,36.71888]},"properties":{"anio":2023}},{"type":"Feature","geometry":{"type":"Point","coordinates":[-4.42453,36.7225]},"properties":{"anio":2023}},{"type":"Feature","geometry":{"type":"Point","coordinates":[-4.41828,36.72069]},"properties":{"anio":2023}},{"type":"Feature","geometry":{"type":"Point","coordinates":[-4.41192,36.72741]},"properties":{"anio":2023}},{"type":"Feature","geometry":{"type":"Point","coordinates":[-4.424,36.72434]},"properties":{"anio":2023}},{"type":"Feature","geometry":{"type":"Point","coordinates":[-4.43059,36.72358]},"properties":{"anio":2023}},{"type":"Feature","geometry":{"type":"Point","coordinates":[-4.42431,36.72388]},"properties":{"anio":2023}},{"type":"Feature","geometry":{"type":"Point","coordinates":[-4.42354,36.72414]},"properties":{"anio":2023}},{"type":"Feature","geometry":{"type":"Point","coordinates":[-4.42354,36.72414]},"properties":{"anio":2023}},{"type":"Feature","geometry":{"type":"Point","coordinates":[-4.42354,36.72414]},"properties":{"anio":2023}},{"type":"Feature","geometry":{"type":"Point","coordinates":[-4.42212,36.71925]},"properties":{"anio":2023}},{"type":"Feature","geometry":{"type":"Point","coordinates":[-4.41472,36.72501]},"properties":{"anio":2023}},{"type":"Feature","geometry":{"type":"Point","coordinates":[-4.41773,36.73183]},"properties":{"anio":2023}},{"type":"Feature","geometry":{"type":"Point","coordinates":[-4.42035,36.72621]},"properties":{"anio":2023}},{"type":"Feature","geometry":{"type":"Point","coordinates":[-4.42036,36.72716]},"properties":{"anio":2023}},{"type":"Feature","geometry":{"type":"Point","coordinates":[-4.42909,36.71245]},"properties":{"anio":2023}},{"type":"Feature","geometry":{"type":"Point","coordinates":[-4.41338,36.72711]},"properties":{"anio":2023}},{"type":"Feature","geometry":{"type":"Point","coordinates":[-4.42262,36.72095]},"properties":{"anio":2023}},{"type":"Feature","geometry":{"type":"Point","coordinates":[-4.42262,36.72095]},"properties":{"anio":2023}},{"type":"Feature","geometry":{"type":"Point","coordinates":[-4.42262,36.72095]},"properties":{"anio":2023}},{"type":"Feature","geometry":{"type":"Point","coordinates":[-4.42229,36.72178]},"properties":{"anio":2023}},{"type":"Feature","geometry":{"type":"Point","coordinates":[-4.4213,36.72618]},"properties":{"anio":2023}},{"type":"Feature","geometry":{"type":"Point","coordinates":[-4.41148,36.72683]},"properties":{"anio":2023}},{"type":"Feature","geometry":{"type":"Point","coordinates":[-4.42316,36.72223]},"properties":{"anio":2023}},{"type":"Feature","geometry":{"type":"Point","coordinates":[-4.41851,36.72337]},"properties":{"anio":2023}},{"type":"Feature","geometry":{"type":"Point","coordinates":[-4.42113,36.72245]},"properties":{"anio":2023}},{"type":"Feature","geometry":{"type":"Point","coordinates":[-4.424,36.72905]},"properties":{"anio":2023}},{"type":"Feature","geometry":{"type":"Point","coordinates":[-4.43059,36.72358]},"properties":{"anio":2023}},{"type":"Feature","geometry":{"type":"Point","coordinates":[-4.4154,36.73014]},"properties":{"anio":2023}},{"type":"Feature","geometry":{"type":"Point","coordinates":[-4.4154,36.73014]},"properties":{"anio":2023}},{"type":"Feature","geometry":{"type":"Point","coordinates":[-4.42329,36.72773]},"properties":{"anio":2023}},{"type":"Feature","geometry":{"type":"Point","coordinates":[-4.4237,36.72006]},"properties":{"anio":2023}},{"type":"Feature","geometry":{"type":"Point","coordinates":[-4.42035,36.72621]},"properties":{"anio":2023}},{"type":"Feature","geometry":{"type":"Point","coordinates":[-4.42663,36.71222]},"properties":{"anio":2023}},{"type":"Feature","geometry":{"type":"Point","coordinates":[-4.42504,36.72937]},"properties":{"anio":2023}},{"type":"Feature","geometry":{"type":"Point","coordinates":[-4.42881,36.71962]},"properties":{"anio":2023}},{"type":"Feature","geometry":{"type":"Point","coordinates":[-4.43147,36.72066]},"properties":{"anio":2023}},{"type":"Feature","geometry":{"type":"Point","coordinates":[-4.43096,36.72492]},"properties":{"anio":2023}},{"type":"Feature","geometry":{"type":"Point","coordinates":[-4.4154,36.73014]},"properties":{"anio":2023}},{"type":"Feature","geometry":{"type":"Point","coordinates":[-4.42538,36.72506]},"properties":{"anio":2023}},{"type":"Feature","geometry":{"type":"Point","coordinates":[-4.4069,36.72098]},"properties":{"anio":2023}},{"type":"Feature","geometry":{"type":"Point","coordinates":[-4.4069,36.72098]},"properties":{"anio":2023}},{"type":"Feature","geometry":{"type":"Point","coordinates":[-4.41555,36.72869]},"properties":{"anio":2023}},{"type":"Feature","geometry":{"type":"Point","coordinates":[-4.42884,36.71255]},"properties":{"anio":2023}},{"type":"Feature","geometry":{"type":"Point","coordinates":[-4.42833,36.71158]},"properties":{"anio":2023}},{"type":"Feature","geometry":{"type":"Point","coordinates":[-4.42823,36.71823]},"properties":{"anio":2023}},{"type":"Feature","geometry":{"type":"Point","coordinates":[-4.42219,36.72503]},"properties":{"anio":2023}},{"type":"Feature","geometry":{"type":"Point","coordinates":[-4.42698,36.72159]},"properties":{"anio":2023}},{"type":"Feature","geometry":{"type":"Point","coordinates":[-4.43138,36.72184]},"properties":{"anio":2023}},{"type":"Feature","geometry":{"type":"Point","coordinates":[-4.41125,36.71744]},"properties":{"anio":2023}},{"type":"Feature","geometry":{"type":"Point","coordinates":[-4.42129,36.72181]},"properties":{"anio":2023}},{"type":"Feature","geometry":{"type":"Point","coordinates":[-4.42129,36.72172]},"properties":{"anio":2023}},{"type":"Feature","geometry":{"type":"Point","coordinates":[-4.41315,36.72825]},"properties":{"anio":2023}},{"type":"Feature","geometry":{"type":"Point","coordinates":[-4.42184,36.72299]},"properties":{"anio":2023}},{"type":"Feature","geometry":{"type":"Point","coordinates":[-4.41801,36.724]},"properties":{"anio":2023}},{"type":"Feature","geometry":{"type":"Point","coordinates":[-4.41801,36.724]},"properties":{"anio":2023}},{"type":"Feature","geometry":{"type":"Point","coordinates":[-4.42332,36.72716]},"properties":{"anio":2023}},{"type":"Feature","geometry":{"type":"Point","coordinates":[-4.42801,36.71317]},"properties":{"anio":2023}},{"type":"Feature","geometry":{"type":"Point","coordinates":[-4.42963,36.72706]},"properties":{"anio":2023}},{"type":"Feature","geometry":{"type":"Point","coordinates":[-4.42384,36.71472]},"properties":{"anio":2023}},{"type":"Feature","geometry":{"type":"Point","coordinates":[-4.41917,36.7297]},"properties":{"anio":2023}},{"type":"Feature","geometry":{"type":"Point","coordinates":[-4.42801,36.71317]},"properties":{"anio":2023}},{"type":"Feature","geometry":{"type":"Point","coordinates":[-4.43037,36.72474]},"properties":{"anio":2023}},{"type":"Feature","geometry":{"type":"Point","coordinates":[-4.41917,36.7297]},"properties":{"anio":2023}},{"type":"Feature","geometry":{"type":"Point","coordinates":[-4.40224,36.72305]},"properties":{"anio":2023}},{"type":"Feature","geometry":{"type":"Point","coordinates":[-4.41148,36.72683]},"properties":{"anio":2023}},{"type":"Feature","geometry":{"type":"Point","coordinates":[-4.4154,36.73014]},"properties":{"anio":2023}},{"type":"Feature","geometry":{"type":"Point","coordinates":[-4.41432,36.72925]},"properties":{"anio":2023}},{"type":"Feature","geometry":{"type":"Point","coordinates":[-4.41916,36.72201]},"properties":{"anio":2023}},{"type":"Feature","geometry":{"type":"Point","coordinates":[-4.42248,36.72387]},"properties":{"anio":2023}},{"type":"Feature","geometry":{"type":"Point","coordinates":[-4.42527,36.72376]},"properties":{"anio":2023}},{"type":"Feature","geometry":{"type":"Point","coordinates":[-4.42003,36.72445]},"properties":{"anio":2023}},{"type":"Feature","geometry":{"type":"Point","coordinates":[-4.41452,36.7294]},"properties":{"anio":2023}},{"type":"Feature","geometry":{"type":"Point","coordinates":[-4.41227,36.7277]},"properties":{"anio":2023}},{"type":"Feature","geometry":{"type":"Point","coordinates":[-4.42528,36.71468]},"properties":{"anio":2023}},{"type":"Feature","geometry":{"type":"Point","coordinates":[-4.42044,36.72556]},"properties":{"anio":2023}},{"type":"Feature","geometry":{"type":"Point","coordinates":[-4.41521,36.73354]},"properties":{"anio":2023}},{"type":"Feature","geometry":{"type":"Point","coordinates":[-4.42044,36.72556]},"properties":{"anio":2023}},{"type":"Feature","geometry":{"type":"Point","coordinates":[-4.40805,36.71976]},"properties":{"anio":2023}},{"type":"Feature","geometry":{"type":"Point","coordinates":[-4.41125,36.71744]},"properties":{"anio":2023}},{"type":"Feature","geometry":{"type":"Point","coordinates":[-4.41897,36.72568]},"properties":{"anio":2023}},{"type":"Feature","geometry":{"type":"Point","coordinates":[-4.43007,36.72336]},"properties":{"anio":2023}},{"type":"Feature","geometry":{"type":"Point","coordinates":[-4.4098,36.72797]},"properties":{"anio":2023}},{"type":"Feature","geometry":{"type":"Point","coordinates":[-4.42,36.72218]},"properties":{"anio":2023}},{"type":"Feature","geometry":{"type":"Point","coordinates":[-4.41914,36.72471]},"properties":{"anio":2023}},{"type":"Feature","geometry":{"type":"Point","coordinates":[-4.41555,36.72611]},"properties":{"anio":2023}},{"type":"Feature","geometry":{"type":"Point","coordinates":[-4.42453,36.72903]},"properties":{"anio":2023}},{"type":"Feature","geometry":{"type":"Point","coordinates":[-4.41422,36.73027]},"properties":{"anio":2023}},{"type":"Feature","geometry":{"type":"Point","coordinates":[-4.42906,36.72381]},"properties":{"anio":2023}},{"type":"Feature","geometry":{"type":"Point","coordinates":[-4.41108,36.72658]},"properties":{"anio":2023}},{"type":"Feature","geometry":{"type":"Point","coordinates":[-4.41504,36.72629]},"properties":{"anio":2023}},{"type":"Feature","geometry":{"type":"Point","coordinates":[-4.42659,36.72496]},"properties":{"anio":2023}},{"type":"Feature","geometry":{"type":"Point","coordinates":[-4.43076,36.72141]},"properties":{"anio":2023}},{"type":"Feature","geometry":{"type":"Point","coordinates":[-4.42902,36.72405]},"properties":{"anio":2023}},{"type":"Feature","geometry":{"type":"Point","coordinates":[-4.42556,36.72771]},"properties":{"anio":2023}},{"type":"Feature","geometry":{"type":"Point","coordinates":[-4.41646,36.72312]},"properties":{"anio":2023}},{"type":"Feature","geometry":{"type":"Point","coordinates":[-4.41862,36.72371]},"properties":{"anio":2023}},{"type":"Feature","geometry":{"type":"Point","coordinates":[-4.42332,36.72716]},"properties":{"anio":2023}},{"type":"Feature","geometry":{"type":"Point","coordinates":[-4.4184,36.73063]},"properties":{"anio":2023}},{"type":"Feature","geometry":{"type":"Point","coordinates":[-4.43258,36.72105]},"properties":{"anio":2023}},{"type":"Feature","geometry":{"type":"Point","coordinates":[-4.41918,36.73267]},"properties":{"anio":2023}},{"type":"Feature","geometry":{"type":"Point","coordinates":[-4.41918,36.73267]},"properties":{"anio":2023}},{"type":"Feature","geometry":{"type":"Point","coordinates":[-4.41711,36.72403]},"properties":{"anio":2023}},{"type":"Feature","geometry":{"type":"Point","coordinates":[-4.41918,36.73267]},"properties":{"anio":2023}},{"type":"Feature","geometry":{"type":"Point","coordinates":[-4.41676,36.73274]},"properties":{"anio":2023}},{"type":"Feature","geometry":{"type":"Point","coordinates":[-4.42289,36.72268]},"properties":{"anio":2023}},{"type":"Feature","geometry":{"type":"Point","coordinates":[-4.42721,36.71346]},"properties":{"anio":2023}},{"type":"Feature","geometry":{"type":"Point","coordinates":[-4.42363,36.71942]},"properties":{"anio":2023}},{"type":"Feature","geometry":{"type":"Point","coordinates":[-4.41834,36.72416]},"properties":{"anio":2023}},{"type":"Feature","geometry":{"type":"Point","coordinates":[-4.42707,36.72581]},"properties":{"anio":2023}},{"type":"Feature","geometry":{"type":"Point","coordinates":[-4.42183,36.72459]},"properties":{"anio":2023}},{"type":"Feature","geometry":{"type":"Point","coordinates":[-4.41742,36.72256]},"properties":{"anio":2023}},{"type":"Feature","geometry":{"type":"Point","coordinates":[-4.42048,36.7213]},"properties":{"anio":2023}},{"type":"Feature","geometry":{"type":"Point","coordinates":[-4.42048,36.7213]},"properties":{"anio":2023}},{"type":"Feature","geometry":{"type":"Point","coordinates":[-4.42277,36.72055]},"properties":{"anio":2023}},{"type":"Feature","geometry":{"type":"Point","coordinates":[-4.41454,36.72693]},"properties":{"anio":2023}},{"type":"Feature","geometry":{"type":"Point","coordinates":[-4.42353,36.72637]},"properties":{"anio":2023}},{"type":"Feature","geometry":{"type":"Point","coordinates":[-4.42499,36.71906]},"properties":{"anio":2023}},{"type":"Feature","geometry":{"type":"Point","coordinates":[-4.42357,36.72113]},"properties":{"anio":2023}},{"type":"Feature","geometry":{"type":"Point","coordinates":[-4.42036,36.72736]},"properties":{"anio":2023}},{"type":"Feature","geometry":{"type":"Point","coordinates":[-4.43009,36.72761]},"properties":{"anio":2023}},{"type":"Feature","geometry":{"type":"Point","coordinates":[-4.42044,36.71995]},"properties":{"anio":2023}},{"type":"Feature","geometry":{"type":"Point","coordinates":[-4.41706,36.72501]},"properties":{"anio":2023}},{"type":"Feature","geometry":{"type":"Point","coordinates":[-4.42303,36.73039]},"properties":{"anio":2023}},{"type":"Feature","geometry":{"type":"Point","coordinates":[-4.4213,36.72319]},"properties":{"anio":2023}},{"type":"Feature","geometry":{"type":"Point","coordinates":[-4.42149,36.72663]},"properties":{"anio":2023}},{"type":"Feature","geometry":{"type":"Point","coordinates":[-4.42275,36.72771]},"properties":{"anio":2023}},{"type":"Feature","geometry":{"type":"Point","coordinates":[-4.42482,36.72223]},"properties":{"anio":2023}},{"type":"Feature","geometry":{"type":"Point","coordinates":[-4.4246,36.73019]},"properties":{"anio":2023}},{"type":"Feature","geometry":{"type":"Point","coordinates":[-4.42853,36.71317]},"properties":{"anio":2023}},{"type":"Feature","geometry":{"type":"Point","coordinates":[-4.43194,36.72047]},"properties":{"anio":2023}},{"type":"Feature","geometry":{"type":"Point","coordinates":[-4.42847,36.724]},"properties":{"anio":2023}},{"type":"Feature","geometry":{"type":"Point","coordinates":[-4.42155,36.72396]},"properties":{"anio":2023}},{"type":"Feature","geometry":{"type":"Point","coordinates":[-4.4232,36.7258]},"properties":{"anio":2023}},{"type":"Feature","geometry":{"type":"Point","coordinates":[-4.41957,36.732]},"properties":{"anio":2023}},{"type":"Feature","geometry":{"type":"Point","coordinates":[-4.42093,36.72052]},"properties":{"anio":2023}},{"type":"Feature","geometry":{"type":"Point","coordinates":[-4.41099,36.72899]},"properties":{"anio":2023}},{"type":"Feature","geometry":{"type":"Point","coordinates":[-4.41544,36.72912]},"properties":{"anio":2023}},{"type":"Feature","geometry":{"type":"Point","coordinates":[-4.42825,36.72249]},"properties":{"anio":2023}},{"type":"Feature","geometry":{"type":"Point","coordinates":[-4.41374,36.72835]},"properties":{"anio":2023}},{"type":"Feature","geometry":{"type":"Point","coordinates":[-4.42705,36.72262]},"properties":{"anio":2023}},{"type":"Feature","geometry":{"type":"Point","coordinates":[-4.41945,36.72234]},"properties":{"anio":2023}},{"type":"Feature","geometry":{"type":"Point","coordinates":[-4.42888,36.72641]},"properties":{"anio":2023}},{"type":"Feature","geometry":{"type":"Point","coordinates":[-4.42938,36.72147]},"properties":{"anio":2023}},{"type":"Feature","geometry":{"type":"Point","coordinates":[-4.41985,36.72297]},"properties":{"anio":2023}},{"type":"Feature","geometry":{"type":"Point","coordinates":[-4.42236,36.72325]},"properties":{"anio":2023}},{"type":"Feature","geometry":{"type":"Point","coordinates":[-4.42375,36.71517]},"properties":{"anio":2023}},{"type":"Feature","geometry":{"type":"Point","coordinates":[-4.41801,36.724]},"properties":{"anio":2023}},{"type":"Feature","geometry":{"type":"Point","coordinates":[-4.42208,36.71589]},"properties":{"anio":2023}},{"type":"Feature","geometry":{"type":"Point","coordinates":[-4.41947,36.7245]},"properties":{"anio":2023}},{"type":"Feature","geometry":{"type":"Point","coordinates":[-4.42383,36.7263]},"properties":{"anio":2023}},{"type":"Feature","geometry":{"type":"Point","coordinates":[-4.4161,36.7259]},"properties":{"anio":2023}},{"type":"Feature","geometry":{"type":"Point","coordinates":[-4.42381,36.72523]},"properties":{"anio":2023}},{"type":"Feature","geometry":{"type":"Point","coordinates":[-4.43216,36.72377]},"properties":{"anio":2023}},{"type":"Feature","geometry":{"type":"Point","coordinates":[-4.42778,36.72155]},"properties":{"anio":2023}},{"type":"Feature","geometry":{"type":"Point","coordinates":[-4.41806,36.72374]},"properties":{"anio":2023}},{"type":"Feature","geometry":{"type":"Point","coordinates":[-4.42066,36.72643]},"properties":{"anio":2023}},{"type":"Feature","geometry":{"type":"Point","coordinates":[-4.42447,36.72809]},"properties":{"anio":2023}},{"type":"Feature","geometry":{"type":"Point","coordinates":[-4.41793,36.72625]},"properties":{"anio":2023}},{"type":"Feature","geometry":{"type":"Point","coordinates":[-4.41793,36.72625]},"properties":{"anio":2023}},{"type":"Feature","geometry":{"type":"Point","coordinates":[-4.41773,36.73241]},"properties":{"anio":2023}},{"type":"Feature","geometry":{"type":"Point","coordinates":[-4.42973,36.7201]},"properties":{"anio":2023}},{"type":"Feature","geometry":{"type":"Point","coordinates":[-4.43037,36.72474]},"properties":{"anio":2023}},{"type":"Feature","geometry":{"type":"Point","coordinates":[-4.42038,36.72367]},"properties":{"anio":2023}},{"type":"Feature","geometry":{"type":"Point","coordinates":[-4.40216,36.72237]},"properties":{"anio":2023}},{"type":"Feature","geometry":{"type":"Point","coordinates":[-4.4237,36.72407]},"properties":{"anio":2023}},{"type":"Feature","geometry":{"type":"Point","coordinates":[-4.41739,36.73592]},"properties":{"anio":2023}},{"type":"Feature","geometry":{"type":"Point","coordinates":[-4.42506,36.71966]},"properties":{"anio":2023}},{"type":"Feature","geometry":{"type":"Point","coordinates":[-4.42808,36.7157]},"properties":{"anio":2023}},{"type":"Feature","geometry":{"type":"Point","coordinates":[-4.42973,36.7201]},"properties":{"anio":2023}},{"type":"Feature","geometry":{"type":"Point","coordinates":[-4.41682,36.73325]},"properties":{"anio":2023}},{"type":"Feature","geometry":{"type":"Point","coordinates":[-4.43037,36.72474]},"properties":{"anio":2023}},{"type":"Feature","geometry":{"type":"Point","coordinates":[-4.43037,36.72474]},"properties":{"anio":2023}},{"type":"Feature","geometry":{"type":"Point","coordinates":[-4.42283,36.7247]},"properties":{"anio":2023}},{"type":"Feature","geometry":{"type":"Point","coordinates":[-4.41662,36.72469]},"properties":{"anio":2023}},{"type":"Feature","geometry":{"type":"Point","coordinates":[-4.42035,36.72348]},"properties":{"anio":2023}},{"type":"Feature","geometry":{"type":"Point","coordinates":[-4.41861,36.73189]},"properties":{"anio":2023}},{"type":"Feature","geometry":{"type":"Point","coordinates":[-4.42384,36.71472]},"properties":{"anio":2023}},{"type":"Feature","geometry":{"type":"Point","coordinates":[-4.42304,36.71955]},"properties":{"anio":2023}},{"type":"Feature","geometry":{"type":"Point","coordinates":[-4.42824,36.71127]},"properties":{"anio":2023}},{"type":"Feature","geometry":{"type":"Point","coordinates":[-4.42888,36.72641]},"properties":{"anio":2023}},{"type":"Feature","geometry":{"type":"Point","coordinates":[-4.42048,36.71978]},"properties":{"anio":2023}},{"type":"Feature","geometry":{"type":"Point","coordinates":[-4.42989,36.72516]},"properties":{"anio":2023}},{"type":"Feature","geometry":{"type":"Point","coordinates":[-4.42989,36.72516]},"properties":{"anio":2023}},{"type":"Feature","geometry":{"type":"Point","coordinates":[-4.42896,36.71433]},"properties":{"anio":2023}},{"type":"Feature","geometry":{"type":"Point","coordinates":[-4.4147,36.72979]},"properties":{"anio":2023}},{"type":"Feature","geometry":{"type":"Point","coordinates":[-4.42093,36.72052]},"properties":{"anio":2023}},{"type":"Feature","geometry":{"type":"Point","coordinates":[-4.42149,36.72956]},"properties":{"anio":2023}},{"type":"Feature","geometry":{"type":"Point","coordinates":[-4.41923,36.72428]},"properties":{"anio":2023}},{"type":"Feature","geometry":{"type":"Point","coordinates":[-4.42353,36.72637]},"properties":{"anio":2023}},{"type":"Feature","geometry":{"type":"Point","coordinates":[-4.42908,36.71423]},"properties":{"anio":2023}},{"type":"Feature","geometry":{"type":"Point","coordinates":[-4.41886,36.73024]},"properties":{"anio":2023}},{"type":"Feature","geometry":{"type":"Point","coordinates":[-4.42181,36.72323]},"properties":{"anio":2023}},{"type":"Feature","geometry":{"type":"Point","coordinates":[-4.42024,36.72521]},"properties":{"anio":2023}},{"type":"Feature","geometry":{"type":"Point","coordinates":[-4.42147,36.72741]},"properties":{"anio":2023}},{"type":"Feature","geometry":{"type":"Point","coordinates":[-4.42805,36.71444]},"properties":{"anio":2023}},{"type":"Feature","geometry":{"type":"Point","coordinates":[-4.42685,36.72537]},"properties":{"anio":2023}},{"type":"Feature","geometry":{"type":"Point","coordinates":[-4.42835,36.71988]},"properties":{"anio":2023}},{"type":"Feature","geometry":{"type":"Point","coordinates":[-4.42229,36.72178]},"properties":{"anio":2023}},{"type":"Feature","geometry":{"type":"Point","coordinates":[-4.42188,36.73337]},"properties":{"anio":2023}},{"type":"Feature","geometry":{"type":"Point","coordinates":[-4.42877,36.71293]},"properties":{"anio":2023}},{"type":"Feature","geometry":{"type":"Point","coordinates":[-4.42347,36.71514]},"properties":{"anio":2023}},{"type":"Feature","geometry":{"type":"Point","coordinates":[-4.41859,36.72988]},"properties":{"anio":2023}},{"type":"Feature","geometry":{"type":"Point","coordinates":[-4.42003,36.72445]},"properties":{"anio":2023}},{"type":"Feature","geometry":{"type":"Point","coordinates":[-4.41531,36.72962]},"properties":{"anio":2023}},{"type":"Feature","geometry":{"type":"Point","coordinates":[-4.41658,36.73249]},"properties":{"anio":2023}},{"type":"Feature","geometry":{"type":"Point","coordinates":[-4.41625,36.73402]},"properties":{"anio":2023}},{"type":"Feature","geometry":{"type":"Point","coordinates":[-4.42082,36.72324]},"properties":{"anio":2023}},{"type":"Feature","geometry":{"type":"Point","coordinates":[-4.42082,36.72324]},"properties":{"anio":2023}},{"type":"Feature","geometry":{"type":"Point","coordinates":[-4.42082,36.72324]},"properties":{"anio":2023}},{"type":"Feature","geometry":{"type":"Point","coordinates":[-4.42445,36.72369]},"properties":{"anio":2023}},{"type":"Feature","geometry":{"type":"Point","coordinates":[-4.42219,36.72503]},"properties":{"anio":2023}},{"type":"Feature","geometry":{"type":"Point","coordinates":[-4.42219,36.72503]},"properties":{"anio":2023}},{"type":"Feature","geometry":{"type":"Point","coordinates":[-4.42433,36.72239]},"properties":{"anio":2023}},{"type":"Feature","geometry":{"type":"Point","coordinates":[-4.4239,36.72093]},"properties":{"anio":2023}},{"type":"Feature","geometry":{"type":"Point","coordinates":[-4.42439,36.71343]},"properties":{"anio":2023}},{"type":"Feature","geometry":{"type":"Point","coordinates":[-4.42477,36.72108]},"properties":{"anio":2023}},{"type":"Feature","geometry":{"type":"Point","coordinates":[-4.42048,36.71978]},"properties":{"anio":2023}},{"type":"Feature","geometry":{"type":"Point","coordinates":[-4.42844,36.71186]},"properties":{"anio":2023}},{"type":"Feature","geometry":{"type":"Point","coordinates":[-4.43258,36.72105]},"properties":{"anio":2023}},{"type":"Feature","geometry":{"type":"Point","coordinates":[-4.42973,36.7201]},"properties":{"anio":2023}},{"type":"Feature","geometry":{"type":"Point","coordinates":[-4.4197,36.7254]},"properties":{"anio":2023}},{"type":"Feature","geometry":{"type":"Point","coordinates":[-4.41186,36.72594]},"properties":{"anio":2023}},{"type":"Feature","geometry":{"type":"Point","coordinates":[-4.41917,36.73248]},"properties":{"anio":2023}},{"type":"Feature","geometry":{"type":"Point","coordinates":[-4.41813,36.72044]},"properties":{"anio":2023}},{"type":"Feature","geometry":{"type":"Point","coordinates":[-4.41864,36.73231]},"properties":{"anio":2023}},{"type":"Feature","geometry":{"type":"Point","coordinates":[-4.41184,36.72697]},"properties":{"anio":2023}},{"type":"Feature","geometry":{"type":"Point","coordinates":[-4.42867,36.72168]},"properties":{"anio":2023}},{"type":"Feature","geometry":{"type":"Point","coordinates":[-4.41088,36.72682]},"properties":{"anio":2023}},{"type":"Feature","geometry":{"type":"Point","coordinates":[-4.4206,36.72522]},"properties":{"anio":2023}},{"type":"Feature","geometry":{"type":"Point","coordinates":[-4.4236,36.73449]},"properties":{"anio":2023}},{"type":"Feature","geometry":{"type":"Point","coordinates":[-4.42093,36.72052]},"properties":{"anio":2023}},{"type":"Feature","geometry":{"type":"Point","coordinates":[-4.42168,36.72326]},"properties":{"anio":2023}},{"type":"Feature","geometry":{"type":"Point","coordinates":[-4.42168,36.72326]},"properties":{"anio":2023}},{"type":"Feature","geometry":{"type":"Point","coordinates":[-4.42155,36.72396]},"properties":{"anio":2023}},{"type":"Feature","geometry":{"type":"Point","coordinates":[-4.4164,36.72614]},"properties":{"anio":2023}},{"type":"Feature","geometry":{"type":"Point","coordinates":[-4.43124,36.72304]},"properties":{"anio":2023}},{"type":"Feature","geometry":{"type":"Point","coordinates":[-4.41986,36.72961]},"properties":{"anio":2023}},{"type":"Feature","geometry":{"type":"Point","coordinates":[-4.42066,36.72967]},"properties":{"anio":2023}},{"type":"Feature","geometry":{"type":"Point","coordinates":[-4.41237,36.71731]},"properties":{"anio":2023}},{"type":"Feature","geometry":{"type":"Point","coordinates":[-4.41945,36.72234]},"properties":{"anio":2023}},{"type":"Feature","geometry":{"type":"Point","coordinates":[-4.41237,36.71731]},"properties":{"anio":2023}},{"type":"Feature","geometry":{"type":"Point","coordinates":[-4.41237,36.71731]},"properties":{"anio":2023}},{"type":"Feature","geometry":{"type":"Point","coordinates":[-4.41501,36.73093]},"properties":{"anio":2023}},{"type":"Feature","geometry":{"type":"Point","coordinates":[-4.41501,36.73093]},"properties":{"anio":2023}},{"type":"Feature","geometry":{"type":"Point","coordinates":[-4.41123,36.7195]},"properties":{"anio":2023}},{"type":"Feature","geometry":{"type":"Point","coordinates":[-4.40299,36.72105]},"properties":{"anio":2023}},{"type":"Feature","geometry":{"type":"Point","coordinates":[-4.42442,36.71524]},"properties":{"anio":2023}},{"type":"Feature","geometry":{"type":"Point","coordinates":[-4.41986,36.72961]},"properties":{"anio":2023}},{"type":"Feature","geometry":{"type":"Point","coordinates":[-4.42844,36.71186]},"properties":{"anio":2023}},{"type":"Feature","geometry":{"type":"Point","coordinates":[-4.42321,36.71809]},"properties":{"anio":2023}},{"type":"Feature","geometry":{"type":"Point","coordinates":[-4.42274,36.72805]},"properties":{"anio":2023}},{"type":"Feature","geometry":{"type":"Point","coordinates":[-4.4194,36.7234]},"properties":{"anio":2023}},{"type":"Feature","geometry":{"type":"Point","coordinates":[-4.42888,36.72184]},"properties":{"anio":2023}},{"type":"Feature","geometry":{"type":"Point","coordinates":[-4.42504,36.72887]},"properties":{"anio":2023}},{"type":"Feature","geometry":{"type":"Point","coordinates":[-4.42675,36.72581]},"properties":{"anio":2023}},{"type":"Feature","geometry":{"type":"Point","coordinates":[-4.41125,36.71744]},"properties":{"anio":2023}},{"type":"Feature","geometry":{"type":"Point","coordinates":[-4.41227,36.72715]},"properties":{"anio":2023}},{"type":"Feature","geometry":{"type":"Point","coordinates":[-4.42327,36.71444]},"properties":{"anio":2023}},{"type":"Feature","geometry":{"type":"Point","coordinates":[-4.42847,36.72674]},"properties":{"anio":2023}},{"type":"Feature","geometry":{"type":"Point","coordinates":[-4.41785,36.73136]},"properties":{"anio":2023}},{"type":"Feature","geometry":{"type":"Point","coordinates":[-4.42856,36.72168]},"properties":{"anio":2023}},{"type":"Feature","geometry":{"type":"Point","coordinates":[-4.42844,36.71186]},"properties":{"anio":2023}},{"type":"Feature","geometry":{"type":"Point","coordinates":[-4.42458,36.71331]},"properties":{"anio":2023}},{"type":"Feature","geometry":{"type":"Point","coordinates":[-4.43054,36.72039]},"properties":{"anio":2023}},{"type":"Feature","geometry":{"type":"Point","coordinates":[-4.42237,36.7196]},"properties":{"anio":2023}},{"type":"Feature","geometry":{"type":"Point","coordinates":[-4.42513,36.71447]},"properties":{"anio":2023}},{"type":"Feature","geometry":{"type":"Point","coordinates":[-4.40834,36.72021]},"properties":{"anio":2023}},{"type":"Feature","geometry":{"type":"Point","coordinates":[-4.43043,36.72352]},"properties":{"anio":2023}},{"type":"Feature","geometry":{"type":"Point","coordinates":[-4.42675,36.72581]},"properties":{"anio":2023}},{"type":"Feature","geometry":{"type":"Point","coordinates":[-4.42708,36.71254]},"properties":{"anio":2023}},{"type":"Feature","geometry":{"type":"Point","coordinates":[-4.42153,36.72688]},"properties":{"anio":2023}},{"type":"Feature","geometry":{"type":"Point","coordinates":[-4.42408,36.72035]},"properties":{"anio":2023}},{"type":"Feature","geometry":{"type":"Point","coordinates":[-4.41882,36.72266]},"properties":{"anio":2023}},{"type":"Feature","geometry":{"type":"Point","coordinates":[-4.41878,36.72314]},"properties":{"anio":2023}},{"type":"Feature","geometry":{"type":"Point","coordinates":[-4.4212,36.72357]},"properties":{"anio":2023}},{"type":"Feature","geometry":{"type":"Point","coordinates":[-4.41661,36.73138]},"properties":{"anio":2023}},{"type":"Feature","geometry":{"type":"Point","coordinates":[-4.423,36.73134]},"properties":{"anio":2023}},{"type":"Feature","geometry":{"type":"Point","coordinates":[-4.42452,36.71382]},"properties":{"anio":2023}},{"type":"Feature","geometry":{"type":"Point","coordinates":[-4.42452,36.71382]},"properties":{"anio":2023}},{"type":"Feature","geometry":{"type":"Point","coordinates":[-4.42175,36.71734]},"properties":{"anio":2023}},{"type":"Feature","geometry":{"type":"Point","coordinates":[-4.41191,36.72917]},"properties":{"anio":2023}},{"type":"Feature","geometry":{"type":"Point","coordinates":[-4.42874,36.71185]},"properties":{"anio":2023}},{"type":"Feature","geometry":{"type":"Point","coordinates":[-4.42499,36.71906]},"properties":{"anio":2023}},{"type":"Feature","geometry":{"type":"Point","coordinates":[-4.42151,36.71613]},"properties":{"anio":2023}},{"type":"Feature","geometry":{"type":"Point","coordinates":[-4.42047,36.72631]},"properties":{"anio":2023}},{"type":"Feature","geometry":{"type":"Point","coordinates":[-4.43131,36.72156]},"properties":{"anio":2023}},{"type":"Feature","geometry":{"type":"Point","coordinates":[-4.41566,36.72521]},"properties":{"anio":2023}},{"type":"Feature","geometry":{"type":"Point","coordinates":[-4.42452,36.71382]},"properties":{"anio":2023}},{"type":"Feature","geometry":{"type":"Point","coordinates":[-4.42356,36.72652]},"properties":{"anio":2023}},{"type":"Feature","geometry":{"type":"Point","coordinates":[-4.42356,36.72652]},"properties":{"anio":2023}},{"type":"Feature","geometry":{"type":"Point","coordinates":[-4.42452,36.71382]},"properties":{"anio":2023}},{"type":"Feature","geometry":{"type":"Point","coordinates":[-4.42061,36.72265]},"properties":{"anio":2023}},{"type":"Feature","geometry":{"type":"Point","coordinates":[-4.41953,36.72524]},"properties":{"anio":2023}},{"type":"Feature","geometry":{"type":"Point","coordinates":[-4.41933,36.72506]},"properties":{"anio":2023}},{"type":"Feature","geometry":{"type":"Point","coordinates":[-4.41953,36.72524]},"properties":{"anio":2023}},{"type":"Feature","geometry":{"type":"Point","coordinates":[-4.41953,36.72524]},"properties":{"anio":2023}},{"type":"Feature","geometry":{"type":"Point","coordinates":[-4.42452,36.71382]},"properties":{"anio":2023}},{"type":"Feature","geometry":{"type":"Point","coordinates":[-4.41719,36.72531]},"properties":{"anio":2023}},{"type":"Feature","geometry":{"type":"Point","coordinates":[-4.4103,36.72716]},"properties":{"anio":2023}},{"type":"Feature","geometry":{"type":"Point","coordinates":[-4.4288,36.72744]},"properties":{"anio":2023}},{"type":"Feature","geometry":{"type":"Point","coordinates":[-4.43193,36.72103]},"properties":{"anio":2023}},{"type":"Feature","geometry":{"type":"Point","coordinates":[-4.4198,36.72209]},"properties":{"anio":2023}},{"type":"Feature","geometry":{"type":"Point","coordinates":[-4.4232,36.7258]},"properties":{"anio":2023}},{"type":"Feature","geometry":{"type":"Point","coordinates":[-4.42311,36.72252]},"properties":{"anio":2023}},{"type":"Feature","geometry":{"type":"Point","coordinates":[-4.42381,36.72001]},"properties":{"anio":2023}},{"type":"Feature","geometry":{"type":"Point","coordinates":[-4.42035,36.72621]},"properties":{"anio":2023}},{"type":"Feature","geometry":{"type":"Point","coordinates":[-4.42171,36.72663]},"properties":{"anio":2023}},{"type":"Feature","geometry":{"type":"Point","coordinates":[-4.41191,36.72917]},"properties":{"anio":2023}},{"type":"Feature","geometry":{"type":"Point","coordinates":[-4.43109,36.72204]},"properties":{"anio":2023}},{"type":"Feature","geometry":{"type":"Point","coordinates":[-4.43194,36.72047]},"properties":{"anio":2023}},{"type":"Feature","geometry":{"type":"Point","coordinates":[-4.42061,36.72265]},"properties":{"anio":2023}},{"type":"Feature","geometry":{"type":"Point","coordinates":[-4.42464,36.71864]},"properties":{"anio":2023}},{"type":"Feature","geometry":{"type":"Point","coordinates":[-4.42274,36.72271]},"properties":{"anio":2023}},{"type":"Feature","geometry":{"type":"Point","coordinates":[-4.42332,36.72716]},"properties":{"anio":2023}},{"type":"Feature","geometry":{"type":"Point","coordinates":[-4.42375,36.71517]},"properties":{"anio":2023}},{"type":"Feature","geometry":{"type":"Point","coordinates":[-4.40208,36.72239]},"properties":{"anio":2023}},{"type":"Feature","geometry":{"type":"Point","coordinates":[-4.42396,36.72779]},"properties":{"anio":2023}},{"type":"Feature","geometry":{"type":"Point","coordinates":[-4.42401,36.71999]},"properties":{"anio":2023}},{"type":"Feature","geometry":{"type":"Point","coordinates":[-4.42401,36.71999]},"properties":{"anio":2023}},{"type":"Feature","geometry":{"type":"Point","coordinates":[-4.42855,36.71176]},"properties":{"anio":2023}},{"type":"Feature","geometry":{"type":"Point","coordinates":[-4.4251,36.72306]},"properties":{"anio":2023}},{"type":"Feature","geometry":{"type":"Point","coordinates":[-4.40569,36.72118]},"properties":{"anio":2023}},{"type":"Feature","geometry":{"type":"Point","coordinates":[-4.41711,36.72403]},"properties":{"anio":2023}},{"type":"Feature","geometry":{"type":"Point","coordinates":[-4.41508,36.72767]},"properties":{"anio":2023}},{"type":"Feature","geometry":{"type":"Point","coordinates":[-4.42496,36.72223]},"properties":{"anio":2023}},{"type":"Feature","geometry":{"type":"Point","coordinates":[-4.42466,36.72714]},"properties":{"anio":2023}},{"type":"Feature","geometry":{"type":"Point","coordinates":[-4.42135,36.72333]},"properties":{"anio":2023}},{"type":"Feature","geometry":{"type":"Point","coordinates":[-4.42135,36.72333]},"properties":{"anio":2023}},{"type":"Feature","geometry":{"type":"Point","coordinates":[-4.42799,36.71193]},"properties":{"anio":2023}},{"type":"Feature","geometry":{"type":"Point","coordinates":[-4.42453,36.72903]},"properties":{"anio":2023}},{"type":"Feature","geometry":{"type":"Point","coordinates":[-4.4154,36.73401]},"properties":{"anio":2023}},{"type":"Feature","geometry":{"type":"Point","coordinates":[-4.4154,36.73401]},"properties":{"anio":2023}},{"type":"Feature","geometry":{"type":"Point","coordinates":[-4.41582,36.72396]},"properties":{"anio":2023}},{"type":"Feature","geometry":{"type":"Point","coordinates":[-4.4058,36.72842]},"properties":{"anio":2023}},{"type":"Feature","geometry":{"type":"Point","coordinates":[-4.42474,36.72287]},"properties":{"anio":2023}},{"type":"Feature","geometry":{"type":"Point","coordinates":[-4.42403,36.72442]},"properties":{"anio":2023}},{"type":"Feature","geometry":{"type":"Point","coordinates":[-4.42235,36.72047]},"properties":{"anio":2023}},{"type":"Feature","geometry":{"type":"Point","coordinates":[-4.42047,36.72631]},"properties":{"anio":2023}},{"type":"Feature","geometry":{"type":"Point","coordinates":[-4.41974,36.7263]},"properties":{"anio":2023}},{"type":"Feature","geometry":{"type":"Point","coordinates":[-4.41916,36.72653]},"properties":{"anio":2023}},{"type":"Feature","geometry":{"type":"Point","coordinates":[-4.42884,36.71255]},"properties":{"anio":2023}},{"type":"Feature","geometry":{"type":"Point","coordinates":[-4.42464,36.72092]},"properties":{"anio":2023}},{"type":"Feature","geometry":{"type":"Point","coordinates":[-4.42047,36.72631]},"properties":{"anio":2023}},{"type":"Feature","geometry":{"type":"Point","coordinates":[-4.43065,36.72104]},"properties":{"anio":2023}},{"type":"Feature","geometry":{"type":"Point","coordinates":[-4.42315,36.71989]},"properties":{"anio":2023}},{"type":"Feature","geometry":{"type":"Point","coordinates":[-4.42315,36.71989]},"properties":{"anio":2023}},{"type":"Feature","geometry":{"type":"Point","coordinates":[-4.42315,36.71989]},"properties":{"anio":2023}},{"type":"Feature","geometry":{"type":"Point","coordinates":[-4.42315,36.71989]},"properties":{"anio":2023}},{"type":"Feature","geometry":{"type":"Point","coordinates":[-4.42315,36.71989]},"properties":{"anio":2023}},{"type":"Feature","geometry":{"type":"Point","coordinates":[-4.42315,36.71989]},"properties":{"anio":2023}},{"type":"Feature","geometry":{"type":"Point","coordinates":[-4.42315,36.71989]},"properties":{"anio":2023}},{"type":"Feature","geometry":{"type":"Point","coordinates":[-4.42315,36.71989]},"properties":{"anio":2023}},{"type":"Feature","geometry":{"type":"Point","coordinates":[-4.42315,36.71989]},"properties":{"anio":2023}},{"type":"Feature","geometry":{"type":"Point","coordinates":[-4.42852,36.72127]},"properties":{"anio":2023}},{"type":"Feature","geometry":{"type":"Point","coordinates":[-4.42007,36.72648]},"properties":{"anio":2023}},{"type":"Feature","geometry":{"type":"Point","coordinates":[-4.41974,36.7263]},"properties":{"anio":2023}},{"type":"Feature","geometry":{"type":"Point","coordinates":[-4.42303,36.73039]},"properties":{"anio":2023}},{"type":"Feature","geometry":{"type":"Point","coordinates":[-4.42474,36.71377]},"properties":{"anio":2023}},{"type":"Feature","geometry":{"type":"Point","coordinates":[-4.42888,36.72641]},"properties":{"anio":2023}},{"type":"Feature","geometry":{"type":"Point","coordinates":[-4.42133,36.7224]},"properties":{"anio":2023}},{"type":"Feature","geometry":{"type":"Point","coordinates":[-4.42092,36.73185]},"properties":{"anio":2023}},{"type":"Feature","geometry":{"type":"Point","coordinates":[-4.42306,36.72783]},"properties":{"anio":2023}},{"type":"Feature","geometry":{"type":"Point","coordinates":[-4.42902,36.72405]},"properties":{"anio":2023}},{"type":"Feature","geometry":{"type":"Point","coordinates":[-4.4237,36.72006]},"properties":{"anio":2023}},{"type":"Feature","geometry":{"type":"Point","coordinates":[-4.41673,36.72492]},"properties":{"anio":2023}},{"type":"Feature","geometry":{"type":"Point","coordinates":[-4.41832,36.72432]},"properties":{"anio":2023}},{"type":"Feature","geometry":{"type":"Point","coordinates":[-4.42956,36.72644]},"properties":{"anio":2023}},{"type":"Feature","geometry":{"type":"Point","coordinates":[-4.42501,36.7209]},"properties":{"anio":2023}},{"type":"Feature","geometry":{"type":"Point","coordinates":[-4.42053,36.72197]},"properties":{"anio":2023}},{"type":"Feature","geometry":{"type":"Point","coordinates":[-4.4086,36.71947]},"properties":{"anio":2023}},{"type":"Feature","geometry":{"type":"Point","coordinates":[-4.4086,36.71947]},"properties":{"anio":2023}},{"type":"Feature","geometry":{"type":"Point","coordinates":[-4.42482,36.729]},"properties":{"anio":2023}},{"type":"Feature","geometry":{"type":"Point","coordinates":[-4.42073,36.72697]},"properties":{"anio":2023}},{"type":"Feature","geometry":{"type":"Point","coordinates":[-4.4297,36.72783]},"properties":{"anio":2023}},{"type":"Feature","geometry":{"type":"Point","coordinates":[-4.42979,36.71498]},"properties":{"anio":2023}},{"type":"Feature","geometry":{"type":"Point","coordinates":[-4.41641,36.72432]},"properties":{"anio":2023}},{"type":"Feature","geometry":{"type":"Point","coordinates":[-4.41971,36.72391]},"properties":{"anio":2023}},{"type":"Feature","geometry":{"type":"Point","coordinates":[-4.40487,36.72525]},"properties":{"anio":2023}},{"type":"Feature","geometry":{"type":"Point","coordinates":[-4.42486,36.71478]},"properties":{"anio":2023}},{"type":"Feature","geometry":{"type":"Point","coordinates":[-4.41555,36.72611]},"properties":{"anio":2023}},{"type":"Feature","geometry":{"type":"Point","coordinates":[-4.42152,36.72815]},"properties":{"anio":2023}},{"type":"Feature","geometry":{"type":"Point","coordinates":[-4.42474,36.71377]},"properties":{"anio":2023}},{"type":"Feature","geometry":{"type":"Point","coordinates":[-4.42011,36.72965]},"properties":{"anio":2023}},{"type":"Feature","geometry":{"type":"Point","coordinates":[-4.43074,36.71943]},"properties":{"anio":2023}},{"type":"Feature","geometry":{"type":"Point","coordinates":[-4.41587,36.72489]},"properties":{"anio":2023}},{"type":"Feature","geometry":{"type":"Point","coordinates":[-4.41982,36.72583]},"properties":{"anio":2023}},{"type":"Feature","geometry":{"type":"Point","coordinates":[-4.41374,36.72835]},"properties":{"anio":2023}},{"type":"Feature","geometry":{"type":"Point","coordinates":[-4.42334,36.72008]},"properties":{"anio":2023}},{"type":"Feature","geometry":{"type":"Point","coordinates":[-4.42663,36.71222]},"properties":{"anio":2023}},{"type":"Feature","geometry":{"type":"Point","coordinates":[-4.42967,36.72318]},"properties":{"anio":2023}},{"type":"Feature","geometry":{"type":"Point","coordinates":[-4.42147,36.72741]},"properties":{"anio":2023}},{"type":"Feature","geometry":{"type":"Point","coordinates":[-4.42394,36.72123]},"properties":{"anio":2023}},{"type":"Feature","geometry":{"type":"Point","coordinates":[-4.41566,36.72521]},"properties":{"anio":2023}},{"type":"Feature","geometry":{"type":"Point","coordinates":[-4.42631,36.72224]},"properties":{"anio":2023}},{"type":"Feature","geometry":{"type":"Point","coordinates":[-4.41354,36.72953]},"properties":{"anio":2023}},{"type":"Feature","geometry":{"type":"Point","coordinates":[-4.42518,36.72259]},"properties":{"anio":2023}},{"type":"Feature","geometry":{"type":"Point","coordinates":[-4.41921,36.72462]},"properties":{"anio":2023}},{"type":"Feature","geometry":{"type":"Point","coordinates":[-4.42527,36.72376]},"properties":{"anio":2023}},{"type":"Feature","geometry":{"type":"Point","coordinates":[-4.42235,36.71907]},"properties":{"anio":2023}},{"type":"Feature","geometry":{"type":"Point","coordinates":[-4.42235,36.71907]},"properties":{"anio":2023}},{"type":"Feature","geometry":{"type":"Point","coordinates":[-4.40854,36.71876]},"properties":{"anio":2023}},{"type":"Feature","geometry":{"type":"Point","coordinates":[-4.41982,36.72583]},"properties":{"anio":2023}},{"type":"Feature","geometry":{"type":"Point","coordinates":[-4.41859,36.72213]},"properties":{"anio":2023}},{"type":"Feature","geometry":{"type":"Point","coordinates":[-4.42219,36.72503]},"properties":{"anio":2023}},{"type":"Feature","geometry":{"type":"Point","coordinates":[-4.42133,36.72829]},"properties":{"anio":2023}},{"type":"Feature","geometry":{"type":"Point","coordinates":[-4.42419,36.72293]},"properties":{"anio":2023}},{"type":"Feature","geometry":{"type":"Point","coordinates":[-4.42073,36.72697]},"properties":{"anio":2023}},{"type":"Feature","geometry":{"type":"Point","coordinates":[-4.4154,36.73014]},"properties":{"anio":2023}},{"type":"Feature","geometry":{"type":"Point","coordinates":[-4.40566,36.72043]},"properties":{"anio":2023}},{"type":"Feature","geometry":{"type":"Point","coordinates":[-4.42235,36.72411]},"properties":{"anio":2023}},{"type":"Feature","geometry":{"type":"Point","coordinates":[-4.42235,36.71907]},"properties":{"anio":2023}},{"type":"Feature","geometry":{"type":"Point","coordinates":[-4.42327,36.71523]},"properties":{"anio":2023}},{"type":"Feature","geometry":{"type":"Point","coordinates":[-4.42272,36.72694]},"properties":{"anio":2023}},{"type":"Feature","geometry":{"type":"Point","coordinates":[-4.41559,36.72398]},"properties":{"anio":2023}},{"type":"Feature","geometry":{"type":"Point","coordinates":[-4.42863,36.71351]},"properties":{"anio":2023}},{"type":"Feature","geometry":{"type":"Point","coordinates":[-4.41632,36.72401]},"properties":{"anio":2023}},{"type":"Feature","geometry":{"type":"Point","coordinates":[-4.41588,36.72609]},"properties":{"anio":2023}},{"type":"Feature","geometry":{"type":"Point","coordinates":[-4.41559,36.72398]},"properties":{"anio":2023}},{"type":"Feature","geometry":{"type":"Point","coordinates":[-4.42329,36.72773]},"properties":{"anio":2023}},{"type":"Feature","geometry":{"type":"Point","coordinates":[-4.41792,36.73209]},"properties":{"anio":2023}},{"type":"Feature","geometry":{"type":"Point","coordinates":[-4.4147,36.7313]},"properties":{"anio":2023}},{"type":"Feature","geometry":{"type":"Point","coordinates":[-4.41148,36.72111]},"properties":{"anio":2023}},{"type":"Feature","geometry":{"type":"Point","coordinates":[-4.43139,36.72279]},"properties":{"anio":2023}},{"type":"Feature","geometry":{"type":"Point","coordinates":[-4.42006,36.73065]},"properties":{"anio":2023}},{"type":"Feature","geometry":{"type":"Point","coordinates":[-4.42403,36.72442]},"properties":{"anio":2023}},{"type":"Feature","geometry":{"type":"Point","coordinates":[-4.42363,36.71942]},"properties":{"anio":2023}},{"type":"Feature","geometry":{"type":"Point","coordinates":[-4.41918,36.73267]},"properties":{"anio":2023}},{"type":"Feature","geometry":{"type":"Point","coordinates":[-4.42094,36.72157]},"properties":{"anio":2023}},{"type":"Feature","geometry":{"type":"Point","coordinates":[-4.41377,36.73101]},"properties":{"anio":2023}},{"type":"Feature","geometry":{"type":"Point","coordinates":[-4.41997,36.72251]},"properties":{"anio":2023}},{"type":"Feature","geometry":{"type":"Point","coordinates":[-4.41441,36.73076]},"properties":{"anio":2023}},{"type":"Feature","geometry":{"type":"Point","coordinates":[-4.41985,36.72297]},"properties":{"anio":2023}},{"type":"Feature","geometry":{"type":"Point","coordinates":[-4.41847,36.73083]},"properties":{"anio":2023}},{"type":"Feature","geometry":{"type":"Point","coordinates":[-4.42099,36.72208]},"properties":{"anio":2023}},{"type":"Feature","geometry":{"type":"Point","coordinates":[-4.42725,36.7241]},"properties":{"anio":2023}},{"type":"Feature","geometry":{"type":"Point","coordinates":[-4.42975,36.72435]},"properties":{"anio":2023}},{"type":"Feature","geometry":{"type":"Point","coordinates":[-4.42232,36.73031]},"properties":{"anio":2023}},{"type":"Feature","geometry":{"type":"Point","coordinates":[-4.4265,36.71414]},"properties":{"anio":2023}},{"type":"Feature","geometry":{"type":"Point","coordinates":[-4.42235,36.71907]},"properties":{"anio":2023}},{"type":"Feature","geometry":{"type":"Point","coordinates":[-4.42235,36.71907]},"properties":{"anio":2023}},{"type":"Feature","geometry":{"type":"Point","coordinates":[-4.42236,36.72445]},"properties":{"anio":2023}},{"type":"Feature","geometry":{"type":"Point","coordinates":[-4.41254,36.71619]},"properties":{"anio":2023}},{"type":"Feature","geometry":{"type":"Point","coordinates":[-4.4178,36.7326]},"properties":{"anio":2023}},{"type":"Feature","geometry":{"type":"Point","coordinates":[-4.4155,36.72369]},"properties":{"anio":2023}},{"type":"Feature","geometry":{"type":"Point","coordinates":[-4.4155,36.72369]},"properties":{"anio":2023}},{"type":"Feature","geometry":{"type":"Point","coordinates":[-4.40871,36.72845]},"properties":{"anio":2023}},{"type":"Feature","geometry":{"type":"Point","coordinates":[-4.42886,36.7151]},"properties":{"anio":2023}},{"type":"Feature","geometry":{"type":"Point","coordinates":[-4.41652,36.72358]},"properties":{"anio":2023}},{"type":"Feature","geometry":{"type":"Point","coordinates":[-4.42066,36.72967]},"properties":{"anio":2023}},{"type":"Feature","geometry":{"type":"Point","coordinates":[-4.41451,36.72821]},"properties":{"anio":2023}},{"type":"Feature","geometry":{"type":"Point","coordinates":[-4.42122,36.72974]},"properties":{"anio":2023}},{"type":"Feature","geometry":{"type":"Point","coordinates":[-4.42122,36.72974]},"properties":{"anio":2023}},{"type":"Feature","geometry":{"type":"Point","coordinates":[-4.41888,36.72157]},"properties":{"anio":2023}},{"type":"Feature","geometry":{"type":"Point","coordinates":[-4.42709,36.71318]},"properties":{"anio":2023}},{"type":"Feature","geometry":{"type":"Point","coordinates":[-4.42389,36.72157]},"properties":{"anio":2023}},{"type":"Feature","geometry":{"type":"Point","coordinates":[-4.42313,36.71999]},"properties":{"anio":2023}},{"type":"Feature","geometry":{"type":"Point","coordinates":[-4.43129,36.72445]},"properties":{"anio":2023}},{"type":"Feature","geometry":{"type":"Point","coordinates":[-4.42156,36.73005]},"properties":{"anio":2023}},{"type":"Feature","geometry":{"type":"Point","coordinates":[-4.41824,36.72388]},"properties":{"anio":2023}},{"type":"Feature","geometry":{"type":"Point","coordinates":[-4.42122,36.72974]},"properties":{"anio":2023}},{"type":"Feature","geometry":{"type":"Point","coordinates":[-4.42155,36.72396]},"properties":{"anio":2023}},{"type":"Feature","geometry":{"type":"Point","coordinates":[-4.40742,36.72581]},"properties":{"anio":2023}},{"type":"Feature","geometry":{"type":"Point","coordinates":[-4.42499,36.71906]},"properties":{"anio":2023}},{"type":"Feature","geometry":{"type":"Point","coordinates":[-4.42868,36.72494]},"properties":{"anio":2023}},{"type":"Feature","geometry":{"type":"Point","coordinates":[-4.41486,36.73026]},"properties":{"anio":2023}},{"type":"Feature","geometry":{"type":"Point","coordinates":[-4.41554,36.73011]},"properties":{"anio":2023}},{"type":"Feature","geometry":{"type":"Point","coordinates":[-4.41458,36.72605]},"properties":{"anio":2023}},{"type":"Feature","geometry":{"type":"Point","coordinates":[-4.4178,36.7326]},"properties":{"anio":2023}},{"type":"Feature","geometry":{"type":"Point","coordinates":[-4.42323,36.721]},"properties":{"anio":2023}},{"type":"Feature","geometry":{"type":"Point","coordinates":[-4.42197,36.7225]},"properties":{"anio":2023}},{"type":"Feature","geometry":{"type":"Point","coordinates":[-4.41628,36.72959]},"properties":{"anio":2023}},{"type":"Feature","geometry":{"type":"Point","coordinates":[-4.41249,36.72647]},"properties":{"anio":2023}},{"type":"Feature","geometry":{"type":"Point","coordinates":[-4.42456,36.71432]},"properties":{"anio":2023}},{"type":"Feature","geometry":{"type":"Point","coordinates":[-4.41801,36.724]},"properties":{"anio":2023}},{"type":"Feature","geometry":{"type":"Point","coordinates":[-4.42438,36.71383]},"properties":{"anio":2023}},{"type":"Feature","geometry":{"type":"Point","coordinates":[-4.42485,36.71928]},"properties":{"anio":2023}},{"type":"Feature","geometry":{"type":"Point","coordinates":[-4.42515,36.72188]},"properties":{"anio":2023}},{"type":"Feature","geometry":{"type":"Point","coordinates":[-4.42092,36.71982]},"properties":{"anio":2023}},{"type":"Feature","geometry":{"type":"Point","coordinates":[-4.42824,36.72004]},"properties":{"anio":2023}},{"type":"Feature","geometry":{"type":"Point","coordinates":[-4.42462,36.71345]},"properties":{"anio":2023}},{"type":"Feature","geometry":{"type":"Point","coordinates":[-4.41191,36.72767]},"properties":{"anio":2023}},{"type":"Feature","geometry":{"type":"Point","coordinates":[-4.4251,36.72335]},"properties":{"anio":2023}},{"type":"Feature","geometry":{"type":"Point","coordinates":[-4.42381,36.72523]},"properties":{"anio":2023}},{"type":"Feature","geometry":{"type":"Point","coordinates":[-4.41287,36.72702]},"properties":{"anio":2023}},{"type":"Feature","geometry":{"type":"Point","coordinates":[-4.42038,36.72367]},"properties":{"anio":2023}},{"type":"Feature","geometry":{"type":"Point","coordinates":[-4.41458,36.72605]},"properties":{"anio":2023}},{"type":"Feature","geometry":{"type":"Point","coordinates":[-4.42337,36.71991]},"properties":{"anio":2023}},{"type":"Feature","geometry":{"type":"Point","coordinates":[-4.42897,36.72104]},"properties":{"anio":2023}},{"type":"Feature","geometry":{"type":"Point","coordinates":[-4.41447,36.72796]},"properties":{"anio":2023}},{"type":"Feature","geometry":{"type":"Point","coordinates":[-4.41953,36.72524]},"properties":{"anio":2023}},{"type":"Feature","geometry":{"type":"Point","coordinates":[-4.41467,36.72482]},"properties":{"anio":2023}},{"type":"Feature","geometry":{"type":"Point","coordinates":[-4.41373,36.72545]},"properties":{"anio":2023}},{"type":"Feature","geometry":{"type":"Point","coordinates":[-4.42038,36.71894]},"properties":{"anio":2023}},{"type":"Feature","geometry":{"type":"Point","coordinates":[-4.4251,36.72306]},"properties":{"anio":2023}},{"type":"Feature","geometry":{"type":"Point","coordinates":[-4.42844,36.71186]},"properties":{"anio":2023}},{"type":"Feature","geometry":{"type":"Point","coordinates":[-4.41557,36.7321]},"properties":{"anio":2023}},{"type":"Feature","geometry":{"type":"Point","coordinates":[-4.40994,36.7273]},"properties":{"anio":2023}},{"type":"Feature","geometry":{"type":"Point","coordinates":[-4.41997,36.72425]},"properties":{"anio":2023}},{"type":"Feature","geometry":{"type":"Point","coordinates":[-4.42508,36.72903]},"properties":{"anio":2023}},{"type":"Feature","geometry":{"type":"Point","coordinates":[-4.41249,36.72647]},"properties":{"anio":2023}},{"type":"Feature","geometry":{"type":"Point","coordinates":[-4.4237,36.72006]},"properties":{"anio":2023}},{"type":"Feature","geometry":{"type":"Point","coordinates":[-4.42874,36.71185]},"properties":{"anio":2023}},{"type":"Feature","geometry":{"type":"Point","coordinates":[-4.43087,36.72041]},"properties":{"anio":2023}},{"type":"Feature","geometry":{"type":"Point","coordinates":[-4.42515,36.72188]},"properties":{"anio":2023}},{"type":"Feature","geometry":{"type":"Point","coordinates":[-4.4212,36.72357]},"properties":{"anio":2023}},{"type":"Feature","geometry":{"type":"Point","coordinates":[-4.42104,36.72377]},"properties":{"anio":2023}},{"type":"Feature","geometry":{"type":"Point","coordinates":[-4.42219,36.72503]},"properties":{"anio":2023}},{"type":"Feature","geometry":{"type":"Point","coordinates":[-4.41973,36.72247]},"properties":{"anio":2023}},{"type":"Feature","geometry":{"type":"Point","coordinates":[-4.41169,36.7175]},"properties":{"anio":2023}},{"type":"Feature","geometry":{"type":"Point","coordinates":[-4.42474,36.71377]},"properties":{"anio":2023}},{"type":"Feature","geometry":{"type":"Point","coordinates":[-4.41719,36.72531]},"properties":{"anio":2023}},{"type":"Feature","geometry":{"type":"Point","coordinates":[-4.42047,36.72631]},"properties":{"anio":2023}},{"type":"Feature","geometry":{"type":"Point","coordinates":[-4.41249,36.72647]},"properties":{"anio":2023}},{"type":"Feature","geometry":{"type":"Point","coordinates":[-4.42475,36.71813]},"properties":{"anio":2023}},{"type":"Feature","geometry":{"type":"Point","coordinates":[-4.42302,36.72664]},"properties":{"anio":2023}},{"type":"Feature","geometry":{"type":"Point","coordinates":[-4.41338,36.71554]},"properties":{"anio":2023}},{"type":"Feature","geometry":{"type":"Point","coordinates":[-4.42312,36.72379]},"properties":{"anio":2023}},{"type":"Feature","geometry":{"type":"Point","coordinates":[-4.40696,36.72026]},"properties":{"anio":2023}},{"type":"Feature","geometry":{"type":"Point","coordinates":[-4.41878,36.72314]},"properties":{"anio":2023}},{"type":"Feature","geometry":{"type":"Point","coordinates":[-4.41432,36.72925]},"properties":{"anio":2023}},{"type":"Feature","geometry":{"type":"Point","coordinates":[-4.41135,36.7211]},"properties":{"anio":2023}},{"type":"Feature","geometry":{"type":"Point","coordinates":[-4.42466,36.72202]},"properties":{"anio":2023}},{"type":"Feature","geometry":{"type":"Point","coordinates":[-4.4196,36.72224]},"properties":{"anio":2023}},{"type":"Feature","geometry":{"type":"Point","coordinates":[-4.42048,36.7213]},"properties":{"anio":2023}},{"type":"Feature","geometry":{"type":"Point","coordinates":[-4.41636,36.72465]},"properties":{"anio":2023}},{"type":"Feature","geometry":{"type":"Point","coordinates":[-4.4205,36.7244]},"properties":{"anio":2023}},{"type":"Feature","geometry":{"type":"Point","coordinates":[-4.4205,36.7244]},"properties":{"anio":2023}},{"type":"Feature","geometry":{"type":"Point","coordinates":[-4.42474,36.71377]},"properties":{"anio":2023}},{"type":"Feature","geometry":{"type":"Point","coordinates":[-4.42086,36.73167]},"properties":{"anio":2023}},{"type":"Feature","geometry":{"type":"Point","coordinates":[-4.41167,36.71919]},"properties":{"anio":2023}},{"type":"Feature","geometry":{"type":"Point","coordinates":[-4.4251,36.72335]},"properties":{"anio":2023}},{"type":"Feature","geometry":{"type":"Point","coordinates":[-4.41985,36.72297]},"properties":{"anio":2023}},{"type":"Feature","geometry":{"type":"Point","coordinates":[-4.41815,36.72064]},"properties":{"anio":2023}},{"type":"Feature","geometry":{"type":"Point","coordinates":[-4.42687,36.7263]},"properties":{"anio":2023}},{"type":"Feature","geometry":{"type":"Point","coordinates":[-4.41472,36.72501]},"properties":{"anio":2023}},{"type":"Feature","geometry":{"type":"Point","coordinates":[-4.41644,36.7311]},"properties":{"anio":2023}},{"type":"Feature","geometry":{"type":"Point","coordinates":[-4.41511,36.72949]},"properties":{"anio":2023}},{"type":"Feature","geometry":{"type":"Point","coordinates":[-4.4225,36.72419]},"properties":{"anio":2023}},{"type":"Feature","geometry":{"type":"Point","coordinates":[-4.43073,36.72185]},"properties":{"anio":2023}},{"type":"Feature","geometry":{"type":"Point","coordinates":[-4.4117,36.72933]},"properties":{"anio":2023}},{"type":"Feature","geometry":{"type":"Point","coordinates":[-4.4247,36.72293]},"properties":{"anio":2023}},{"type":"Feature","geometry":{"type":"Point","coordinates":[-4.42365,36.72019]},"properties":{"anio":2023}},{"type":"Feature","geometry":{"type":"Point","coordinates":[-4.42366,36.71909]},"properties":{"anio":2023}},{"type":"Feature","geometry":{"type":"Point","coordinates":[-4.42305,36.71519]},"properties":{"anio":2023}},{"type":"Feature","geometry":{"type":"Point","coordinates":[-4.42894,36.72557]},"properties":{"anio":2023}},{"type":"Feature","geometry":{"type":"Point","coordinates":[-4.42499,36.71906]},"properties":{"anio":2023}},{"type":"Feature","geometry":{"type":"Point","coordinates":[-4.41369,36.73206]},"properties":{"anio":2023}},{"type":"Feature","geometry":{"type":"Point","coordinates":[-4.41369,36.73206]},"properties":{"anio":2023}},{"type":"Feature","geometry":{"type":"Point","coordinates":[-4.41997,36.72425]},"properties":{"anio":2023}},{"type":"Feature","geometry":{"type":"Point","coordinates":[-4.41377,36.73204]},"properties":{"anio":2023}},{"type":"Feature","geometry":{"type":"Point","coordinates":[-4.41377,36.73204]},"properties":{"anio":2023}},{"type":"Feature","geometry":{"type":"Point","coordinates":[-4.41178,36.71688]},"properties":{"anio":2023}},{"type":"Feature","geometry":{"type":"Point","coordinates":[-4.41423,36.72764]},"properties":{"anio":2023}},{"type":"Feature","geometry":{"type":"Point","coordinates":[-4.41423,36.72764]},"properties":{"anio":2023}},{"type":"Feature","geometry":{"type":"Point","coordinates":[-4.42081,36.71735]},"properties":{"anio":2023}},{"type":"Feature","geometry":{"type":"Point","coordinates":[-4.42781,36.72373]},"properties":{"anio":2023}},{"type":"Feature","geometry":{"type":"Point","coordinates":[-4.41484,36.72786]},"properties":{"anio":2023}},{"type":"Feature","geometry":{"type":"Point","coordinates":[-4.42973,36.7201]},"properties":{"anio":2023}},{"type":"Feature","geometry":{"type":"Point","coordinates":[-4.41982,36.72583]},"properties":{"anio":2023}},{"type":"Feature","geometry":{"type":"Point","coordinates":[-4.41985,36.72297]},"properties":{"anio":2023}},{"type":"Feature","geometry":{"type":"Point","coordinates":[-4.41519,36.72495]},"properties":{"anio":2023}},{"type":"Feature","geometry":{"type":"Point","coordinates":[-4.42915,36.71915]},"properties":{"anio":2023}},{"type":"Feature","geometry":{"type":"Point","coordinates":[-4.42232,36.71926]},"properties":{"anio":2023}},{"type":"Feature","geometry":{"type":"Point","coordinates":[-4.40406,36.72264]},"properties":{"anio":2023}},{"type":"Feature","geometry":{"type":"Point","coordinates":[-4.41847,36.72437]},"properties":{"anio":2023}},{"type":"Feature","geometry":{"type":"Point","coordinates":[-4.40664,36.7207]},"properties":{"anio":2023}},{"type":"Feature","geometry":{"type":"Point","coordinates":[-4.42197,36.73181]},"properties":{"anio":2025}},{"type":"Feature","geometry":{"type":"Point","coordinates":[-4.4031,36.72207]},"properties":{"anio":2025}},{"type":"Feature","geometry":{"type":"Point","coordinates":[-4.42801,36.71317]},"properties":{"anio":2025}},{"type":"Feature","geometry":{"type":"Point","coordinates":[-4.42258,36.73193]},"properties":{"anio":2025}},{"type":"Feature","geometry":{"type":"Point","coordinates":[-4.41483,36.7262]},"properties":{"anio":2025}},{"type":"Feature","geometry":{"type":"Point","coordinates":[-4.41483,36.7262]},"properties":{"anio":2025}},{"type":"Feature","geometry":{"type":"Point","coordinates":[-4.4158,36.73296]},"properties":{"anio":2025}},{"type":"Feature","geometry":{"type":"Point","coordinates":[-4.42801,36.71317]},"properties":{"anio":2025}},{"type":"Feature","geometry":{"type":"Point","coordinates":[-4.42801,36.71317]},"properties":{"anio":2025}},{"type":"Feature","geometry":{"type":"Point","coordinates":[-4.41513,36.73459]},"properties":{"anio":2025}},{"type":"Feature","geometry":{"type":"Point","coordinates":[-4.41356,36.7341]},"properties":{"anio":2025}},{"type":"Feature","geometry":{"type":"Point","coordinates":[-4.42125,36.73327]},"properties":{"anio":2025}},{"type":"Feature","geometry":{"type":"Point","coordinates":[-4.42075,36.73335]},"properties":{"anio":2025}},{"type":"Feature","geometry":{"type":"Point","coordinates":[-4.4236,36.71867]},"properties":{"anio":2025}},{"type":"Feature","geometry":{"type":"Point","coordinates":[-4.4305,36.72207]},"properties":{"anio":2025}},{"type":"Feature","geometry":{"type":"Point","coordinates":[-4.41916,36.73177]},"properties":{"anio":2025}},{"type":"Feature","geometry":{"type":"Point","coordinates":[-4.4305,36.72207]},"properties":{"anio":2025}},{"type":"Feature","geometry":{"type":"Point","coordinates":[-4.41894,36.73276]},"properties":{"anio":2025}},{"type":"Feature","geometry":{"type":"Point","coordinates":[-4.41625,36.73402]},"properties":{"anio":2025}},{"type":"Feature","geometry":{"type":"Point","coordinates":[-4.40183,36.72177]},"properties":{"anio":2025}},{"type":"Feature","geometry":{"type":"Point","coordinates":[-4.42073,36.72697]},"properties":{"anio":2025}},{"type":"Feature","geometry":{"type":"Point","coordinates":[-4.42244,36.73207]},"properties":{"anio":2025}},{"type":"Feature","geometry":{"type":"Point","coordinates":[-4.41808,36.73241]},"properties":{"anio":2025}},{"type":"Feature","geometry":{"type":"Point","coordinates":[-4.41813,36.73245]},"properties":{"anio":2025}},{"type":"Feature","geometry":{"type":"Point","coordinates":[-4.4031,36.72207]},"properties":{"anio":2025}},{"type":"Feature","geometry":{"type":"Point","coordinates":[-4.4298,36.72301]},"properties":{"anio":2025}},{"type":"Feature","geometry":{"type":"Point","coordinates":[-4.4076,36.72912]},"properties":{"anio":2025}},{"type":"Feature","geometry":{"type":"Point","coordinates":[-4.41718,36.72441]},"properties":{"anio":2025}},{"type":"Feature","geometry":{"type":"Point","coordinates":[-4.40853,36.73496]},"properties":{"anio":2025}},{"type":"Feature","geometry":{"type":"Point","coordinates":[-4.42154,36.73154]},"properties":{"anio":2025}},{"type":"Feature","geometry":{"type":"Point","coordinates":[-4.40785,36.73529]},"properties":{"anio":2025}},{"type":"Feature","geometry":{"type":"Point","coordinates":[-4.4121,36.72689]},"properties":{"anio":2025}},{"type":"Feature","geometry":{"type":"Point","coordinates":[-4.42222,36.72057]},"properties":{"anio":2024}},{"type":"Feature","geometry":{"type":"Point","coordinates":[-4.42091,36.73374]},"properties":{"anio":2025}},{"type":"Feature","geometry":{"type":"Point","coordinates":[-4.41125,36.71744]},"properties":{"anio":2025}},{"type":"Feature","geometry":{"type":"Point","coordinates":[-4.41944,36.72332]},"properties":{"anio":2025}},{"type":"Feature","geometry":{"type":"Point","coordinates":[-4.42474,36.72287]},"properties":{"anio":2025}},{"type":"Feature","geometry":{"type":"Point","coordinates":[-4.42435,36.71572]},"properties":{"anio":2025}},{"type":"Feature","geometry":{"type":"Point","coordinates":[-4.41125,36.71744]},"properties":{"anio":2025}},{"type":"Feature","geometry":{"type":"Point","coordinates":[-4.42835,36.71988]},"properties":{"anio":2025}},{"type":"Feature","geometry":{"type":"Point","coordinates":[-4.42922,36.72642]},"properties":{"anio":2025}},{"type":"Feature","geometry":{"type":"Point","coordinates":[-4.41373,36.72545]},"properties":{"anio":2025}},{"type":"Feature","geometry":{"type":"Point","coordinates":[-4.40874,36.72814]},"properties":{"anio":2025}},{"type":"Feature","geometry":{"type":"Point","coordinates":[-4.42036,36.7272]},"properties":{"anio":2025}},{"type":"Feature","geometry":{"type":"Point","coordinates":[-4.40938,36.72039]},"properties":{"anio":2025}},{"type":"Feature","geometry":{"type":"Point","coordinates":[-4.40834,36.72021]},"properties":{"anio":2025}},{"type":"Feature","geometry":{"type":"Point","coordinates":[-4.42825,36.72152]},"properties":{"anio":2024}},{"type":"Feature","geometry":{"type":"Point","coordinates":[-4.42778,36.72155]},"properties":{"anio":2024}},{"type":"Feature","geometry":{"type":"Point","coordinates":[-4.4265,36.71248]},"properties":{"anio":2025}},{"type":"Feature","geometry":{"type":"Point","coordinates":[-4.42365,36.72146]},"properties":{"anio":2025}},{"type":"Feature","geometry":{"type":"Point","coordinates":[-4.43012,36.72662]},"properties":{"anio":2025}},{"type":"Feature","geometry":{"type":"Point","coordinates":[-4.42256,36.71913]},"properties":{"anio":2025}},{"type":"Feature","geometry":{"type":"Point","coordinates":[-4.42024,36.72521]},"properties":{"anio":2025}},{"type":"Feature","geometry":{"type":"Point","coordinates":[-4.41945,36.72234]},"properties":{"anio":2025}},{"type":"Feature","geometry":{"type":"Point","coordinates":[-4.40708,36.73583]},"properties":{"anio":2025}},{"type":"Feature","geometry":{"type":"Point","coordinates":[-4.41837,36.7252]},"properties":{"anio":2025}},{"type":"Feature","geometry":{"type":"Point","coordinates":[-4.41837,36.7252]},"properties":{"anio":2025}},{"type":"Feature","geometry":{"type":"Point","coordinates":[-4.42037,36.73038]},"properties":{"anio":2025}},{"type":"Feature","geometry":{"type":"Point","coordinates":[-4.42037,36.73038]},"properties":{"anio":2025}},{"type":"Feature","geometry":{"type":"Point","coordinates":[-4.42037,36.73038]},"properties":{"anio":2025}},{"type":"Feature","geometry":{"type":"Point","coordinates":[-4.40886,36.72786]},"properties":{"anio":2025}},{"type":"Feature","geometry":{"type":"Point","coordinates":[-4.42105,36.73144]},"properties":{"anio":2025}},{"type":"Feature","geometry":{"type":"Point","coordinates":[-4.4267,36.72309]},"properties":{"anio":2025}},{"type":"Feature","geometry":{"type":"Point","coordinates":[-4.42378,36.71673]},"properties":{"anio":2025}},{"type":"Feature","geometry":{"type":"Point","coordinates":[-4.42378,36.71673]},"properties":{"anio":2025}},{"type":"Feature","geometry":{"type":"Point","coordinates":[-4.41088,36.72682]},"properties":{"anio":2025}},{"type":"Feature","geometry":{"type":"Point","coordinates":[-4.43233,36.72002]},"properties":{"anio":2025}},{"type":"Feature","geometry":{"type":"Point","coordinates":[-4.41851,36.7232]},"properties":{"anio":2025}},{"type":"Feature","geometry":{"type":"Point","coordinates":[-4.40749,36.72953]},"properties":{"anio":2025}},{"type":"Feature","geometry":{"type":"Point","coordinates":[-4.42278,36.71941]},"properties":{"anio":2025}},{"type":"Feature","geometry":{"type":"Point","coordinates":[-4.4278,36.72523]},"properties":{"anio":2025}},{"type":"Feature","geometry":{"type":"Point","coordinates":[-4.4278,36.72523]},"properties":{"anio":2025}},{"type":"Feature","geometry":{"type":"Point","coordinates":[-4.42283,36.7247]},"properties":{"anio":2025}},{"type":"Feature","geometry":{"type":"Point","coordinates":[-4.41295,36.72803]},"properties":{"anio":2025}},{"type":"Feature","geometry":{"type":"Point","coordinates":[-4.42558,36.72719]},"properties":{"anio":2025}},{"type":"Feature","geometry":{"type":"Point","coordinates":[-4.40742,36.72581]},"properties":{"anio":2025}},{"type":"Feature","geometry":{"type":"Point","coordinates":[-4.41836,36.7255]},"properties":{"anio":2025}},{"type":"Feature","geometry":{"type":"Point","coordinates":[-4.42229,36.72065]},"properties":{"anio":2025}},{"type":"Feature","geometry":{"type":"Point","coordinates":[-4.40649,36.7225]},"properties":{"anio":2025}},{"type":"Feature","geometry":{"type":"Point","coordinates":[-4.41419,36.73429]},"properties":{"anio":2025}},{"type":"Feature","geometry":{"type":"Point","coordinates":[-4.42752,36.71314]},"properties":{"anio":2025}},{"type":"Feature","geometry":{"type":"Point","coordinates":[-4.43121,36.72106]},"properties":{"anio":2025}},{"type":"Feature","geometry":{"type":"Point","coordinates":[-4.41552,36.72584]},"properties":{"anio":2025}},{"type":"Feature","geometry":{"type":"Point","coordinates":[-4.41552,36.72584]},"properties":{"anio":2025}},{"type":"Feature","geometry":{"type":"Point","coordinates":[-4.41552,36.72584]},"properties":{"anio":2025}},{"type":"Feature","geometry":{"type":"Point","coordinates":[-4.4267,36.72309]},"properties":{"anio":2025}},{"type":"Feature","geometry":{"type":"Point","coordinates":[-4.41625,36.73402]},"properties":{"anio":2025}},{"type":"Feature","geometry":{"type":"Point","coordinates":[-4.4194,36.7234]},"properties":{"anio":2024}},{"type":"Feature","geometry":{"type":"Point","coordinates":[-4.42237,36.7196]},"properties":{"anio":2024}},{"type":"Feature","geometry":{"type":"Point","coordinates":[-4.42699,36.71264]},"properties":{"anio":2024}},{"type":"Feature","geometry":{"type":"Point","coordinates":[-4.42056,36.73249]},"properties":{"anio":2024}},{"type":"Feature","geometry":{"type":"Point","coordinates":[-4.41105,36.71801]},"properties":{"anio":2024}},{"type":"Feature","geometry":{"type":"Point","coordinates":[-4.42449,36.72397]},"properties":{"anio":2024}},{"type":"Feature","geometry":{"type":"Point","coordinates":[-4.41432,36.73477]},"properties":{"anio":2024}},{"type":"Feature","geometry":{"type":"Point","coordinates":[-4.42234,36.72695]},"properties":{"anio":2024}},{"type":"Feature","geometry":{"type":"Point","coordinates":[-4.41088,36.72682]},"properties":{"anio":2024}},{"type":"Feature","geometry":{"type":"Point","coordinates":[-4.42208,36.71589]},"properties":{"anio":2024}},{"type":"Feature","geometry":{"type":"Point","coordinates":[-4.42208,36.71589]},"properties":{"anio":2024}},{"type":"Feature","geometry":{"type":"Point","coordinates":[-4.42208,36.71589]},"properties":{"anio":2024}},{"type":"Feature","geometry":{"type":"Point","coordinates":[-4.42208,36.71589]},"properties":{"anio":2024}},{"type":"Feature","geometry":{"type":"Point","coordinates":[-4.42208,36.71589]},"properties":{"anio":2024}},{"type":"Feature","geometry":{"type":"Point","coordinates":[-4.42208,36.71589]},"properties":{"anio":2024}},{"type":"Feature","geometry":{"type":"Point","coordinates":[-4.42208,36.71589]},"properties":{"anio":2024}},{"type":"Feature","geometry":{"type":"Point","coordinates":[-4.42208,36.71589]},"properties":{"anio":2024}},{"type":"Feature","geometry":{"type":"Point","coordinates":[-4.42074,36.72356]},"properties":{"anio":2024}},{"type":"Feature","geometry":{"type":"Point","coordinates":[-4.42283,36.7247]},"properties":{"anio":2024}},{"type":"Feature","geometry":{"type":"Point","coordinates":[-4.42208,36.71589]},"properties":{"anio":2024}},{"type":"Feature","geometry":{"type":"Point","coordinates":[-4.4154,36.73014]},"properties":{"anio":2024}},{"type":"Feature","geometry":{"type":"Point","coordinates":[-4.43078,36.72523]},"properties":{"anio":2024}},{"type":"Feature","geometry":{"type":"Point","coordinates":[-4.41895,36.72423]},"properties":{"anio":2024}},{"type":"Feature","geometry":{"type":"Point","coordinates":[-4.41772,36.72013]},"properties":{"anio":2024}},{"type":"Feature","geometry":{"type":"Point","coordinates":[-4.42844,36.72417]},"properties":{"anio":2024}},{"type":"Feature","geometry":{"type":"Point","coordinates":[-4.42844,36.72417]},"properties":{"anio":2024}},{"type":"Feature","geometry":{"type":"Point","coordinates":[-4.42093,36.71847]},"properties":{"anio":2024}},{"type":"Feature","geometry":{"type":"Point","coordinates":[-4.43223,36.72352]},"properties":{"anio":2024}},{"type":"Feature","geometry":{"type":"Point","coordinates":[-4.41378,36.72935]},"properties":{"anio":2024}},{"type":"Feature","geometry":{"type":"Point","coordinates":[-4.41588,36.72609]},"properties":{"anio":2024}},{"type":"Feature","geometry":{"type":"Point","coordinates":[-4.40933,36.71919]},"properties":{"anio":2024}},{"type":"Feature","geometry":{"type":"Point","coordinates":[-4.42219,36.71956]},"properties":{"anio":2024}},{"type":"Feature","geometry":{"type":"Point","coordinates":[-4.41475,36.72655]},"properties":{"anio":2024}},{"type":"Feature","geometry":{"type":"Point","coordinates":[-4.41296,36.72701]},"properties":{"anio":2024}},{"type":"Feature","geometry":{"type":"Point","coordinates":[-4.43185,36.72111]},"properties":{"anio":2024}},{"type":"Feature","geometry":{"type":"Point","coordinates":[-4.42237,36.7196]},"properties":{"anio":2024}},{"type":"Feature","geometry":{"type":"Point","coordinates":[-4.41921,36.72238]},"properties":{"anio":2024}},{"type":"Feature","geometry":{"type":"Point","coordinates":[-4.41475,36.72655]},"properties":{"anio":2024}},{"type":"Feature","geometry":{"type":"Point","coordinates":[-4.41475,36.72655]},"properties":{"anio":2024}},{"type":"Feature","geometry":{"type":"Point","coordinates":[-4.41475,36.72655]},"properties":{"anio":2024}},{"type":"Feature","geometry":{"type":"Point","coordinates":[-4.4161,36.7259]},"properties":{"anio":2024}},{"type":"Feature","geometry":{"type":"Point","coordinates":[-4.41491,36.72563]},"properties":{"anio":2024}},{"type":"Feature","geometry":{"type":"Point","coordinates":[-4.42041,36.72412]},"properties":{"anio":2024}},{"type":"Feature","geometry":{"type":"Point","coordinates":[-4.41475,36.72655]},"properties":{"anio":2024}},{"type":"Feature","geometry":{"type":"Point","coordinates":[-4.41971,36.72391]},"properties":{"anio":2024}},{"type":"Feature","geometry":{"type":"Point","coordinates":[-4.41475,36.72655]},"properties":{"anio":2024}},{"type":"Feature","geometry":{"type":"Point","coordinates":[-4.42041,36.72412]},"properties":{"anio":2024}},{"type":"Feature","geometry":{"type":"Point","coordinates":[-4.41475,36.72655]},"properties":{"anio":2024}},{"type":"Feature","geometry":{"type":"Point","coordinates":[-4.41383,36.73074]},"properties":{"anio":2024}},{"type":"Feature","geometry":{"type":"Point","coordinates":[-4.42329,36.73113]},"properties":{"anio":2024}},{"type":"Feature","geometry":{"type":"Point","coordinates":[-4.42329,36.73113]},"properties":{"anio":2024}},{"type":"Feature","geometry":{"type":"Point","coordinates":[-4.4223,36.71894]},"properties":{"anio":2024}},{"type":"Feature","geometry":{"type":"Point","coordinates":[-4.4223,36.71894]},"properties":{"anio":2024}},{"type":"Feature","geometry":{"type":"Point","coordinates":[-4.4271,36.7221]},"properties":{"anio":2024}},{"type":"Feature","geometry":{"type":"Point","coordinates":[-4.42045,36.72247]},"properties":{"anio":2024}},{"type":"Feature","geometry":{"type":"Point","coordinates":[-4.41945,36.73119]},"properties":{"anio":2024}},{"type":"Feature","geometry":{"type":"Point","coordinates":[-4.40794,36.72132]},"properties":{"anio":2024}},{"type":"Feature","geometry":{"type":"Point","coordinates":[-4.41881,36.72503]},"properties":{"anio":2024}},{"type":"Feature","geometry":{"type":"Point","coordinates":[-4.41763,36.73217]},"properties":{"anio":2024}},{"type":"Feature","geometry":{"type":"Point","coordinates":[-4.41999,36.72204]},"properties":{"anio":2024}},{"type":"Feature","geometry":{"type":"Point","coordinates":[-4.41996,36.72211]},"properties":{"anio":2024}},{"type":"Feature","geometry":{"type":"Point","coordinates":[-4.41999,36.72204]},"properties":{"anio":2024}},{"type":"Feature","geometry":{"type":"Point","coordinates":[-4.41996,36.72211]},"properties":{"anio":2024}},{"type":"Feature","geometry":{"type":"Point","coordinates":[-4.41999,36.72204]},"properties":{"anio":2024}},{"type":"Feature","geometry":{"type":"Point","coordinates":[-4.41996,36.72211]},"properties":{"anio":2024}},{"type":"Feature","geometry":{"type":"Point","coordinates":[-4.41996,36.72211]},"properties":{"anio":2024}},{"type":"Feature","geometry":{"type":"Point","coordinates":[-4.41093,36.71882]},"properties":{"anio":2024}},{"type":"Feature","geometry":{"type":"Point","coordinates":[-4.41711,36.72403]},"properties":{"anio":2024}},{"type":"Feature","geometry":{"type":"Point","coordinates":[-4.42309,36.72185]},"properties":{"anio":2024}},{"type":"Feature","geometry":{"type":"Point","coordinates":[-4.42858,36.72034]},"properties":{"anio":2024}},{"type":"Feature","geometry":{"type":"Point","coordinates":[-4.42858,36.72034]},"properties":{"anio":2024}},{"type":"Feature","geometry":{"type":"Point","coordinates":[-4.42462,36.72919]},"properties":{"anio":2024}},{"type":"Feature","geometry":{"type":"Point","coordinates":[-4.42675,36.72581]},"properties":{"anio":2024}},{"type":"Feature","geometry":{"type":"Point","coordinates":[-4.42458,36.72396]},"properties":{"anio":2024}},{"type":"Feature","geometry":{"type":"Point","coordinates":[-4.42234,36.72695]},"properties":{"anio":2024}},{"type":"Feature","geometry":{"type":"Point","coordinates":[-4.42221,36.72735]},"properties":{"anio":2024}},{"type":"Feature","geometry":{"type":"Point","coordinates":[-4.41344,36.72952]},"properties":{"anio":2024}},{"type":"Feature","geometry":{"type":"Point","coordinates":[-4.42398,36.72942]},"properties":{"anio":2024}},{"type":"Feature","geometry":{"type":"Point","coordinates":[-4.41553,36.7236]},"properties":{"anio":2024}},{"type":"Feature","geometry":{"type":"Point","coordinates":[-4.41371,36.72655]},"properties":{"anio":2024}},{"type":"Feature","geometry":{"type":"Point","coordinates":[-4.41917,36.7297]},"properties":{"anio":2024}},{"type":"Feature","geometry":{"type":"Point","coordinates":[-4.42213,36.72767]},"properties":{"anio":2024}},{"type":"Feature","geometry":{"type":"Point","coordinates":[-4.43076,36.72141]},"properties":{"anio":2024}},{"type":"Feature","geometry":{"type":"Point","coordinates":[-4.4223,36.71894]},"properties":{"anio":2024}},{"type":"Feature","geometry":{"type":"Point","coordinates":[-4.41382,36.72563]},"properties":{"anio":2024}},{"type":"Feature","geometry":{"type":"Point","coordinates":[-4.42179,36.72817]},"properties":{"anio":2024}},{"type":"Feature","geometry":{"type":"Point","coordinates":[-4.42045,36.72247]},"properties":{"anio":2024}},{"type":"Feature","geometry":{"type":"Point","coordinates":[-4.42439,36.71343]},"properties":{"anio":2024}},{"type":"Feature","geometry":{"type":"Point","coordinates":[-4.43074,36.72314]},"properties":{"anio":2024}},{"type":"Feature","geometry":{"type":"Point","coordinates":[-4.43074,36.72314]},"properties":{"anio":2024}},{"type":"Feature","geometry":{"type":"Point","coordinates":[-4.42072,36.72858]},"properties":{"anio":2024}},{"type":"Feature","geometry":{"type":"Point","coordinates":[-4.42072,36.72858]},"properties":{"anio":2024}},{"type":"Feature","geometry":{"type":"Point","coordinates":[-4.41882,36.72266]},"properties":{"anio":2024}},{"type":"Feature","geometry":{"type":"Point","coordinates":[-4.42039,36.73232]},"properties":{"anio":2024}},{"type":"Feature","geometry":{"type":"Point","coordinates":[-4.42234,36.72695]},"properties":{"anio":2024}},{"type":"Feature","geometry":{"type":"Point","coordinates":[-4.41428,36.73092]},"properties":{"anio":2024}},{"type":"Feature","geometry":{"type":"Point","coordinates":[-4.42335,36.72834]},"properties":{"anio":2024}},{"type":"Feature","geometry":{"type":"Point","coordinates":[-4.42153,36.7287]},"properties":{"anio":2024}},{"type":"Feature","geometry":{"type":"Point","coordinates":[-4.41178,36.71688]},"properties":{"anio":2024}},{"type":"Feature","geometry":{"type":"Point","coordinates":[-4.42138,36.72215]},"properties":{"anio":2024}},{"type":"Feature","geometry":{"type":"Point","coordinates":[-4.41178,36.71688]},"properties":{"anio":2024}},{"type":"Feature","geometry":{"type":"Point","coordinates":[-4.41387,36.7323]},"properties":{"anio":2024}},{"type":"Feature","geometry":{"type":"Point","coordinates":[-4.41553,36.7236]},"properties":{"anio":2024}},{"type":"Feature","geometry":{"type":"Point","coordinates":[-4.42458,36.72971]},"properties":{"anio":2024}},{"type":"Feature","geometry":{"type":"Point","coordinates":[-4.42501,36.7209]},"properties":{"anio":2024}},{"type":"Feature","geometry":{"type":"Point","coordinates":[-4.42501,36.7209]},"properties":{"anio":2024}},{"type":"Feature","geometry":{"type":"Point","coordinates":[-4.41301,36.72661]},"properties":{"anio":2024}},{"type":"Feature","geometry":{"type":"Point","coordinates":[-4.41301,36.72661]},"properties":{"anio":2024}},{"type":"Feature","geometry":{"type":"Point","coordinates":[-4.41301,36.72661]},"properties":{"anio":2024}},{"type":"Feature","geometry":{"type":"Point","coordinates":[-4.43004,36.72161]},"properties":{"anio":2024}},{"type":"Feature","geometry":{"type":"Point","coordinates":[-4.42872,36.72417]},"properties":{"anio":2024}},{"type":"Feature","geometry":{"type":"Point","coordinates":[-4.42044,36.72352]},"properties":{"anio":2024}},{"type":"Feature","geometry":{"type":"Point","coordinates":[-4.42012,36.72551]},"properties":{"anio":2024}},{"type":"Feature","geometry":{"type":"Point","coordinates":[-4.43038,36.7216]},"properties":{"anio":2024}},{"type":"Feature","geometry":{"type":"Point","coordinates":[-4.41307,36.72783]},"properties":{"anio":2024}},{"type":"Feature","geometry":{"type":"Point","coordinates":[-4.42991,36.72454]},"properties":{"anio":2024}},{"type":"Feature","geometry":{"type":"Point","coordinates":[-4.41452,36.7294]},"properties":{"anio":2024}},{"type":"Feature","geometry":{"type":"Point","coordinates":[-4.42031,36.72768]},"properties":{"anio":2024}},{"type":"Feature","geometry":{"type":"Point","coordinates":[-4.41062,36.72962]},"properties":{"anio":2024}},{"type":"Feature","geometry":{"type":"Point","coordinates":[-4.42361,36.72073]},"properties":{"anio":2024}},{"type":"Feature","geometry":{"type":"Point","coordinates":[-4.42192,36.72519]},"properties":{"anio":2024}},{"type":"Feature","geometry":{"type":"Point","coordinates":[-4.42219,36.72503]},"properties":{"anio":2024}},{"type":"Feature","geometry":{"type":"Point","coordinates":[-4.42267,36.71895]},"properties":{"anio":2024}},{"type":"Feature","geometry":{"type":"Point","coordinates":[-4.40508,36.72381]},"properties":{"anio":2024}},{"type":"Feature","geometry":{"type":"Point","coordinates":[-4.40998,36.72802]},"properties":{"anio":2024}},{"type":"Feature","geometry":{"type":"Point","coordinates":[-4.41006,36.72816]},"properties":{"anio":2024}},{"type":"Feature","geometry":{"type":"Point","coordinates":[-4.40998,36.72802]},"properties":{"anio":2024}},{"type":"Feature","geometry":{"type":"Point","coordinates":[-4.41006,36.72816]},"properties":{"anio":2024}},{"type":"Feature","geometry":{"type":"Point","coordinates":[-4.42153,36.7287]},"properties":{"anio":2024}},{"type":"Feature","geometry":{"type":"Point","coordinates":[-4.42153,36.7287]},"properties":{"anio":2024}},{"type":"Feature","geometry":{"type":"Point","coordinates":[-4.41006,36.72816]},"properties":{"anio":2024}},{"type":"Feature","geometry":{"type":"Point","coordinates":[-4.40997,36.72821]},"properties":{"anio":2024}},{"type":"Feature","geometry":{"type":"Point","coordinates":[-4.40998,36.72809]},"properties":{"anio":2024}},{"type":"Feature","geometry":{"type":"Point","coordinates":[-4.40998,36.72802]},"properties":{"anio":2024}},{"type":"Feature","geometry":{"type":"Point","coordinates":[-4.40998,36.72802]},"properties":{"anio":2024}},{"type":"Feature","geometry":{"type":"Point","coordinates":[-4.40998,36.72802]},"properties":{"anio":2024}},{"type":"Feature","geometry":{"type":"Point","coordinates":[-4.40997,36.72821]},"properties":{"anio":2024}},{"type":"Feature","geometry":{"type":"Point","coordinates":[-4.41884,36.71951]},"properties":{"anio":2024}},{"type":"Feature","geometry":{"type":"Point","coordinates":[-4.41884,36.71951]},"properties":{"anio":2024}},{"type":"Feature","geometry":{"type":"Point","coordinates":[-4.4207,36.72316]},"properties":{"anio":2024}},{"type":"Feature","geometry":{"type":"Point","coordinates":[-4.42784,36.72415]},"properties":{"anio":2024}},{"type":"Feature","geometry":{"type":"Point","coordinates":[-4.4305,36.72392]},"properties":{"anio":2024}},{"type":"Feature","geometry":{"type":"Point","coordinates":[-4.40627,36.72199]},"properties":{"anio":2024}},{"type":"Feature","geometry":{"type":"Point","coordinates":[-4.40573,36.72316]},"properties":{"anio":2024}},{"type":"Feature","geometry":{"type":"Point","coordinates":[-4.42234,36.72695]},"properties":{"anio":2024}},{"type":"Feature","geometry":{"type":"Point","coordinates":[-4.42056,36.72979]},"properties":{"anio":2024}},{"type":"Feature","geometry":{"type":"Point","coordinates":[-4.41178,36.71688]},"properties":{"anio":2024}},{"type":"Feature","geometry":{"type":"Point","coordinates":[-4.42716,36.72158]},"properties":{"anio":2024}},{"type":"Feature","geometry":{"type":"Point","coordinates":[-4.41454,36.72863]},"properties":{"anio":2024}},{"type":"Feature","geometry":{"type":"Point","coordinates":[-4.41453,36.72616]},"properties":{"anio":2024}},{"type":"Feature","geometry":{"type":"Point","coordinates":[-4.41184,36.72697]},"properties":{"anio":2024}},{"type":"Feature","geometry":{"type":"Point","coordinates":[-4.42219,36.72503]},"properties":{"anio":2024}},{"type":"Feature","geometry":{"type":"Point","coordinates":[-4.42539,36.7175]},"properties":{"anio":2024}},{"type":"Feature","geometry":{"type":"Point","coordinates":[-4.42219,36.72503]},"properties":{"anio":2024}},{"type":"Feature","geometry":{"type":"Point","coordinates":[-4.41672,36.72467]},"properties":{"anio":2024}},{"type":"Feature","geometry":{"type":"Point","coordinates":[-4.43001,36.72273]},"properties":{"anio":2024}},{"type":"Feature","geometry":{"type":"Point","coordinates":[-4.42863,36.72104]},"properties":{"anio":2024}},{"type":"Feature","geometry":{"type":"Point","coordinates":[-4.41925,36.72472]},"properties":{"anio":2024}},{"type":"Feature","geometry":{"type":"Point","coordinates":[-4.41234,36.72579]},"properties":{"anio":2024}},{"type":"Feature","geometry":{"type":"Point","coordinates":[-4.42066,36.72643]},"properties":{"anio":2024}},{"type":"Feature","geometry":{"type":"Point","coordinates":[-4.42528,36.71468]},"properties":{"anio":2024}},{"type":"Feature","geometry":{"type":"Point","coordinates":[-4.41804,36.7254]},"properties":{"anio":2024}},{"type":"Feature","geometry":{"type":"Point","coordinates":[-4.41932,36.72426]},"properties":{"anio":2024}},{"type":"Feature","geometry":{"type":"Point","coordinates":[-4.41772,36.72013]},"properties":{"anio":2024}},{"type":"Feature","geometry":{"type":"Point","coordinates":[-4.41869,36.7324]},"properties":{"anio":2024}},{"type":"Feature","geometry":{"type":"Point","coordinates":[-4.42991,36.72309]},"properties":{"anio":2024}},{"type":"Feature","geometry":{"type":"Point","coordinates":[-4.41748,36.72499]},"properties":{"anio":2024}},{"type":"Feature","geometry":{"type":"Point","coordinates":[-4.42153,36.7287]},"properties":{"anio":2024}},{"type":"Feature","geometry":{"type":"Point","coordinates":[-4.41748,36.72499]},"properties":{"anio":2024}},{"type":"Feature","geometry":{"type":"Point","coordinates":[-4.43004,36.72161]},"properties":{"anio":2024}},{"type":"Feature","geometry":{"type":"Point","coordinates":[-4.43062,36.72446]},"properties":{"anio":2024}},{"type":"Feature","geometry":{"type":"Point","coordinates":[-4.43004,36.72161]},"properties":{"anio":2024}},{"type":"Feature","geometry":{"type":"Point","coordinates":[-4.42234,36.72695]},"properties":{"anio":2024}},{"type":"Feature","geometry":{"type":"Point","coordinates":[-4.42273,36.72528]},"properties":{"anio":2024}},{"type":"Feature","geometry":{"type":"Point","coordinates":[-4.42234,36.72695]},"properties":{"anio":2024}},{"type":"Feature","geometry":{"type":"Point","coordinates":[-4.43001,36.72418]},"properties":{"anio":2024}},{"type":"Feature","geometry":{"type":"Point","coordinates":[-4.41132,36.72763]},"properties":{"anio":2024}},{"type":"Feature","geometry":{"type":"Point","coordinates":[-4.40664,36.7207]},"properties":{"anio":2024}},{"type":"Feature","geometry":{"type":"Point","coordinates":[-4.43062,36.72446]},"properties":{"anio":2024}},{"type":"Feature","geometry":{"type":"Point","coordinates":[-4.42021,36.73067]},"properties":{"anio":2024}},{"type":"Feature","geometry":{"type":"Point","coordinates":[-4.41553,36.72628]},"properties":{"anio":2024}},{"type":"Feature","geometry":{"type":"Point","coordinates":[-4.43053,36.72531]},"properties":{"anio":2024}},{"type":"Feature","geometry":{"type":"Point","coordinates":[-4.43053,36.72531]},"properties":{"anio":2024}},{"type":"Feature","geometry":{"type":"Point","coordinates":[-4.42508,36.72591]},"properties":{"anio":2024}},{"type":"Feature","geometry":{"type":"Point","coordinates":[-4.43067,36.72142]},"properties":{"anio":2024}},{"type":"Feature","geometry":{"type":"Point","coordinates":[-4.43053,36.72531]},"properties":{"anio":2024}},{"type":"Feature","geometry":{"type":"Point","coordinates":[-4.43053,36.72531]},"properties":{"anio":2024}},{"type":"Feature","geometry":{"type":"Point","coordinates":[-4.43053,36.72531]},"properties":{"anio":2024}},{"type":"Feature","geometry":{"type":"Point","coordinates":[-4.42006,36.73153]},"properties":{"anio":2024}},{"type":"Feature","geometry":{"type":"Point","coordinates":[-4.41808,36.72572]},"properties":{"anio":2024}},{"type":"Feature","geometry":{"type":"Point","coordinates":[-4.43193,36.72103]},"properties":{"anio":2024}},{"type":"Feature","geometry":{"type":"Point","coordinates":[-4.43053,36.72531]},"properties":{"anio":2024}},{"type":"Feature","geometry":{"type":"Point","coordinates":[-4.42006,36.73153]},"properties":{"anio":2024}},{"type":"Feature","geometry":{"type":"Point","coordinates":[-4.43053,36.72531]},"properties":{"anio":2024}},{"type":"Feature","geometry":{"type":"Point","coordinates":[-4.43053,36.72531]},"properties":{"anio":2024}},{"type":"Feature","geometry":{"type":"Point","coordinates":[-4.42178,36.72625]},"properties":{"anio":2024}},{"type":"Feature","geometry":{"type":"Point","coordinates":[-4.42991,36.72454]},"properties":{"anio":2024}},{"type":"Feature","geometry":{"type":"Point","coordinates":[-4.43193,36.72103]},"properties":{"anio":2024}},{"type":"Feature","geometry":{"type":"Point","coordinates":[-4.42991,36.72454]},"properties":{"anio":2024}},{"type":"Feature","geometry":{"type":"Point","coordinates":[-4.41125,36.71744]},"properties":{"anio":2024}},{"type":"Feature","geometry":{"type":"Point","coordinates":[-4.43005,36.72544]},"properties":{"anio":2024}},{"type":"Feature","geometry":{"type":"Point","coordinates":[-4.42991,36.72454]},"properties":{"anio":2024}},{"type":"Feature","geometry":{"type":"Point","coordinates":[-4.42474,36.71377]},"properties":{"anio":2024}},{"type":"Feature","geometry":{"type":"Point","coordinates":[-4.43251,36.72182]},"properties":{"anio":2024}},{"type":"Feature","geometry":{"type":"Point","coordinates":[-4.4194,36.72406]},"properties":{"anio":2024}},{"type":"Feature","geometry":{"type":"Point","coordinates":[-4.43084,36.72094]},"properties":{"anio":2024}},{"type":"Feature","geometry":{"type":"Point","coordinates":[-4.42274,36.72271]},"properties":{"anio":2024}},{"type":"Feature","geometry":{"type":"Point","coordinates":[-4.41806,36.72374]},"properties":{"anio":2024}},{"type":"Feature","geometry":{"type":"Point","coordinates":[-4.42383,36.71587]},"properties":{"anio":2024}},{"type":"Feature","geometry":{"type":"Point","coordinates":[-4.42383,36.7263]},"properties":{"anio":2024}},{"type":"Feature","geometry":{"type":"Point","coordinates":[-4.427,36.72278]},"properties":{"anio":2024}},{"type":"Feature","geometry":{"type":"Point","coordinates":[-4.42072,36.72858]},"properties":{"anio":2024}},{"type":"Feature","geometry":{"type":"Point","coordinates":[-4.413,36.72819]},"properties":{"anio":2024}},{"type":"Feature","geometry":{"type":"Point","coordinates":[-4.42415,36.72915]},"properties":{"anio":2024}},{"type":"Feature","geometry":{"type":"Point","coordinates":[-4.40891,36.72026]},"properties":{"anio":2024}},{"type":"Feature","geometry":{"type":"Point","coordinates":[-4.4182,36.732]},"properties":{"anio":2024}},{"type":"Feature","geometry":{"type":"Point","coordinates":[-4.42415,36.72808]},"properties":{"anio":2024}},{"type":"Feature","geometry":{"type":"Point","coordinates":[-4.4269,36.72192]},"properties":{"anio":2024}},{"type":"Feature","geometry":{"type":"Point","coordinates":[-4.41718,36.72514]},"properties":{"anio":2024}},{"type":"Feature","geometry":{"type":"Point","coordinates":[-4.41718,36.72514]},"properties":{"anio":2024}},{"type":"Feature","geometry":{"type":"Point","coordinates":[-4.41718,36.72514]},"properties":{"anio":2024}},{"type":"Feature","geometry":{"type":"Point","coordinates":[-4.41718,36.72514]},"properties":{"anio":2024}},{"type":"Feature","geometry":{"type":"Point","coordinates":[-4.4269,36.72192]},"properties":{"anio":2024}},{"type":"Feature","geometry":{"type":"Point","coordinates":[-4.42072,36.72884]},"properties":{"anio":2024}},{"type":"Feature","geometry":{"type":"Point","coordinates":[-4.4269,36.72192]},"properties":{"anio":2024}},{"type":"Feature","geometry":{"type":"Point","coordinates":[-4.42338,36.72014]},"properties":{"anio":2024}},{"type":"Feature","geometry":{"type":"Point","coordinates":[-4.40893,36.72839]},"properties":{"anio":2024}},{"type":"Feature","geometry":{"type":"Point","coordinates":[-4.41194,36.72637]},"properties":{"anio":2024}},{"type":"Feature","geometry":{"type":"Point","coordinates":[-4.41933,36.72455]},"properties":{"anio":2024}},{"type":"Feature","geometry":{"type":"Point","coordinates":[-4.41933,36.72455]},"properties":{"anio":2024}},{"type":"Feature","geometry":{"type":"Point","coordinates":[-4.43006,36.72284]},"properties":{"anio":2024}},{"type":"Feature","geometry":{"type":"Point","coordinates":[-4.4207,36.72316]},"properties":{"anio":2024}},{"type":"Feature","geometry":{"type":"Point","coordinates":[-4.41985,36.73078]},"properties":{"anio":2024}},{"type":"Feature","geometry":{"type":"Point","coordinates":[-4.42405,36.72838]},"properties":{"anio":2024}},{"type":"Feature","geometry":{"type":"Point","coordinates":[-4.42432,36.73001]},"properties":{"anio":2024}},{"type":"Feature","geometry":{"type":"Point","coordinates":[-4.41454,36.72863]},"properties":{"anio":2024}},{"type":"Feature","geometry":{"type":"Point","coordinates":[-4.41454,36.72863]},"properties":{"anio":2024}},{"type":"Feature","geometry":{"type":"Point","coordinates":[-4.41454,36.72863]},"properties":{"anio":2024}},{"type":"Feature","geometry":{"type":"Point","coordinates":[-4.4246,36.72827]},"properties":{"anio":2024}},{"type":"Feature","geometry":{"type":"Point","coordinates":[-4.42721,36.71346]},"properties":{"anio":2024}},{"type":"Feature","geometry":{"type":"Point","coordinates":[-4.41454,36.72863]},"properties":{"anio":2024}},{"type":"Feature","geometry":{"type":"Point","coordinates":[-4.42535,36.71274]},"properties":{"anio":2024}},{"type":"Feature","geometry":{"type":"Point","coordinates":[-4.42423,36.71882]},"properties":{"anio":2024}},{"type":"Feature","geometry":{"type":"Point","coordinates":[-4.41573,36.72606]},"properties":{"anio":2024}},{"type":"Feature","geometry":{"type":"Point","coordinates":[-4.41807,36.73249]},"properties":{"anio":2024}},{"type":"Feature","geometry":{"type":"Point","coordinates":[-4.41808,36.72572]},"properties":{"anio":2024}},{"type":"Feature","geometry":{"type":"Point","coordinates":[-4.42496,36.72252]},"properties":{"anio":2024}},{"type":"Feature","geometry":{"type":"Point","coordinates":[-4.42496,36.72252]},"properties":{"anio":2024}},{"type":"Feature","geometry":{"type":"Point","coordinates":[-4.41858,36.72012]},"properties":{"anio":2024}},{"type":"Feature","geometry":{"type":"Point","coordinates":[-4.42368,36.7199]},"properties":{"anio":2024}},{"type":"Feature","geometry":{"type":"Point","coordinates":[-4.4242,36.72181]},"properties":{"anio":2024}},{"type":"Feature","geometry":{"type":"Point","coordinates":[-4.41617,36.73576]},"properties":{"anio":2024}},{"type":"Feature","geometry":{"type":"Point","coordinates":[-4.42392,36.72025]},"properties":{"anio":2024}},{"type":"Feature","geometry":{"type":"Point","coordinates":[-4.42007,36.72648]},"properties":{"anio":2024}},{"type":"Feature","geometry":{"type":"Point","coordinates":[-4.41858,36.72012]},"properties":{"anio":2024}},{"type":"Feature","geometry":{"type":"Point","coordinates":[-4.4194,36.7234]},"properties":{"anio":2024}},{"type":"Feature","geometry":{"type":"Point","coordinates":[-4.42303,36.73039]},"properties":{"anio":2024}},{"type":"Feature","geometry":{"type":"Point","coordinates":[-4.4017,36.7218]},"properties":{"anio":2024}},{"type":"Feature","geometry":{"type":"Point","coordinates":[-4.4097,36.71982]},"properties":{"anio":2024}},{"type":"Feature","geometry":{"type":"Point","coordinates":[-4.41475,36.72655]},"properties":{"anio":2024}},{"type":"Feature","geometry":{"type":"Point","coordinates":[-4.42255,36.72701]},"properties":{"anio":2024}},{"type":"Feature","geometry":{"type":"Point","coordinates":[-4.42699,36.72245]},"properties":{"anio":2024}},{"type":"Feature","geometry":{"type":"Point","coordinates":[-4.41962,36.7251]},"properties":{"anio":2024}},{"type":"Feature","geometry":{"type":"Point","coordinates":[-4.42892,36.71606]},"properties":{"anio":2024}},{"type":"Feature","geometry":{"type":"Point","coordinates":[-4.42892,36.71606]},"properties":{"anio":2024}},{"type":"Feature","geometry":{"type":"Point","coordinates":[-4.42892,36.71606]},"properties":{"anio":2024}},{"type":"Feature","geometry":{"type":"Point","coordinates":[-4.42768,36.72414]},"properties":{"anio":2024}},{"type":"Feature","geometry":{"type":"Point","coordinates":[-4.42892,36.71606]},"properties":{"anio":2024}},{"type":"Feature","geometry":{"type":"Point","coordinates":[-4.41548,36.7246]},"properties":{"anio":2024}},{"type":"Feature","geometry":{"type":"Point","coordinates":[-4.43233,36.72002]},"properties":{"anio":2024}},{"type":"Feature","geometry":{"type":"Point","coordinates":[-4.42228,36.71809]},"properties":{"anio":2024}},{"type":"Feature","geometry":{"type":"Point","coordinates":[-4.4303,36.72244]},"properties":{"anio":2024}},{"type":"Feature","geometry":{"type":"Point","coordinates":[-4.42261,36.72187]},"properties":{"anio":2024}},{"type":"Feature","geometry":{"type":"Point","coordinates":[-4.42199,36.73364]},"properties":{"anio":2024}},{"type":"Feature","geometry":{"type":"Point","coordinates":[-4.42255,36.72701]},"properties":{"anio":2024}},{"type":"Feature","geometry":{"type":"Point","coordinates":[-4.42366,36.7287]},"properties":{"anio":2024}},{"type":"Feature","geometry":{"type":"Point","coordinates":[-4.42094,36.72903]},"properties":{"anio":2024}},{"type":"Feature","geometry":{"type":"Point","coordinates":[-4.40874,36.72814]},"properties":{"anio":2024}},{"type":"Feature","geometry":{"type":"Point","coordinates":[-4.42396,36.72779]},"properties":{"anio":2024}},{"type":"Feature","geometry":{"type":"Point","coordinates":[-4.427,36.72278]},"properties":{"anio":2024}},{"type":"Feature","geometry":{"type":"Point","coordinates":[-4.42463,36.72815]},"properties":{"anio":2024}},{"type":"Feature","geometry":{"type":"Point","coordinates":[-4.43006,36.72284]},"properties":{"anio":2024}},{"type":"Feature","geometry":{"type":"Point","coordinates":[-4.41049,36.72717]},"properties":{"anio":2024}},{"type":"Feature","geometry":{"type":"Point","coordinates":[-4.42183,36.72459]},"properties":{"anio":2024}},{"type":"Feature","geometry":{"type":"Point","coordinates":[-4.42284,36.72638]},"properties":{"anio":2024}},{"type":"Feature","geometry":{"type":"Point","coordinates":[-4.41902,36.72525]},"properties":{"anio":2024}},{"type":"Feature","geometry":{"type":"Point","coordinates":[-4.42404,36.71517]},"properties":{"anio":2024}},{"type":"Feature","geometry":{"type":"Point","coordinates":[-4.42255,36.72701]},"properties":{"anio":2024}},{"type":"Feature","geometry":{"type":"Point","coordinates":[-4.42255,36.72701]},"properties":{"anio":2024}},{"type":"Feature","geometry":{"type":"Point","coordinates":[-4.42013,36.73084]},"properties":{"anio":2024}},{"type":"Feature","geometry":{"type":"Point","coordinates":[-4.42527,36.72376]},"properties":{"anio":2024}},{"type":"Feature","geometry":{"type":"Point","coordinates":[-4.42813,36.72441]},"properties":{"anio":2024}},{"type":"Feature","geometry":{"type":"Point","coordinates":[-4.42255,36.72701]},"properties":{"anio":2024}},{"type":"Feature","geometry":{"type":"Point","coordinates":[-4.4237,36.72209]},"properties":{"anio":2024}},{"type":"Feature","geometry":{"type":"Point","coordinates":[-4.42805,36.71444]},"properties":{"anio":2024}},{"type":"Feature","geometry":{"type":"Point","coordinates":[-4.42539,36.7175]},"properties":{"anio":2024}},{"type":"Feature","geometry":{"type":"Point","coordinates":[-4.4043,36.72352]},"properties":{"anio":2024}},{"type":"Feature","geometry":{"type":"Point","coordinates":[-4.42113,36.72163]},"properties":{"anio":2024}},{"type":"Feature","geometry":{"type":"Point","coordinates":[-4.42991,36.72454]},"properties":{"anio":2024}},{"type":"Feature","geometry":{"type":"Point","coordinates":[-4.42384,36.71472]},"properties":{"anio":2024}},{"type":"Feature","geometry":{"type":"Point","coordinates":[-4.41834,36.72416]},"properties":{"anio":2024}},{"type":"Feature","geometry":{"type":"Point","coordinates":[-4.43006,36.72284]},"properties":{"anio":2024}},{"type":"Feature","geometry":{"type":"Point","coordinates":[-4.41063,36.72904]},"properties":{"anio":2024}},{"type":"Feature","geometry":{"type":"Point","coordinates":[-4.42235,36.72047]},"properties":{"anio":2024}},{"type":"Feature","geometry":{"type":"Point","coordinates":[-4.42072,36.72884]},"properties":{"anio":2024}},{"type":"Feature","geometry":{"type":"Point","coordinates":[-4.42255,36.72701]},"properties":{"anio":2024}},{"type":"Feature","geometry":{"type":"Point","coordinates":[-4.41811,36.72524]},"properties":{"anio":2024}},{"type":"Feature","geometry":{"type":"Point","coordinates":[-4.41217,36.72582]},"properties":{"anio":2024}},{"type":"Feature","geometry":{"type":"Point","coordinates":[-4.42863,36.72104]},"properties":{"anio":2024}},{"type":"Feature","geometry":{"type":"Point","coordinates":[-4.41906,36.72288]},"properties":{"anio":2024}},{"type":"Feature","geometry":{"type":"Point","coordinates":[-4.41829,36.72341]},"properties":{"anio":2024}},{"type":"Feature","geometry":{"type":"Point","coordinates":[-4.42034,36.72649]},"properties":{"anio":2024}},{"type":"Feature","geometry":{"type":"Point","coordinates":[-4.42496,36.72252]},"properties":{"anio":2024}},{"type":"Feature","geometry":{"type":"Point","coordinates":[-4.42496,36.72252]},"properties":{"anio":2024}},{"type":"Feature","geometry":{"type":"Point","coordinates":[-4.41957,36.73114]},"properties":{"anio":2024}},{"type":"Feature","geometry":{"type":"Point","coordinates":[-4.43251,36.72182]},"properties":{"anio":2024}},{"type":"Feature","geometry":{"type":"Point","coordinates":[-4.4226,36.72058]},"properties":{"anio":2024}},{"type":"Feature","geometry":{"type":"Point","coordinates":[-4.42187,36.72858]},"properties":{"anio":2024}},{"type":"Feature","geometry":{"type":"Point","coordinates":[-4.42255,36.72701]},"properties":{"anio":2024}},{"type":"Feature","geometry":{"type":"Point","coordinates":[-4.42194,36.72197]},"properties":{"anio":2024}},{"type":"Feature","geometry":{"type":"Point","coordinates":[-4.41359,36.72566]},"properties":{"anio":2024}},{"type":"Feature","geometry":{"type":"Point","coordinates":[-4.40914,36.71917]},"properties":{"anio":2024}},{"type":"Feature","geometry":{"type":"Point","coordinates":[-4.42255,36.72701]},"properties":{"anio":2024}},{"type":"Feature","geometry":{"type":"Point","coordinates":[-4.42104,36.72377]},"properties":{"anio":2024}},{"type":"Feature","geometry":{"type":"Point","coordinates":[-4.41883,36.72297]},"properties":{"anio":2024}},{"type":"Feature","geometry":{"type":"Point","coordinates":[-4.42782,36.71367]},"properties":{"anio":2024}},{"type":"Feature","geometry":{"type":"Point","coordinates":[-4.40622,36.7211]},"properties":{"anio":2024}},{"type":"Feature","geometry":{"type":"Point","coordinates":[-4.40622,36.7211]},"properties":{"anio":2024}},{"type":"Feature","geometry":{"type":"Point","coordinates":[-4.42255,36.72701]},"properties":{"anio":2024}},{"type":"Feature","geometry":{"type":"Point","coordinates":[-4.42836,36.72506]},"properties":{"anio":2024}},{"type":"Feature","geometry":{"type":"Point","coordinates":[-4.42836,36.72506]},"properties":{"anio":2024}},{"type":"Feature","geometry":{"type":"Point","coordinates":[-4.42836,36.72506]},"properties":{"anio":2024}},{"type":"Feature","geometry":{"type":"Point","coordinates":[-4.41105,36.71801]},"properties":{"anio":2024}},{"type":"Feature","geometry":{"type":"Point","coordinates":[-4.40769,36.7354]},"properties":{"anio":2024}},{"type":"Feature","geometry":{"type":"Point","coordinates":[-4.42812,36.71218]},"properties":{"anio":2024}},{"type":"Feature","geometry":{"type":"Point","coordinates":[-4.42812,36.71218]},"properties":{"anio":2024}},{"type":"Feature","geometry":{"type":"Point","coordinates":[-4.42454,36.7291]},"properties":{"anio":2024}},{"type":"Feature","geometry":{"type":"Point","coordinates":[-4.41943,36.72613]},"properties":{"anio":2024}},{"type":"Feature","geometry":{"type":"Point","coordinates":[-4.4232,36.7258]},"properties":{"anio":2024}},{"type":"Feature","geometry":{"type":"Point","coordinates":[-4.42005,36.72557]},"properties":{"anio":2024}},{"type":"Feature","geometry":{"type":"Point","coordinates":[-4.41812,36.72628]},"properties":{"anio":2024}},{"type":"Feature","geometry":{"type":"Point","coordinates":[-4.42018,36.73176]},"properties":{"anio":2024}},{"type":"Feature","geometry":{"type":"Point","coordinates":[-4.42284,36.72638]},"properties":{"anio":2024}},{"type":"Feature","geometry":{"type":"Point","coordinates":[-4.42186,36.72424]},"properties":{"anio":2024}},{"type":"Feature","geometry":{"type":"Point","coordinates":[-4.4216,36.7334]},"properties":{"anio":2024}},{"type":"Feature","geometry":{"type":"Point","coordinates":[-4.418,36.72643]},"properties":{"anio":2024}},{"type":"Feature","geometry":{"type":"Point","coordinates":[-4.41912,36.72578]},"properties":{"anio":2024}},{"type":"Feature","geometry":{"type":"Point","coordinates":[-4.41912,36.72578]},"properties":{"anio":2024}},{"type":"Feature","geometry":{"type":"Point","coordinates":[-4.4179,36.72033]},"properties":{"anio":2024}},{"type":"Feature","geometry":{"type":"Point","coordinates":[-4.42216,36.72264]},"properties":{"anio":2024}},{"type":"Feature","geometry":{"type":"Point","coordinates":[-4.42212,36.71925]},"properties":{"anio":2024}},{"type":"Feature","geometry":{"type":"Point","coordinates":[-4.42052,36.72122]},"properties":{"anio":2024}},{"type":"Feature","geometry":{"type":"Point","coordinates":[-4.41502,36.72793]},"properties":{"anio":2024}},{"type":"Feature","geometry":{"type":"Point","coordinates":[-4.41851,36.72337]},"properties":{"anio":2024}},{"type":"Feature","geometry":{"type":"Point","coordinates":[-4.41851,36.72337]},"properties":{"anio":2024}},{"type":"Feature","geometry":{"type":"Point","coordinates":[-4.43009,36.72761]},"properties":{"anio":2024}},{"type":"Feature","geometry":{"type":"Point","coordinates":[-4.42261,36.72026]},"properties":{"anio":2024}},{"type":"Feature","geometry":{"type":"Point","coordinates":[-4.43053,36.72202]},"properties":{"anio":2024}},{"type":"Feature","geometry":{"type":"Point","coordinates":[-4.41808,36.72572]},"properties":{"anio":2024}},{"type":"Feature","geometry":{"type":"Point","coordinates":[-4.4086,36.71947]},"properties":{"anio":2024}},{"type":"Feature","geometry":{"type":"Point","coordinates":[-4.41573,36.72384]},"properties":{"anio":2024}},{"type":"Feature","geometry":{"type":"Point","coordinates":[-4.40106,36.72139]},"properties":{"anio":2024}},{"type":"Feature","geometry":{"type":"Point","coordinates":[-4.42255,36.72701]},"properties":{"anio":2024}},{"type":"Feature","geometry":{"type":"Point","coordinates":[-4.42129,36.72181]},"properties":{"anio":2024}},{"type":"Feature","geometry":{"type":"Point","coordinates":[-4.42371,36.72041]},"properties":{"anio":2024}},{"type":"Feature","geometry":{"type":"Point","coordinates":[-4.42371,36.72041]},"properties":{"anio":2024}},{"type":"Feature","geometry":{"type":"Point","coordinates":[-4.41718,36.72441]},"properties":{"anio":2024}},{"type":"Feature","geometry":{"type":"Point","coordinates":[-4.4237,36.72209]},"properties":{"anio":2024}},{"type":"Feature","geometry":{"type":"Point","coordinates":[-4.4237,36.72209]},"properties":{"anio":2024}},{"type":"Feature","geometry":{"type":"Point","coordinates":[-4.4237,36.72209]},"properties":{"anio":2024}},{"type":"Feature","geometry":{"type":"Point","coordinates":[-4.4237,36.72209]},"properties":{"anio":2024}},{"type":"Feature","geometry":{"type":"Point","coordinates":[-4.42032,36.72529]},"properties":{"anio":2024}},{"type":"Feature","geometry":{"type":"Point","coordinates":[-4.43007,36.72336]},"properties":{"anio":2024}},{"type":"Feature","geometry":{"type":"Point","coordinates":[-4.42282,36.72218]},"properties":{"anio":2024}},{"type":"Feature","geometry":{"type":"Point","coordinates":[-4.42095,36.72807]},"properties":{"anio":2024}},{"type":"Feature","geometry":{"type":"Point","coordinates":[-4.40883,36.72727]},"properties":{"anio":2024}},{"type":"Feature","geometry":{"type":"Point","coordinates":[-4.42352,36.71987]},"properties":{"anio":2024}},{"type":"Feature","geometry":{"type":"Point","coordinates":[-4.42352,36.71987]},"properties":{"anio":2024}},{"type":"Feature","geometry":{"type":"Point","coordinates":[-4.418,36.72643]},"properties":{"anio":2024}},{"type":"Feature","geometry":{"type":"Point","coordinates":[-4.42989,36.72516]},"properties":{"anio":2024}},{"type":"Feature","geometry":{"type":"Point","coordinates":[-4.42073,36.72697]},"properties":{"anio":2024}},{"type":"Feature","geometry":{"type":"Point","coordinates":[-4.41801,36.724]},"properties":{"anio":2024}},{"type":"Feature","geometry":{"type":"Point","coordinates":[-4.427,36.72278]},"properties":{"anio":2024}},{"type":"Feature","geometry":{"type":"Point","coordinates":[-4.43063,36.72174]},"properties":{"anio":2024}},{"type":"Feature","geometry":{"type":"Point","coordinates":[-4.43063,36.72174]},"properties":{"anio":2024}},{"type":"Feature","geometry":{"type":"Point","coordinates":[-4.43063,36.72174]},"properties":{"anio":2024}},{"type":"Feature","geometry":{"type":"Point","coordinates":[-4.43063,36.72174]},"properties":{"anio":2024}},{"type":"Feature","geometry":{"type":"Point","coordinates":[-4.42905,36.71414]},"properties":{"anio":2024}},{"type":"Feature","geometry":{"type":"Point","coordinates":[-4.42318,36.72077]},"properties":{"anio":2024}},{"type":"Feature","geometry":{"type":"Point","coordinates":[-4.42509,36.72953]},"properties":{"anio":2024}},{"type":"Feature","geometry":{"type":"Point","coordinates":[-4.40627,36.72031]},"properties":{"anio":2024}},{"type":"Feature","geometry":{"type":"Point","coordinates":[-4.42752,36.71314]},"properties":{"anio":2024}},{"type":"Feature","geometry":{"type":"Point","coordinates":[-4.4251,36.72924]},"properties":{"anio":2024}},{"type":"Feature","geometry":{"type":"Point","coordinates":[-4.427,36.72278]},"properties":{"anio":2024}},{"type":"Feature","geometry":{"type":"Point","coordinates":[-4.40791,36.72781]},"properties":{"anio":2024}},{"type":"Feature","geometry":{"type":"Point","coordinates":[-4.41423,36.7258]},"properties":{"anio":2024}},{"type":"Feature","geometry":{"type":"Point","coordinates":[-4.42496,36.73002]},"properties":{"anio":2024}},{"type":"Feature","geometry":{"type":"Point","coordinates":[-4.42255,36.72701]},"properties":{"anio":2024}},{"type":"Feature","geometry":{"type":"Point","coordinates":[-4.42326,36.7266]},"properties":{"anio":2024}},{"type":"Feature","geometry":{"type":"Point","coordinates":[-4.41227,36.7277]},"properties":{"anio":2024}},{"type":"Feature","geometry":{"type":"Point","coordinates":[-4.41227,36.7277]},"properties":{"anio":2024}},{"type":"Feature","geometry":{"type":"Point","coordinates":[-4.40137,36.72283]},"properties":{"anio":2024}},{"type":"Feature","geometry":{"type":"Point","coordinates":[-4.4265,36.71248]},"properties":{"anio":2024}},{"type":"Feature","geometry":{"type":"Point","coordinates":[-4.41606,36.72387]},"properties":{"anio":2024}},{"type":"Feature","geometry":{"type":"Point","coordinates":[-4.42045,36.72247]},"properties":{"anio":2024}},{"type":"Feature","geometry":{"type":"Point","coordinates":[-4.40859,36.72869]},"properties":{"anio":2024}},{"type":"Feature","geometry":{"type":"Point","coordinates":[-4.42095,36.72807]},"properties":{"anio":2024}},{"type":"Feature","geometry":{"type":"Point","coordinates":[-4.41801,36.724]},"properties":{"anio":2024}},{"type":"Feature","geometry":{"type":"Point","coordinates":[-4.42093,36.71847]},"properties":{"anio":2024}},{"type":"Feature","geometry":{"type":"Point","coordinates":[-4.42361,36.71776]},"properties":{"anio":2024}},{"type":"Feature","geometry":{"type":"Point","coordinates":[-4.41943,36.72613]},"properties":{"anio":2024}},{"type":"Feature","geometry":{"type":"Point","coordinates":[-4.42255,36.72701]},"properties":{"anio":2024}},{"type":"Feature","geometry":{"type":"Point","coordinates":[-4.43065,36.72104]},"properties":{"anio":2024}},{"type":"Feature","geometry":{"type":"Point","coordinates":[-4.41902,36.72594]},"properties":{"anio":2024}},{"type":"Feature","geometry":{"type":"Point","coordinates":[-4.41381,36.72812]},"properties":{"anio":2024}},{"type":"Feature","geometry":{"type":"Point","coordinates":[-4.41641,36.72432]},"properties":{"anio":2024}},{"type":"Feature","geometry":{"type":"Point","coordinates":[-4.41507,36.7254]},"properties":{"anio":2024}},{"type":"Feature","geometry":{"type":"Point","coordinates":[-4.42684,36.72215]},"properties":{"anio":2024}},{"type":"Feature","geometry":{"type":"Point","coordinates":[-4.42159,36.73021]},"properties":{"anio":2024}},{"type":"Feature","geometry":{"type":"Point","coordinates":[-4.42008,36.72088]},"properties":{"anio":2024}},{"type":"Feature","geometry":{"type":"Point","coordinates":[-4.42382,36.71562]},"properties":{"anio":2024}},{"type":"Feature","geometry":{"type":"Point","coordinates":[-4.41801,36.724]},"properties":{"anio":2024}},{"type":"Feature","geometry":{"type":"Point","coordinates":[-4.42236,36.72445]},"properties":{"anio":2024}},{"type":"Feature","geometry":{"type":"Point","coordinates":[-4.418,36.72643]},"properties":{"anio":2024}},{"type":"Feature","geometry":{"type":"Point","coordinates":[-4.41847,36.72437]},"properties":{"anio":2024}},{"type":"Feature","geometry":{"type":"Point","coordinates":[-4.42326,36.7266]},"properties":{"anio":2024}},{"type":"Feature","geometry":{"type":"Point","coordinates":[-4.41473,36.72712]},"properties":{"anio":2024}},{"type":"Feature","geometry":{"type":"Point","coordinates":[-4.41423,36.7258]},"properties":{"anio":2024}},{"type":"Feature","geometry":{"type":"Point","coordinates":[-4.4237,36.72209]},"properties":{"anio":2024}},{"type":"Feature","geometry":{"type":"Point","coordinates":[-4.40481,36.72095]},"properties":{"anio":2024}},{"type":"Feature","geometry":{"type":"Point","coordinates":[-4.4237,36.72209]},"properties":{"anio":2024}},{"type":"Feature","geometry":{"type":"Point","coordinates":[-4.41546,36.73042]},"properties":{"anio":2024}},{"type":"Feature","geometry":{"type":"Point","coordinates":[-4.42291,36.71987]},"properties":{"anio":2024}},{"type":"Feature","geometry":{"type":"Point","coordinates":[-4.42255,36.72701]},"properties":{"anio":2024}},{"type":"Feature","geometry":{"type":"Point","coordinates":[-4.42151,36.72585]},"properties":{"anio":2024}},{"type":"Feature","geometry":{"type":"Point","coordinates":[-4.40791,36.72781]},"properties":{"anio":2024}},{"type":"Feature","geometry":{"type":"Point","coordinates":[-4.42382,36.71562]},"properties":{"anio":2024}},{"type":"Feature","geometry":{"type":"Point","coordinates":[-4.42419,36.7247]},"properties":{"anio":2024}},{"type":"Feature","geometry":{"type":"Point","coordinates":[-4.43116,36.7237]},"properties":{"anio":2024}},{"type":"Feature","geometry":{"type":"Point","coordinates":[-4.42066,36.72372]},"properties":{"anio":2024}},{"type":"Feature","geometry":{"type":"Point","coordinates":[-4.42438,36.72958]},"properties":{"anio":2024}},{"type":"Feature","geometry":{"type":"Point","coordinates":[-4.42398,36.71493]},"properties":{"anio":2024}},{"type":"Feature","geometry":{"type":"Point","coordinates":[-4.4138,36.72984]},"properties":{"anio":2024}},{"type":"Feature","geometry":{"type":"Point","coordinates":[-4.41125,36.71744]},"properties":{"anio":2024}},{"type":"Feature","geometry":{"type":"Point","coordinates":[-4.4211,36.72701]},"properties":{"anio":2024}},{"type":"Feature","geometry":{"type":"Point","coordinates":[-4.41125,36.71744]},"properties":{"anio":2024}},{"type":"Feature","geometry":{"type":"Point","coordinates":[-4.42948,36.72096]},"properties":{"anio":2024}},{"type":"Feature","geometry":{"type":"Point","coordinates":[-4.4239,36.72604]},"properties":{"anio":2024}},{"type":"Feature","geometry":{"type":"Point","coordinates":[-4.4239,36.72604]},"properties":{"anio":2024}},{"type":"Feature","geometry":{"type":"Point","coordinates":[-4.42207,36.72425]},"properties":{"anio":2024}},{"type":"Feature","geometry":{"type":"Point","coordinates":[-4.40609,36.72668]},"properties":{"anio":2024}},{"type":"Feature","geometry":{"type":"Point","coordinates":[-4.41226,36.72815]},"properties":{"anio":2024}},{"type":"Feature","geometry":{"type":"Point","coordinates":[-4.42207,36.72425]},"properties":{"anio":2024}},{"type":"Feature","geometry":{"type":"Point","coordinates":[-4.4278,36.72523]},"properties":{"anio":2024}},{"type":"Feature","geometry":{"type":"Point","coordinates":[-4.42207,36.72425]},"properties":{"anio":2024}},{"type":"Feature","geometry":{"type":"Point","coordinates":[-4.42207,36.72425]},"properties":{"anio":2024}},{"type":"Feature","geometry":{"type":"Point","coordinates":[-4.42047,36.72598]},"properties":{"anio":2024}},{"type":"Feature","geometry":{"type":"Point","coordinates":[-4.4077,36.7213]},"properties":{"anio":2024}},{"type":"Feature","geometry":{"type":"Point","coordinates":[-4.42838,36.71431]},"properties":{"anio":2024}},{"type":"Feature","geometry":{"type":"Point","coordinates":[-4.4096,36.71966]},"properties":{"anio":2024}},{"type":"Feature","geometry":{"type":"Point","coordinates":[-4.41571,36.72587]},"properties":{"anio":2024}},{"type":"Feature","geometry":{"type":"Point","coordinates":[-4.42207,36.72425]},"properties":{"anio":2024}},{"type":"Feature","geometry":{"type":"Point","coordinates":[-4.42207,36.72425]},"properties":{"anio":2024}},{"type":"Feature","geometry":{"type":"Point","coordinates":[-4.427,36.72278]},"properties":{"anio":2024}},{"type":"Feature","geometry":{"type":"Point","coordinates":[-4.4199,36.72334]},"properties":{"anio":2024}},{"type":"Feature","geometry":{"type":"Point","coordinates":[-4.42071,36.72376]},"properties":{"anio":2024}},{"type":"Feature","geometry":{"type":"Point","coordinates":[-4.41984,36.72168]},"properties":{"anio":2024}},{"type":"Feature","geometry":{"type":"Point","coordinates":[-4.42451,36.72829]},"properties":{"anio":2024}},{"type":"Feature","geometry":{"type":"Point","coordinates":[-4.42825,36.72543]},"properties":{"anio":2024}},{"type":"Feature","geometry":{"type":"Point","coordinates":[-4.427,36.72278]},"properties":{"anio":2024}},{"type":"Feature","geometry":{"type":"Point","coordinates":[-4.4196,36.72224]},"properties":{"anio":2024}},{"type":"Feature","geometry":{"type":"Point","coordinates":[-4.41858,36.72415]},"properties":{"anio":2024}},{"type":"Feature","geometry":{"type":"Point","coordinates":[-4.42244,36.73207]},"properties":{"anio":2024}},{"type":"Feature","geometry":{"type":"Point","coordinates":[-4.41858,36.72415]},"properties":{"anio":2024}},{"type":"Feature","geometry":{"type":"Point","coordinates":[-4.4196,36.72224]},"properties":{"anio":2024}},{"type":"Feature","geometry":{"type":"Point","coordinates":[-4.42044,36.71995]},"properties":{"anio":2024}},{"type":"Feature","geometry":{"type":"Point","coordinates":[-4.41926,36.7322]},"properties":{"anio":2024}},{"type":"Feature","geometry":{"type":"Point","coordinates":[-4.40874,36.72814]},"properties":{"anio":2024}},{"type":"Feature","geometry":{"type":"Point","coordinates":[-4.41603,36.73243]},"properties":{"anio":2024}},{"type":"Feature","geometry":{"type":"Point","coordinates":[-4.42824,36.71127]},"properties":{"anio":2024}},{"type":"Feature","geometry":{"type":"Point","coordinates":[-4.41984,36.72168]},"properties":{"anio":2024}},{"type":"Feature","geometry":{"type":"Point","coordinates":[-4.41628,36.73108]},"properties":{"anio":2024}},{"type":"Feature","geometry":{"type":"Point","coordinates":[-4.41108,36.72658]},"properties":{"anio":2024}},{"type":"Feature","geometry":{"type":"Point","coordinates":[-4.42413,36.72975]},"properties":{"anio":2024}},{"type":"Feature","geometry":{"type":"Point","coordinates":[-4.41718,36.72441]},"properties":{"anio":2024}},{"type":"Feature","geometry":{"type":"Point","coordinates":[-4.42408,36.72507]},"properties":{"anio":2024}},{"type":"Feature","geometry":{"type":"Point","coordinates":[-4.41502,36.72793]},"properties":{"anio":2024}},{"type":"Feature","geometry":{"type":"Point","coordinates":[-4.42935,36.72601]},"properties":{"anio":2024}},{"type":"Feature","geometry":{"type":"Point","coordinates":[-4.42154,36.72196]},"properties":{"anio":2024}},{"type":"Feature","geometry":{"type":"Point","coordinates":[-4.42698,36.71477]},"properties":{"anio":2024}},{"type":"Feature","geometry":{"type":"Point","coordinates":[-4.42359,36.7253]},"properties":{"anio":2024}},{"type":"Feature","geometry":{"type":"Point","coordinates":[-4.41955,36.72432]},"properties":{"anio":2024}},{"type":"Feature","geometry":{"type":"Point","coordinates":[-4.41989,36.72386]},"properties":{"anio":2024}},{"type":"Feature","geometry":{"type":"Point","coordinates":[-4.42688,36.71554]},"properties":{"anio":2024}},{"type":"Feature","geometry":{"type":"Point","coordinates":[-4.41935,36.72311]},"properties":{"anio":2024}},{"type":"Feature","geometry":{"type":"Point","coordinates":[-4.42384,36.72424]},"properties":{"anio":2024}},{"type":"Feature","geometry":{"type":"Point","coordinates":[-4.42384,36.72424]},"properties":{"anio":2024}},{"type":"Feature","geometry":{"type":"Point","coordinates":[-4.4164,36.72614]},"properties":{"anio":2024}},{"type":"Feature","geometry":{"type":"Point","coordinates":[-4.42044,36.71995]},"properties":{"anio":2024}},{"type":"Feature","geometry":{"type":"Point","coordinates":[-4.42149,36.72663]},"properties":{"anio":2024}},{"type":"Feature","geometry":{"type":"Point","coordinates":[-4.42393,36.71558]},"properties":{"anio":2024}},{"type":"Feature","geometry":{"type":"Point","coordinates":[-4.42315,36.72298]},"properties":{"anio":2024}},{"type":"Feature","geometry":{"type":"Point","coordinates":[-4.41227,36.7277]},"properties":{"anio":2024}},{"type":"Feature","geometry":{"type":"Point","coordinates":[-4.42766,36.72491]},"properties":{"anio":2024}},{"type":"Feature","geometry":{"type":"Point","coordinates":[-4.41467,36.72482]},"properties":{"anio":2024}},{"type":"Feature","geometry":{"type":"Point","coordinates":[-4.42034,36.72649]},"properties":{"anio":2024}},{"type":"Feature","geometry":{"type":"Point","coordinates":[-4.42838,36.71431]},"properties":{"anio":2024}},{"type":"Feature","geometry":{"type":"Point","coordinates":[-4.42383,36.7263]},"properties":{"anio":2024}},{"type":"Feature","geometry":{"type":"Point","coordinates":[-4.41641,36.72432]},"properties":{"anio":2024}},{"type":"Feature","geometry":{"type":"Point","coordinates":[-4.41585,36.72644]},"properties":{"anio":2024}},{"type":"Feature","geometry":{"type":"Point","coordinates":[-4.42478,36.72355]},"properties":{"anio":2024}},{"type":"Feature","geometry":{"type":"Point","coordinates":[-4.42838,36.71431]},"properties":{"anio":2024}},{"type":"Feature","geometry":{"type":"Point","coordinates":[-4.42094,36.72903]},"properties":{"anio":2024}},{"type":"Feature","geometry":{"type":"Point","coordinates":[-4.42135,36.72426]},"properties":{"anio":2024}},{"type":"Feature","geometry":{"type":"Point","coordinates":[-4.42255,36.72701]},"properties":{"anio":2024}},{"type":"Feature","geometry":{"type":"Point","coordinates":[-4.42311,36.72252]},"properties":{"anio":2024}},{"type":"Feature","geometry":{"type":"Point","coordinates":[-4.41989,36.72386]},"properties":{"anio":2024}},{"type":"Feature","geometry":{"type":"Point","coordinates":[-4.41974,36.72465]},"properties":{"anio":2024}},{"type":"Feature","geometry":{"type":"Point","coordinates":[-4.41752,36.72044]},"properties":{"anio":2024}},{"type":"Feature","geometry":{"type":"Point","coordinates":[-4.4273,36.72438]},"properties":{"anio":2024}},{"type":"Feature","geometry":{"type":"Point","coordinates":[-4.42347,36.71965]},"properties":{"anio":2024}},{"type":"Feature","geometry":{"type":"Point","coordinates":[-4.42236,36.72445]},"properties":{"anio":2024}},{"type":"Feature","geometry":{"type":"Point","coordinates":[-4.41502,36.72793]},"properties":{"anio":2024}},{"type":"Feature","geometry":{"type":"Point","coordinates":[-4.42229,36.72178]},"properties":{"anio":2024}},{"type":"Feature","geometry":{"type":"Point","coordinates":[-4.41454,36.72947]},"properties":{"anio":2024}},{"type":"Feature","geometry":{"type":"Point","coordinates":[-4.4122,36.72607]},"properties":{"anio":2024}},{"type":"Feature","geometry":{"type":"Point","coordinates":[-4.42768,36.71494]},"properties":{"anio":2024}},{"type":"Feature","geometry":{"type":"Point","coordinates":[-4.4182,36.7366]},"properties":{"anio":2024}},{"type":"Feature","geometry":{"type":"Point","coordinates":[-4.427,36.72278]},"properties":{"anio":2024}},{"type":"Feature","geometry":{"type":"Point","coordinates":[-4.41473,36.72712]},"properties":{"anio":2024}},{"type":"Feature","geometry":{"type":"Point","coordinates":[-4.41685,36.7251]},"properties":{"anio":2024}},{"type":"Feature","geometry":{"type":"Point","coordinates":[-4.41853,36.7241]},"properties":{"anio":2024}},{"type":"Feature","geometry":{"type":"Point","coordinates":[-4.41184,36.72697]},"properties":{"anio":2024}},{"type":"Feature","geometry":{"type":"Point","coordinates":[-4.42048,36.7213]},"properties":{"anio":2024}},{"type":"Feature","geometry":{"type":"Point","coordinates":[-4.42955,36.72405]},"properties":{"anio":2024}},{"type":"Feature","geometry":{"type":"Point","coordinates":[-4.41857,36.71996]},"properties":{"anio":2024}},{"type":"Feature","geometry":{"type":"Point","coordinates":[-4.41857,36.71996]},"properties":{"anio":2024}},{"type":"Feature","geometry":{"type":"Point","coordinates":[-4.41971,36.72391]},"properties":{"anio":2024}},{"type":"Feature","geometry":{"type":"Point","coordinates":[-4.41801,36.724]},"properties":{"anio":2024}},{"type":"Feature","geometry":{"type":"Point","coordinates":[-4.41384,36.73037]},"properties":{"anio":2024}},{"type":"Feature","geometry":{"type":"Point","coordinates":[-4.41718,36.72441]},"properties":{"anio":2024}},{"type":"Feature","geometry":{"type":"Point","coordinates":[-4.42169,36.72148]},"properties":{"anio":2024}},{"type":"Feature","geometry":{"type":"Point","coordinates":[-4.41896,36.7298]},"properties":{"anio":2024}},{"type":"Feature","geometry":{"type":"Point","coordinates":[-4.41447,36.73423]},"properties":{"anio":2024}},{"type":"Feature","geometry":{"type":"Point","coordinates":[-4.42164,36.72268]},"properties":{"anio":2024}},{"type":"Feature","geometry":{"type":"Point","coordinates":[-4.42093,36.72195]},"properties":{"anio":2024}},{"type":"Feature","geometry":{"type":"Point","coordinates":[-4.42093,36.72195]},"properties":{"anio":2024}},{"type":"Feature","geometry":{"type":"Point","coordinates":[-4.42093,36.72195]},"properties":{"anio":2024}},{"type":"Feature","geometry":{"type":"Point","coordinates":[-4.42093,36.72195]},"properties":{"anio":2024}},{"type":"Feature","geometry":{"type":"Point","coordinates":[-4.42093,36.72195]},"properties":{"anio":2024}},{"type":"Feature","geometry":{"type":"Point","coordinates":[-4.42093,36.72195]},"properties":{"anio":2024}},{"type":"Feature","geometry":{"type":"Point","coordinates":[-4.42103,36.72144]},"properties":{"anio":2024}},{"type":"Feature","geometry":{"type":"Point","coordinates":[-4.42958,36.72315]},"properties":{"anio":2024}},{"type":"Feature","geometry":{"type":"Point","coordinates":[-4.41098,36.73]},"properties":{"anio":2024}},{"type":"Feature","geometry":{"type":"Point","coordinates":[-4.42376,36.7159]},"properties":{"anio":2024}},{"type":"Feature","geometry":{"type":"Point","coordinates":[-4.42433,36.72692]},"properties":{"anio":2024}},{"type":"Feature","geometry":{"type":"Point","coordinates":[-4.41982,36.72583]},"properties":{"anio":2024}},{"type":"Feature","geometry":{"type":"Point","coordinates":[-4.42052,36.72122]},"properties":{"anio":2024}},{"type":"Feature","geometry":{"type":"Point","coordinates":[-4.40896,36.72008]},"properties":{"anio":2024}},{"type":"Feature","geometry":{"type":"Point","coordinates":[-4.42175,36.71734]},"properties":{"anio":2024}},{"type":"Feature","geometry":{"type":"Point","coordinates":[-4.42212,36.72375]},"properties":{"anio":2024}},{"type":"Feature","geometry":{"type":"Point","coordinates":[-4.41337,36.72784]},"properties":{"anio":2024}},{"type":"Feature","geometry":{"type":"Point","coordinates":[-4.43019,36.72296]},"properties":{"anio":2024}},{"type":"Feature","geometry":{"type":"Point","coordinates":[-4.4289,36.71442]},"properties":{"anio":2024}},{"type":"Feature","geometry":{"type":"Point","coordinates":[-4.4115,36.7213]},"properties":{"anio":2024}},{"type":"Feature","geometry":{"type":"Point","coordinates":[-4.42157,36.72994]},"properties":{"anio":2024}},{"type":"Feature","geometry":{"type":"Point","coordinates":[-4.40064,36.72414]},"properties":{"anio":2024}},{"type":"Feature","geometry":{"type":"Point","coordinates":[-4.42202,36.72794]},"properties":{"anio":2024}},{"type":"Feature","geometry":{"type":"Point","coordinates":[-4.42154,36.72196]},"properties":{"anio":2024}},{"type":"Feature","geometry":{"type":"Point","coordinates":[-4.42855,36.71176]},"properties":{"anio":2024}},{"type":"Feature","geometry":{"type":"Point","coordinates":[-4.42883,36.71101]},"properties":{"anio":2024}},{"type":"Feature","geometry":{"type":"Point","coordinates":[-4.42385,36.72555]},"properties":{"anio":2024}},{"type":"Feature","geometry":{"type":"Point","coordinates":[-4.42254,36.73111]},"properties":{"anio":2024}},{"type":"Feature","geometry":{"type":"Point","coordinates":[-4.42922,36.71633]},"properties":{"anio":2024}},{"type":"Feature","geometry":{"type":"Point","coordinates":[-4.42363,36.72757]},"properties":{"anio":2024}},{"type":"Feature","geometry":{"type":"Point","coordinates":[-4.418,36.72643]},"properties":{"anio":2024}},{"type":"Feature","geometry":{"type":"Point","coordinates":[-4.41851,36.72337]},"properties":{"anio":2024}},{"type":"Feature","geometry":{"type":"Point","coordinates":[-4.41916,36.72201]},"properties":{"anio":2024}},{"type":"Feature","geometry":{"type":"Point","coordinates":[-4.42303,36.73039]},"properties":{"anio":2024}},{"type":"Feature","geometry":{"type":"Point","coordinates":[-4.4144,36.72952]},"properties":{"anio":2024}},{"type":"Feature","geometry":{"type":"Point","coordinates":[-4.41922,36.72588]},"properties":{"anio":2024}},{"type":"Feature","geometry":{"type":"Point","coordinates":[-4.42292,36.71982]},"properties":{"anio":2024}},{"type":"Feature","geometry":{"type":"Point","coordinates":[-4.41454,36.72947]},"properties":{"anio":2024}},{"type":"Feature","geometry":{"type":"Point","coordinates":[-4.42701,36.71443]},"properties":{"anio":2024}},{"type":"Feature","geometry":{"type":"Point","coordinates":[-4.42538,36.72871]},"properties":{"anio":2024}},{"type":"Feature","geometry":{"type":"Point","coordinates":[-4.40074,36.72215]},"properties":{"anio":2024}},{"type":"Feature","geometry":{"type":"Point","coordinates":[-4.40074,36.72215]},"properties":{"anio":2024}},{"type":"Feature","geometry":{"type":"Point","coordinates":[-4.41603,36.72487]},"properties":{"anio":2024}},{"type":"Feature","geometry":{"type":"Point","coordinates":[-4.42236,36.72445]},"properties":{"anio":2024}},{"type":"Feature","geometry":{"type":"Point","coordinates":[-4.4251,36.72335]},"properties":{"anio":2024}},{"type":"Feature","geometry":{"type":"Point","coordinates":[-4.43019,36.71997]},"properties":{"anio":2024}},{"type":"Feature","geometry":{"type":"Point","coordinates":[-4.41823,36.73145]},"properties":{"anio":2024}},{"type":"Feature","geometry":{"type":"Point","coordinates":[-4.42106,36.72413]},"properties":{"anio":2024}},{"type":"Feature","geometry":{"type":"Point","coordinates":[-4.4101,36.72804]},"properties":{"anio":2024}},{"type":"Feature","geometry":{"type":"Point","coordinates":[-4.42123,36.73163]},"properties":{"anio":2024}},{"type":"Feature","geometry":{"type":"Point","coordinates":[-4.42839,36.71431]},"properties":{"anio":2024}},{"type":"Feature","geometry":{"type":"Point","coordinates":[-4.4115,36.7213]},"properties":{"anio":2024}},{"type":"Feature","geometry":{"type":"Point","coordinates":[-4.42095,36.72807]},"properties":{"anio":2024}},{"type":"Feature","geometry":{"type":"Point","coordinates":[-4.42303,36.73039]},"properties":{"anio":2024}},{"type":"Feature","geometry":{"type":"Point","coordinates":[-4.43251,36.72182]},"properties":{"anio":2024}},{"type":"Feature","geometry":{"type":"Point","coordinates":[-4.42383,36.7263]},"properties":{"anio":2024}},{"type":"Feature","geometry":{"type":"Point","coordinates":[-4.42393,36.71558]},"properties":{"anio":2024}},{"type":"Feature","geometry":{"type":"Point","coordinates":[-4.41567,36.72474]},"properties":{"anio":2024}},{"type":"Feature","geometry":{"type":"Point","coordinates":[-4.42251,36.73088]},"properties":{"anio":2024}},{"type":"Feature","geometry":{"type":"Point","coordinates":[-4.42248,36.71625]},"properties":{"anio":2024}},{"type":"Feature","geometry":{"type":"Point","coordinates":[-4.42492,36.72162]},"properties":{"anio":2024}},{"type":"Feature","geometry":{"type":"Point","coordinates":[-4.42219,36.71837]},"properties":{"anio":2024}},{"type":"Feature","geometry":{"type":"Point","coordinates":[-4.418,36.72643]},"properties":{"anio":2024}},{"type":"Feature","geometry":{"type":"Point","coordinates":[-4.42897,36.72104]},"properties":{"anio":2024}},{"type":"Feature","geometry":{"type":"Point","coordinates":[-4.418,36.72643]},"properties":{"anio":2024}},{"type":"Feature","geometry":{"type":"Point","coordinates":[-4.42855,36.71176]},"properties":{"anio":2024}},{"type":"Feature","geometry":{"type":"Point","coordinates":[-4.42847,36.724]},"properties":{"anio":2024}},{"type":"Feature","geometry":{"type":"Point","coordinates":[-4.40224,36.72305]},"properties":{"anio":2024}},{"type":"Feature","geometry":{"type":"Point","coordinates":[-4.42135,36.72426]},"properties":{"anio":2024}},{"type":"Feature","geometry":{"type":"Point","coordinates":[-4.4164,36.73263]},"properties":{"anio":2024}},{"type":"Feature","geometry":{"type":"Point","coordinates":[-4.4213,36.72618]},"properties":{"anio":2024}},{"type":"Feature","geometry":{"type":"Point","coordinates":[-4.42056,36.72398]},"properties":{"anio":2024}},{"type":"Feature","geometry":{"type":"Point","coordinates":[-4.41964,36.72364]},"properties":{"anio":2024}},{"type":"Feature","geometry":{"type":"Point","coordinates":[-4.4204,36.72446]},"properties":{"anio":2024}},{"type":"Feature","geometry":{"type":"Point","coordinates":[-4.42515,36.72188]},"properties":{"anio":2024}},{"type":"Feature","geometry":{"type":"Point","coordinates":[-4.42323,36.72144]},"properties":{"anio":2024}},{"type":"Feature","geometry":{"type":"Point","coordinates":[-4.42113,36.72163]},"properties":{"anio":2024}},{"type":"Feature","geometry":{"type":"Point","coordinates":[-4.41507,36.7254]},"properties":{"anio":2024}},{"type":"Feature","geometry":{"type":"Point","coordinates":[-4.4271,36.7221]},"properties":{"anio":2024}},{"type":"Feature","geometry":{"type":"Point","coordinates":[-4.4265,36.71248]},"properties":{"anio":2024}},{"type":"Feature","geometry":{"type":"Point","coordinates":[-4.41165,36.7187]},"properties":{"anio":2024}},{"type":"Feature","geometry":{"type":"Point","coordinates":[-4.41697,36.72512]},"properties":{"anio":2024}},{"type":"Feature","geometry":{"type":"Point","coordinates":[-4.41287,36.72702]},"properties":{"anio":2024}},{"type":"Feature","geometry":{"type":"Point","coordinates":[-4.41167,36.71919]},"properties":{"anio":2024}},{"type":"Feature","geometry":{"type":"Point","coordinates":[-4.41925,36.73071]},"properties":{"anio":2024}},{"type":"Feature","geometry":{"type":"Point","coordinates":[-4.42949,36.72472]},"properties":{"anio":2024}},{"type":"Feature","geometry":{"type":"Point","coordinates":[-4.41507,36.7254]},"properties":{"anio":2024}},{"type":"Feature","geometry":{"type":"Point","coordinates":[-4.41507,36.7254]},"properties":{"anio":2024}},{"type":"Feature","geometry":{"type":"Point","coordinates":[-4.4135,36.73152]},"properties":{"anio":2024}},{"type":"Feature","geometry":{"type":"Point","coordinates":[-4.42445,36.71987]},"properties":{"anio":2024}},{"type":"Feature","geometry":{"type":"Point","coordinates":[-4.41373,36.72545]},"properties":{"anio":2024}},{"type":"Feature","geometry":{"type":"Point","coordinates":[-4.41718,36.72441]},"properties":{"anio":2024}},{"type":"Feature","geometry":{"type":"Point","coordinates":[-4.42035,36.72621]},"properties":{"anio":2024}},{"type":"Feature","geometry":{"type":"Point","coordinates":[-4.41369,36.73187]},"properties":{"anio":2024}},{"type":"Feature","geometry":{"type":"Point","coordinates":[-4.42956,36.72654]},"properties":{"anio":2024}},{"type":"Feature","geometry":{"type":"Point","coordinates":[-4.40616,36.7214]},"properties":{"anio":2024}},{"type":"Feature","geometry":{"type":"Point","coordinates":[-4.41838,36.72043]},"properties":{"anio":2024}},{"type":"Feature","geometry":{"type":"Point","coordinates":[-4.418,36.72643]},"properties":{"anio":2024}},{"type":"Feature","geometry":{"type":"Point","coordinates":[-4.4159,36.72491]},"properties":{"anio":2024}},{"type":"Feature","geometry":{"type":"Point","coordinates":[-4.4142,36.72625]},"properties":{"anio":2024}},{"type":"Feature","geometry":{"type":"Point","coordinates":[-4.4267,36.72309]},"properties":{"anio":2024}},{"type":"Feature","geometry":{"type":"Point","coordinates":[-4.40371,36.72131]},"properties":{"anio":2024}},{"type":"Feature","geometry":{"type":"Point","coordinates":[-4.42927,36.72704]},"properties":{"anio":2024}},{"type":"Feature","geometry":{"type":"Point","coordinates":[-4.41991,36.72667]},"properties":{"anio":2024}},{"type":"Feature","geometry":{"type":"Point","coordinates":[-4.42509,36.72913]},"properties":{"anio":2024}},{"type":"Feature","geometry":{"type":"Point","coordinates":[-4.41506,36.72754]},"properties":{"anio":2024}},{"type":"Feature","geometry":{"type":"Point","coordinates":[-4.42407,36.71581]},"properties":{"anio":2024}},{"type":"Feature","geometry":{"type":"Point","coordinates":[-4.43259,36.72086]},"properties":{"anio":2024}},{"type":"Feature","geometry":{"type":"Point","coordinates":[-4.4237,36.72006]},"properties":{"anio":2024}},{"type":"Feature","geometry":{"type":"Point","coordinates":[-4.42368,36.72377]},"properties":{"anio":2024}},{"type":"Feature","geometry":{"type":"Point","coordinates":[-4.41146,36.72724]},"properties":{"anio":2024}},{"type":"Feature","geometry":{"type":"Point","coordinates":[-4.42368,36.72377]},"properties":{"anio":2024}},{"type":"Feature","geometry":{"type":"Point","coordinates":[-4.41146,36.72724]},"properties":{"anio":2024}},{"type":"Feature","geometry":{"type":"Point","coordinates":[-4.42368,36.72377]},"properties":{"anio":2024}},{"type":"Feature","geometry":{"type":"Point","coordinates":[-4.42183,36.72459]},"properties":{"anio":2024}},{"type":"Feature","geometry":{"type":"Point","coordinates":[-4.43259,36.72086]},"properties":{"anio":2024}},{"type":"Feature","geometry":{"type":"Point","coordinates":[-4.41146,36.72724]},"properties":{"anio":2024}},{"type":"Feature","geometry":{"type":"Point","coordinates":[-4.41146,36.72724]},"properties":{"anio":2024}},{"type":"Feature","geometry":{"type":"Point","coordinates":[-4.42175,36.71734]},"properties":{"anio":2024}},{"type":"Feature","geometry":{"type":"Point","coordinates":[-4.42709,36.71318]},"properties":{"anio":2024}},{"type":"Feature","geometry":{"type":"Point","coordinates":[-4.42207,36.72425]},"properties":{"anio":2024}},{"type":"Feature","geometry":{"type":"Point","coordinates":[-4.42207,36.72425]},"properties":{"anio":2024}},{"type":"Feature","geometry":{"type":"Point","coordinates":[-4.42207,36.72425]},"properties":{"anio":2024}},{"type":"Feature","geometry":{"type":"Point","coordinates":[-4.42207,36.72425]},"properties":{"anio":2024}},{"type":"Feature","geometry":{"type":"Point","coordinates":[-4.4277,36.7243]},"properties":{"anio":2024}},{"type":"Feature","geometry":{"type":"Point","coordinates":[-4.42207,36.72425]},"properties":{"anio":2024}},{"type":"Feature","geometry":{"type":"Point","coordinates":[-4.42207,36.72425]},"properties":{"anio":2024}},{"type":"Feature","geometry":{"type":"Point","coordinates":[-4.41497,36.73237]},"properties":{"anio":2024}},{"type":"Feature","geometry":{"type":"Point","coordinates":[-4.42709,36.71318]},"properties":{"anio":2024}},{"type":"Feature","geometry":{"type":"Point","coordinates":[-4.42407,36.72451]},"properties":{"anio":2024}},{"type":"Feature","geometry":{"type":"Point","coordinates":[-4.42407,36.72451]},"properties":{"anio":2024}},{"type":"Feature","geometry":{"type":"Point","coordinates":[-4.42375,36.71517]},"properties":{"anio":2024}},{"type":"Feature","geometry":{"type":"Point","coordinates":[-4.42383,36.7263]},"properties":{"anio":2024}},{"type":"Feature","geometry":{"type":"Point","coordinates":[-4.42905,36.71414]},"properties":{"anio":2024}},{"type":"Feature","geometry":{"type":"Point","coordinates":[-4.43259,36.72086]},"properties":{"anio":2024}},{"type":"Feature","geometry":{"type":"Point","coordinates":[-4.42125,36.71642]},"properties":{"anio":2024}},{"type":"Feature","geometry":{"type":"Point","coordinates":[-4.42157,36.7316]},"properties":{"anio":2024}},{"type":"Feature","geometry":{"type":"Point","coordinates":[-4.41135,36.71702]},"properties":{"anio":2024}},{"type":"Feature","geometry":{"type":"Point","coordinates":[-4.42041,36.72412]},"properties":{"anio":2024}},{"type":"Feature","geometry":{"type":"Point","coordinates":[-4.42804,36.72565]},"properties":{"anio":2024}},{"type":"Feature","geometry":{"type":"Point","coordinates":[-4.42924,36.71151]},"properties":{"anio":2024}},{"type":"Feature","geometry":{"type":"Point","coordinates":[-4.41283,36.73525]},"properties":{"anio":2024}},{"type":"Feature","geometry":{"type":"Point","coordinates":[-4.40914,36.71917]},"properties":{"anio":2024}},{"type":"Feature","geometry":{"type":"Point","coordinates":[-4.42221,36.72735]},"properties":{"anio":2024}},{"type":"Feature","geometry":{"type":"Point","coordinates":[-4.4232,36.7258]},"properties":{"anio":2024}},{"type":"Feature","geometry":{"type":"Point","coordinates":[-4.42065,36.726]},"properties":{"anio":2024}},{"type":"Feature","geometry":{"type":"Point","coordinates":[-4.42065,36.726]},"properties":{"anio":2024}},{"type":"Feature","geometry":{"type":"Point","coordinates":[-4.42065,36.726]},"properties":{"anio":2024}},{"type":"Feature","geometry":{"type":"Point","coordinates":[-4.41277,36.72827]},"properties":{"anio":2024}},{"type":"Feature","geometry":{"type":"Point","coordinates":[-4.4215,36.7298]},"properties":{"anio":2024}},{"type":"Feature","geometry":{"type":"Point","coordinates":[-4.42135,36.72333]},"properties":{"anio":2024}},{"type":"Feature","geometry":{"type":"Point","coordinates":[-4.42855,36.71176]},"properties":{"anio":2024}},{"type":"Feature","geometry":{"type":"Point","coordinates":[-4.4077,36.7213]},"properties":{"anio":2024}},{"type":"Feature","geometry":{"type":"Point","coordinates":[-4.42236,36.72445]},"properties":{"anio":2024}},{"type":"Feature","geometry":{"type":"Point","coordinates":[-4.41942,36.72494]},"properties":{"anio":2024}},{"type":"Feature","geometry":{"type":"Point","coordinates":[-4.41169,36.7175]},"properties":{"anio":2024}},{"type":"Feature","geometry":{"type":"Point","coordinates":[-4.42482,36.72223]},"properties":{"anio":2024}},{"type":"Feature","geometry":{"type":"Point","coordinates":[-4.41507,36.7254]},"properties":{"anio":2024}},{"type":"Feature","geometry":{"type":"Point","coordinates":[-4.42407,36.71581]},"properties":{"anio":2024}},{"type":"Feature","geometry":{"type":"Point","coordinates":[-4.42407,36.71581]},"properties":{"anio":2024}},{"type":"Feature","geometry":{"type":"Point","coordinates":[-4.4077,36.7213]},"properties":{"anio":2024}},{"type":"Feature","geometry":{"type":"Point","coordinates":[-4.41595,36.7244]},"properties":{"anio":2024}},{"type":"Feature","geometry":{"type":"Point","coordinates":[-4.418,36.72643]},"properties":{"anio":2024}},{"type":"Feature","geometry":{"type":"Point","coordinates":[-4.418,36.72643]},"properties":{"anio":2024}},{"type":"Feature","geometry":{"type":"Point","coordinates":[-4.42924,36.71151]},"properties":{"anio":2024}},{"type":"Feature","geometry":{"type":"Point","coordinates":[-4.41719,36.72531]},"properties":{"anio":2024}},{"type":"Feature","geometry":{"type":"Point","coordinates":[-4.42161,36.72521]},"properties":{"anio":2024}},{"type":"Feature","geometry":{"type":"Point","coordinates":[-4.43035,36.72231]},"properties":{"anio":2024}},{"type":"Feature","geometry":{"type":"Point","coordinates":[-4.4154,36.73014]},"properties":{"anio":2024}},{"type":"Feature","geometry":{"type":"Point","coordinates":[-4.42424,36.72353]},"properties":{"anio":2024}},{"type":"Feature","geometry":{"type":"Point","coordinates":[-4.43153,36.72407]},"properties":{"anio":2024}},{"type":"Feature","geometry":{"type":"Point","coordinates":[-4.42709,36.71318]},"properties":{"anio":2024}},{"type":"Feature","geometry":{"type":"Point","coordinates":[-4.42709,36.71318]},"properties":{"anio":2024}},{"type":"Feature","geometry":{"type":"Point","coordinates":[-4.41834,36.72416]},"properties":{"anio":2024}},{"type":"Feature","geometry":{"type":"Point","coordinates":[-4.41438,36.73254]},"properties":{"anio":2024}},{"type":"Feature","geometry":{"type":"Point","coordinates":[-4.42843,36.72094]},"properties":{"anio":2024}},{"type":"Feature","geometry":{"type":"Point","coordinates":[-4.418,36.72643]},"properties":{"anio":2024}},{"type":"Feature","geometry":{"type":"Point","coordinates":[-4.42392,36.72025]},"properties":{"anio":2024}},{"type":"Feature","geometry":{"type":"Point","coordinates":[-4.42392,36.72025]},"properties":{"anio":2024}},{"type":"Feature","geometry":{"type":"Point","coordinates":[-4.41497,36.72676]},"properties":{"anio":2024}},{"type":"Feature","geometry":{"type":"Point","coordinates":[-4.41106,36.72984]},"properties":{"anio":2024}},{"type":"Feature","geometry":{"type":"Point","coordinates":[-4.43116,36.7237]},"properties":{"anio":2024}},{"type":"Feature","geometry":{"type":"Point","coordinates":[-4.43116,36.7237]},"properties":{"anio":2024}},{"type":"Feature","geometry":{"type":"Point","coordinates":[-4.4077,36.7213]},"properties":{"anio":2024}},{"type":"Feature","geometry":{"type":"Point","coordinates":[-4.40493,36.72796]},"properties":{"anio":2024}},{"type":"Feature","geometry":{"type":"Point","coordinates":[-4.41899,36.725]},"properties":{"anio":2024}},{"type":"Feature","geometry":{"type":"Point","coordinates":[-4.39962,36.72209]},"properties":{"anio":2024}},{"type":"Feature","geometry":{"type":"Point","coordinates":[-4.41791,36.72053]},"properties":{"anio":2024}},{"type":"Feature","geometry":{"type":"Point","coordinates":[-4.41345,36.72557]},"properties":{"anio":2024}},{"type":"Feature","geometry":{"type":"Point","coordinates":[-4.42366,36.71909]},"properties":{"anio":2024}},{"type":"Feature","geometry":{"type":"Point","coordinates":[-4.42396,36.72779]},"properties":{"anio":2024}},{"type":"Feature","geometry":{"type":"Point","coordinates":[-4.42504,36.7188]},"properties":{"anio":2024}},{"type":"Feature","geometry":{"type":"Point","coordinates":[-4.42096,36.72126]},"properties":{"anio":2024}},{"type":"Feature","geometry":{"type":"Point","coordinates":[-4.41555,36.72869]},"properties":{"anio":2024}},{"type":"Feature","geometry":{"type":"Point","coordinates":[-4.42399,36.72831]},"properties":{"anio":2024}},{"type":"Feature","geometry":{"type":"Point","coordinates":[-4.41652,36.72358]},"properties":{"anio":2024}},{"type":"Feature","geometry":{"type":"Point","coordinates":[-4.41797,36.73617]},"properties":{"anio":2024}},{"type":"Feature","geometry":{"type":"Point","coordinates":[-4.42138,36.71627]},"properties":{"anio":2024}},{"type":"Feature","geometry":{"type":"Point","coordinates":[-4.4278,36.72523]},"properties":{"anio":2024}},{"type":"Feature","geometry":{"type":"Point","coordinates":[-4.41906,36.72288]},"properties":{"anio":2024}},{"type":"Feature","geometry":{"type":"Point","coordinates":[-4.41897,36.72203]},"properties":{"anio":2024}},{"type":"Feature","geometry":{"type":"Point","coordinates":[-4.42513,36.71447]},"properties":{"anio":2024}},{"type":"Feature","geometry":{"type":"Point","coordinates":[-4.42261,36.72026]},"properties":{"anio":2024}},{"type":"Feature","geometry":{"type":"Point","coordinates":[-4.42844,36.71186]},"properties":{"anio":2024}},{"type":"Feature","geometry":{"type":"Point","coordinates":[-4.42863,36.72104]},"properties":{"anio":2024}},{"type":"Feature","geometry":{"type":"Point","coordinates":[-4.42302,36.72409]},"properties":{"anio":2024}},{"type":"Feature","geometry":{"type":"Point","coordinates":[-4.42701,36.71443]},"properties":{"anio":2024}},{"type":"Feature","geometry":{"type":"Point","coordinates":[-4.41125,36.71744]},"properties":{"anio":2024}},{"type":"Feature","geometry":{"type":"Point","coordinates":[-4.41984,36.72168]},"properties":{"anio":2024}},{"type":"Feature","geometry":{"type":"Point","coordinates":[-4.42843,36.72094]},"properties":{"anio":2024}},{"type":"Feature","geometry":{"type":"Point","coordinates":[-4.41125,36.71744]},"properties":{"anio":2024}},{"type":"Feature","geometry":{"type":"Point","coordinates":[-4.41316,36.72714]},"properties":{"anio":2024}},{"type":"Feature","geometry":{"type":"Point","coordinates":[-4.42538,36.72871]},"properties":{"anio":2024}},{"type":"Feature","geometry":{"type":"Point","coordinates":[-4.42713,36.72451]},"properties":{"anio":2024}},{"type":"Feature","geometry":{"type":"Point","coordinates":[-4.42975,36.72435]},"properties":{"anio":2024}},{"type":"Feature","geometry":{"type":"Point","coordinates":[-4.43223,36.72352]},"properties":{"anio":2024}},{"type":"Feature","geometry":{"type":"Point","coordinates":[-4.42953,36.72147]},"properties":{"anio":2024}},{"type":"Feature","geometry":{"type":"Point","coordinates":[-4.42953,36.72147]},"properties":{"anio":2024}},{"type":"Feature","geometry":{"type":"Point","coordinates":[-4.42953,36.72147]},"properties":{"anio":2024}},{"type":"Feature","geometry":{"type":"Point","coordinates":[-4.42953,36.72147]},"properties":{"anio":2024}},{"type":"Feature","geometry":{"type":"Point","coordinates":[-4.42872,36.72417]},"properties":{"anio":2024}},{"type":"Feature","geometry":{"type":"Point","coordinates":[-4.42453,36.72886]},"properties":{"anio":2024}},{"type":"Feature","geometry":{"type":"Point","coordinates":[-4.42967,36.72318]},"properties":{"anio":2024}},{"type":"Feature","geometry":{"type":"Point","coordinates":[-4.42161,36.72521]},"properties":{"anio":2024}},{"type":"Feature","geometry":{"type":"Point","coordinates":[-4.42703,36.72463]},"properties":{"anio":2024}},{"type":"Feature","geometry":{"type":"Point","coordinates":[-4.42703,36.72463]},"properties":{"anio":2024}},{"type":"Feature","geometry":{"type":"Point","coordinates":[-4.42924,36.71151]},"properties":{"anio":2024}},{"type":"Feature","geometry":{"type":"Point","coordinates":[-4.4154,36.73014]},"properties":{"anio":2024}},{"type":"Feature","geometry":{"type":"Point","coordinates":[-4.4154,36.73014]},"properties":{"anio":2024}},{"type":"Feature","geometry":{"type":"Point","coordinates":[-4.4154,36.73014]},"properties":{"anio":2024}},{"type":"Feature","geometry":{"type":"Point","coordinates":[-4.4154,36.73014]},"properties":{"anio":2024}},{"type":"Feature","geometry":{"type":"Point","coordinates":[-4.4154,36.73014]},"properties":{"anio":2024}},{"type":"Feature","geometry":{"type":"Point","coordinates":[-4.4215,36.7298]},"properties":{"anio":2024}},{"type":"Feature","geometry":{"type":"Point","coordinates":[-4.42431,36.71316]},"properties":{"anio":2024}},{"type":"Feature","geometry":{"type":"Point","coordinates":[-4.42699,36.71264]},"properties":{"anio":2024}},{"type":"Feature","geometry":{"type":"Point","coordinates":[-4.42343,36.72387]},"properties":{"anio":2024}},{"type":"Feature","geometry":{"type":"Point","coordinates":[-4.41384,36.73037]},"properties":{"anio":2024}},{"type":"Feature","geometry":{"type":"Point","coordinates":[-4.42295,36.72405]},"properties":{"anio":2024}},{"type":"Feature","geometry":{"type":"Point","coordinates":[-4.41178,36.71688]},"properties":{"anio":2024}},{"type":"Feature","geometry":{"type":"Point","coordinates":[-4.42472,36.71888]},"properties":{"anio":2024}},{"type":"Feature","geometry":{"type":"Point","coordinates":[-4.40853,36.71932]},"properties":{"anio":2024}},{"type":"Feature","geometry":{"type":"Point","coordinates":[-4.4154,36.73014]},"properties":{"anio":2024}},{"type":"Feature","geometry":{"type":"Point","coordinates":[-4.42102,36.72296]},"properties":{"anio":2024}},{"type":"Feature","geometry":{"type":"Point","coordinates":[-4.41632,36.72401]},"properties":{"anio":2024}},{"type":"Feature","geometry":{"type":"Point","coordinates":[-4.42507,36.72714]},"properties":{"anio":2024}},{"type":"Feature","geometry":{"type":"Point","coordinates":[-4.42816,36.72627]},"properties":{"anio":2024}},{"type":"Feature","geometry":{"type":"Point","coordinates":[-4.42301,36.72636]},"properties":{"anio":2024}},{"type":"Feature","geometry":{"type":"Point","coordinates":[-4.41441,36.73076]},"properties":{"anio":2024}},{"type":"Feature","geometry":{"type":"Point","coordinates":[-4.418,36.72643]},"properties":{"anio":2024}},{"type":"Feature","geometry":{"type":"Point","coordinates":[-4.42802,36.7119]},"properties":{"anio":2024}},{"type":"Feature","geometry":{"type":"Point","coordinates":[-4.4198,36.72652]},"properties":{"anio":2024}},{"type":"Feature","geometry":{"type":"Point","coordinates":[-4.41422,36.73027]},"properties":{"anio":2024}},{"type":"Feature","geometry":{"type":"Point","coordinates":[-4.42015,36.71957]},"properties":{"anio":2024}},{"type":"Feature","geometry":{"type":"Point","coordinates":[-4.41782,36.72051]},"properties":{"anio":2024}},{"type":"Feature","geometry":{"type":"Point","coordinates":[-4.42316,36.71983]},"properties":{"anio":2024}},{"type":"Feature","geometry":{"type":"Point","coordinates":[-4.41763,36.72212]},"properties":{"anio":2024}},{"type":"Feature","geometry":{"type":"Point","coordinates":[-4.40854,36.72738]},"properties":{"anio":2024}},{"type":"Feature","geometry":{"type":"Point","coordinates":[-4.40854,36.72738]},"properties":{"anio":2024}},{"type":"Feature","geometry":{"type":"Point","coordinates":[-4.42207,36.72425]},"properties":{"anio":2024}},{"type":"Feature","geometry":{"type":"Point","coordinates":[-4.41193,36.72667]},"properties":{"anio":2024}},{"type":"Feature","geometry":{"type":"Point","coordinates":[-4.41906,36.72288]},"properties":{"anio":2024}},{"type":"Feature","geometry":{"type":"Point","coordinates":[-4.41851,36.72337]},"properties":{"anio":2024}},{"type":"Feature","geometry":{"type":"Point","coordinates":[-4.42482,36.72223]},"properties":{"anio":2024}},{"type":"Feature","geometry":{"type":"Point","coordinates":[-4.41878,36.72314]},"properties":{"anio":2024}},{"type":"Feature","geometry":{"type":"Point","coordinates":[-4.42702,36.71199]},"properties":{"anio":2024}},{"type":"Feature","geometry":{"type":"Point","coordinates":[-4.42703,36.72463]},"properties":{"anio":2024}},{"type":"Feature","geometry":{"type":"Point","coordinates":[-4.42356,36.72097]},"properties":{"anio":2024}},{"type":"Feature","geometry":{"type":"Point","coordinates":[-4.4077,36.7213]},"properties":{"anio":2024}},{"type":"Feature","geometry":{"type":"Point","coordinates":[-4.41234,36.72579]},"properties":{"anio":2024}},{"type":"Feature","geometry":{"type":"Point","coordinates":[-4.4194,36.7234]},"properties":{"anio":2024}},{"type":"Feature","geometry":{"type":"Point","coordinates":[-4.41633,36.72352]},"properties":{"anio":2024}},{"type":"Feature","geometry":{"type":"Point","coordinates":[-4.42399,36.72831]},"properties":{"anio":2024}},{"type":"Feature","geometry":{"type":"Point","coordinates":[-4.42532,36.71602]},"properties":{"anio":2024}},{"type":"Feature","geometry":{"type":"Point","coordinates":[-4.41373,36.72545]},"properties":{"anio":2024}},{"type":"Feature","geometry":{"type":"Point","coordinates":[-4.42973,36.7201]},"properties":{"anio":2024}},{"type":"Feature","geometry":{"type":"Point","coordinates":[-4.42392,36.72025]},"properties":{"anio":2024}},{"type":"Feature","geometry":{"type":"Point","coordinates":[-4.42034,36.72649]},"properties":{"anio":2024}},{"type":"Feature","geometry":{"type":"Point","coordinates":[-4.41447,36.73423]},"properties":{"anio":2024}},{"type":"Feature","geometry":{"type":"Point","coordinates":[-4.42039,36.73309]},"properties":{"anio":2024}},{"type":"Feature","geometry":{"type":"Point","coordinates":[-4.41986,36.72961]},"properties":{"anio":2024}},{"type":"Feature","geometry":{"type":"Point","coordinates":[-4.42,36.72218]},"properties":{"anio":2024}},{"type":"Feature","geometry":{"type":"Point","coordinates":[-4.42373,36.72246]},"properties":{"anio":2024}},{"type":"Feature","geometry":{"type":"Point","coordinates":[-4.42036,36.72896]},"properties":{"anio":2024}},{"type":"Feature","geometry":{"type":"Point","coordinates":[-4.42512,36.72629]},"properties":{"anio":2024}},{"type":"Feature","geometry":{"type":"Point","coordinates":[-4.42184,36.72299]},"properties":{"anio":2024}},{"type":"Feature","geometry":{"type":"Point","coordinates":[-4.43009,36.72761]},"properties":{"anio":2024}},{"type":"Feature","geometry":{"type":"Point","coordinates":[-4.4251,36.72924]},"properties":{"anio":2024}},{"type":"Feature","geometry":{"type":"Point","coordinates":[-4.42047,36.72631]},"properties":{"anio":2024}},{"type":"Feature","geometry":{"type":"Point","coordinates":[-4.40344,36.721]},"properties":{"anio":2024}},{"type":"Feature","geometry":{"type":"Point","coordinates":[-4.41763,36.72212]},"properties":{"anio":2024}},{"type":"Feature","geometry":{"type":"Point","coordinates":[-4.41214,36.72663]},"properties":{"anio":2024}},{"type":"Feature","geometry":{"type":"Point","coordinates":[-4.42458,36.71413]},"properties":{"anio":2024}},{"type":"Feature","geometry":{"type":"Point","coordinates":[-4.42772,36.714]},"properties":{"anio":2024}},{"type":"Feature","geometry":{"type":"Point","coordinates":[-4.4171,36.72528]},"properties":{"anio":2024}},{"type":"Feature","geometry":{"type":"Point","coordinates":[-4.41953,36.73225]},"properties":{"anio":2024}},{"type":"Feature","geometry":{"type":"Point","coordinates":[-4.42925,36.72615]},"properties":{"anio":2024}},{"type":"Feature","geometry":{"type":"Point","coordinates":[-4.42024,36.72102]},"properties":{"anio":2024}},{"type":"Feature","geometry":{"type":"Point","coordinates":[-4.42024,36.72102]},"properties":{"anio":2024}},{"type":"Feature","geometry":{"type":"Point","coordinates":[-4.42015,36.71957]},"properties":{"anio":2024}},{"type":"Feature","geometry":{"type":"Point","coordinates":[-4.42015,36.71957]},"properties":{"anio":2024}},{"type":"Feature","geometry":{"type":"Point","coordinates":[-4.42166,36.73255]},"properties":{"anio":2024}},{"type":"Feature","geometry":{"type":"Point","coordinates":[-4.41708,36.72364]},"properties":{"anio":2024}},{"type":"Feature","geometry":{"type":"Point","coordinates":[-4.41178,36.71836]},"properties":{"anio":2024}},{"type":"Feature","geometry":{"type":"Point","coordinates":[-4.42941,36.72548]},"properties":{"anio":2024}},{"type":"Feature","geometry":{"type":"Point","coordinates":[-4.41196,36.72124]},"properties":{"anio":2024}},{"type":"Feature","geometry":{"type":"Point","coordinates":[-4.42254,36.73111]},"properties":{"anio":2024}},{"type":"Feature","geometry":{"type":"Point","coordinates":[-4.42518,36.72259]},"properties":{"anio":2024}},{"type":"Feature","geometry":{"type":"Point","coordinates":[-4.42684,36.72215]},"properties":{"anio":2024}},{"type":"Feature","geometry":{"type":"Point","coordinates":[-4.4251,36.72924]},"properties":{"anio":2024}},{"type":"Feature","geometry":{"type":"Point","coordinates":[-4.42034,36.72239]},"properties":{"anio":2024}},{"type":"Feature","geometry":{"type":"Point","coordinates":[-4.4154,36.73014]},"properties":{"anio":2024}},{"type":"Feature","geometry":{"type":"Point","coordinates":[-4.4154,36.73014]},"properties":{"anio":2024}},{"type":"Feature","geometry":{"type":"Point","coordinates":[-4.41982,36.72583]},"properties":{"anio":2024}},{"type":"Feature","geometry":{"type":"Point","coordinates":[-4.41184,36.72697]},"properties":{"anio":2024}},{"type":"Feature","geometry":{"type":"Point","coordinates":[-4.42377,36.72899]},"properties":{"anio":2024}},{"type":"Feature","geometry":{"type":"Point","coordinates":[-4.42136,36.72803]},"properties":{"anio":2024}},{"type":"Feature","geometry":{"type":"Point","coordinates":[-4.41125,36.71744]},"properties":{"anio":2024}},{"type":"Feature","geometry":{"type":"Point","coordinates":[-4.41839,36.72377]},"properties":{"anio":2024}},{"type":"Feature","geometry":{"type":"Point","coordinates":[-4.43054,36.72039]},"properties":{"anio":2024}},{"type":"Feature","geometry":{"type":"Point","coordinates":[-4.41801,36.724]},"properties":{"anio":2024}},{"type":"Feature","geometry":{"type":"Point","coordinates":[-4.42082,36.72324]},"properties":{"anio":2024}},{"type":"Feature","geometry":{"type":"Point","coordinates":[-4.4077,36.7213]},"properties":{"anio":2024}},{"type":"Feature","geometry":{"type":"Point","coordinates":[-4.41853,36.7241]},"properties":{"anio":2024}},{"type":"Feature","geometry":{"type":"Point","coordinates":[-4.42283,36.7247]},"properties":{"anio":2024}},{"type":"Feature","geometry":{"type":"Point","coordinates":[-4.42863,36.72104]},"properties":{"anio":2024}},{"type":"Feature","geometry":{"type":"Point","coordinates":[-4.41135,36.71702]},"properties":{"anio":2024}},{"type":"Feature","geometry":{"type":"Point","coordinates":[-4.42527,36.72376]},"properties":{"anio":2024}},{"type":"Feature","geometry":{"type":"Point","coordinates":[-4.43246,36.72211]},"properties":{"anio":2024}},{"type":"Feature","geometry":{"type":"Point","coordinates":[-4.41049,36.72717]},"properties":{"anio":2024}},{"type":"Feature","geometry":{"type":"Point","coordinates":[-4.4283,36.72639]},"properties":{"anio":2024}},{"type":"Feature","geometry":{"type":"Point","coordinates":[-4.42771,36.71461]},"properties":{"anio":2024}},{"type":"Feature","geometry":{"type":"Point","coordinates":[-4.421,36.72251]},"properties":{"anio":2024}},{"type":"Feature","geometry":{"type":"Point","coordinates":[-4.41955,36.72473]},"properties":{"anio":2024}},{"type":"Feature","geometry":{"type":"Point","coordinates":[-4.42151,36.71647]},"properties":{"anio":2024}},{"type":"Feature","geometry":{"type":"Point","coordinates":[-4.4077,36.7213]},"properties":{"anio":2024}},{"type":"Feature","geometry":{"type":"Point","coordinates":[-4.4147,36.72979]},"properties":{"anio":2024}},{"type":"Feature","geometry":{"type":"Point","coordinates":[-4.4196,36.72224]},"properties":{"anio":2024}},{"type":"Feature","geometry":{"type":"Point","coordinates":[-4.4196,36.72224]},"properties":{"anio":2024}},{"type":"Feature","geometry":{"type":"Point","coordinates":[-4.4214,36.72139]},"properties":{"anio":2024}},{"type":"Feature","geometry":{"type":"Point","coordinates":[-4.4214,36.72139]},"properties":{"anio":2024}},{"type":"Feature","geometry":{"type":"Point","coordinates":[-4.43053,36.72531]},"properties":{"anio":2024}},{"type":"Feature","geometry":{"type":"Point","coordinates":[-4.42663,36.72279]},"properties":{"anio":2024}},{"type":"Feature","geometry":{"type":"Point","coordinates":[-4.4239,36.72604]},"properties":{"anio":2024}},{"type":"Feature","geometry":{"type":"Point","coordinates":[-4.4279,36.7267]},"properties":{"anio":2024}},{"type":"Feature","geometry":{"type":"Point","coordinates":[-4.42494,36.7145]},"properties":{"anio":2024}},{"type":"Feature","geometry":{"type":"Point","coordinates":[-4.40933,36.72728]},"properties":{"anio":2024}},{"type":"Feature","geometry":{"type":"Point","coordinates":[-4.41904,36.72431]},"properties":{"anio":2024}},{"type":"Feature","geometry":{"type":"Point","coordinates":[-4.42236,36.72445]},"properties":{"anio":2024}},{"type":"Feature","geometry":{"type":"Point","coordinates":[-4.41536,36.72901]},"properties":{"anio":2024}},{"type":"Feature","geometry":{"type":"Point","coordinates":[-4.41821,36.73181]},"properties":{"anio":2024}},{"type":"Feature","geometry":{"type":"Point","coordinates":[-4.42237,36.7196]},"properties":{"anio":2024}},{"type":"Feature","geometry":{"type":"Point","coordinates":[-4.41804,36.7254]},"properties":{"anio":2024}},{"type":"Feature","geometry":{"type":"Point","coordinates":[-4.42377,36.72899]},"properties":{"anio":2024}},{"type":"Feature","geometry":{"type":"Point","coordinates":[-4.42412,36.72499]},"properties":{"anio":2024}},{"type":"Feature","geometry":{"type":"Point","coordinates":[-4.41801,36.724]},"properties":{"anio":2024}},{"type":"Feature","geometry":{"type":"Point","coordinates":[-4.41851,36.72337]},"properties":{"anio":2024}},{"type":"Feature","geometry":{"type":"Point","coordinates":[-4.41382,36.72563]},"properties":{"anio":2024}},{"type":"Feature","geometry":{"type":"Point","coordinates":[-4.41997,36.72251]},"properties":{"anio":2024}},{"type":"Feature","geometry":{"type":"Point","coordinates":[-4.42137,36.73459]},"properties":{"anio":2023}},{"type":"Feature","geometry":{"type":"Point","coordinates":[-4.41951,36.72512]},"properties":{"anio":2024}},{"type":"Feature","geometry":{"type":"Point","coordinates":[-4.42043,36.72305]},"properties":{"anio":2024}},{"type":"Feature","geometry":{"type":"Point","coordinates":[-4.41999,36.73121]},"properties":{"anio":2024}},{"type":"Feature","geometry":{"type":"Point","coordinates":[-4.42143,36.734]},"properties":{"anio":2024}},{"type":"Feature","geometry":{"type":"Point","coordinates":[-4.429,36.71167]},"properties":{"anio":2024}},{"type":"Feature","geometry":{"type":"Point","coordinates":[-4.4077,36.7213]},"properties":{"anio":2024}},{"type":"Feature","geometry":{"type":"Point","coordinates":[-4.42393,36.7158]},"properties":{"anio":2024}},{"type":"Feature","geometry":{"type":"Point","coordinates":[-4.4168,36.72513]},"properties":{"anio":2024}},{"type":"Feature","geometry":{"type":"Point","coordinates":[-4.42717,36.72499]},"properties":{"anio":2024}},{"type":"Feature","geometry":{"type":"Point","coordinates":[-4.4239,36.72604]},"properties":{"anio":2024}},{"type":"Feature","geometry":{"type":"Point","coordinates":[-4.4239,36.72604]},"properties":{"anio":2024}},{"type":"Feature","geometry":{"type":"Point","coordinates":[-4.42151,36.72585]},"properties":{"anio":2024}},{"type":"Feature","geometry":{"type":"Point","coordinates":[-4.42332,36.72716]},"properties":{"anio":2024}},{"type":"Feature","geometry":{"type":"Point","coordinates":[-4.4239,36.72604]},"properties":{"anio":2024}},{"type":"Feature","geometry":{"type":"Point","coordinates":[-4.4239,36.72604]},"properties":{"anio":2024}},{"type":"Feature","geometry":{"type":"Point","coordinates":[-4.4239,36.72604]},"properties":{"anio":2024}},{"type":"Feature","geometry":{"type":"Point","coordinates":[-4.42332,36.72716]},"properties":{"anio":2024}},{"type":"Feature","geometry":{"type":"Point","coordinates":[-4.40965,36.71911]},"properties":{"anio":2024}},{"type":"Feature","geometry":{"type":"Point","coordinates":[-4.42472,36.71888]},"properties":{"anio":2024}},{"type":"Feature","geometry":{"type":"Point","coordinates":[-4.42989,36.72516]},"properties":{"anio":2024}},{"type":"Feature","geometry":{"type":"Point","coordinates":[-4.42989,36.72516]},"properties":{"anio":2024}},{"type":"Feature","geometry":{"type":"Point","coordinates":[-4.42989,36.72516]},"properties":{"anio":2024}},{"type":"Feature","geometry":{"type":"Point","coordinates":[-4.41249,36.72647]},"properties":{"anio":2024}},{"type":"Feature","geometry":{"type":"Point","coordinates":[-4.43009,36.72761]},"properties":{"anio":2024}},{"type":"Feature","geometry":{"type":"Point","coordinates":[-4.41851,36.72337]},"properties":{"anio":2024}},{"type":"Feature","geometry":{"type":"Point","coordinates":[-4.41824,36.73227]},"properties":{"anio":2024}},{"type":"Feature","geometry":{"type":"Point","coordinates":[-4.42332,36.72716]},"properties":{"anio":2024}},{"type":"Feature","geometry":{"type":"Point","coordinates":[-4.4239,36.72604]},"properties":{"anio":2024}},{"type":"Feature","geometry":{"type":"Point","coordinates":[-4.4239,36.72604]},"properties":{"anio":2024}},{"type":"Feature","geometry":{"type":"Point","coordinates":[-4.42128,36.72224]},"properties":{"anio":2024}},{"type":"Feature","geometry":{"type":"Point","coordinates":[-4.40965,36.71911]},"properties":{"anio":2024}},{"type":"Feature","geometry":{"type":"Point","coordinates":[-4.41576,36.72965]},"properties":{"anio":2024}},{"type":"Feature","geometry":{"type":"Point","coordinates":[-4.42008,36.72088]},"properties":{"anio":2024}},{"type":"Feature","geometry":{"type":"Point","coordinates":[-4.42844,36.71186]},"properties":{"anio":2024}},{"type":"Feature","geometry":{"type":"Point","coordinates":[-4.42008,36.72088]},"properties":{"anio":2024}},{"type":"Feature","geometry":{"type":"Point","coordinates":[-4.41823,36.72424]},"properties":{"anio":2024}},{"type":"Feature","geometry":{"type":"Point","coordinates":[-4.41752,36.72044]},"properties":{"anio":2024}},{"type":"Feature","geometry":{"type":"Point","coordinates":[-4.41206,36.7166]},"properties":{"anio":2024}},{"type":"Feature","geometry":{"type":"Point","coordinates":[-4.41105,36.71801]},"properties":{"anio":2024}},{"type":"Feature","geometry":{"type":"Point","coordinates":[-4.42472,36.71888]},"properties":{"anio":2024}},{"type":"Feature","geometry":{"type":"Point","coordinates":[-4.41982,36.72583]},"properties":{"anio":2024}},{"type":"Feature","geometry":{"type":"Point","coordinates":[-4.41064,36.73048]},"properties":{"anio":2024}},{"type":"Feature","geometry":{"type":"Point","coordinates":[-4.41873,36.72548]},"properties":{"anio":2024}},{"type":"Feature","geometry":{"type":"Point","coordinates":[-4.42462,36.72919]},"properties":{"anio":2024}},{"type":"Feature","geometry":{"type":"Point","coordinates":[-4.41916,36.72201]},"properties":{"anio":2024}},{"type":"Feature","geometry":{"type":"Point","coordinates":[-4.4297,36.72783]},"properties":{"anio":2024}},{"type":"Feature","geometry":{"type":"Point","coordinates":[-4.41576,36.72584]},"properties":{"anio":2023}},{"type":"Feature","geometry":{"type":"Point","coordinates":[-4.42074,36.72356]},"properties":{"anio":2023}},{"type":"Feature","geometry":{"type":"Point","coordinates":[-4.42843,36.72094]},"properties":{"anio":2023}},{"type":"Feature","geometry":{"type":"Point","coordinates":[-4.42791,36.71523]},"properties":{"anio":2023}},{"type":"Feature","geometry":{"type":"Point","coordinates":[-4.41585,36.72644]},"properties":{"anio":2023}},{"type":"Feature","geometry":{"type":"Point","coordinates":[-4.41585,36.72644]},"properties":{"anio":2023}},{"type":"Feature","geometry":{"type":"Point","coordinates":[-4.41585,36.72644]},"properties":{"anio":2023}},{"type":"Feature","geometry":{"type":"Point","coordinates":[-4.41585,36.72644]},"properties":{"anio":2023}},{"type":"Feature","geometry":{"type":"Point","coordinates":[-4.41585,36.72644]},"properties":{"anio":2023}},{"type":"Feature","geometry":{"type":"Point","coordinates":[-4.4242,36.72309]},"properties":{"anio":2023}},{"type":"Feature","geometry":{"type":"Point","coordinates":[-4.42475,36.71769]},"properties":{"anio":2023}},{"type":"Feature","geometry":{"type":"Point","coordinates":[-4.4158,36.72456]},"properties":{"anio":2023}},{"type":"Feature","geometry":{"type":"Point","coordinates":[-4.42061,36.72387]},"properties":{"anio":2023}},{"type":"Feature","geometry":{"type":"Point","coordinates":[-4.42496,36.71659]},"properties":{"anio":2023}},{"type":"Feature","geometry":{"type":"Point","coordinates":[-4.42617,36.72179]},"properties":{"anio":2023}},{"type":"Feature","geometry":{"type":"Point","coordinates":[-4.42024,36.72102]},"properties":{"anio":2023}},{"type":"Feature","geometry":{"type":"Point","coordinates":[-4.42824,36.72004]},"properties":{"anio":2023}},{"type":"Feature","geometry":{"type":"Point","coordinates":[-4.42512,36.72629]},"properties":{"anio":2023}},{"type":"Feature","geometry":{"type":"Point","coordinates":[-4.42667,36.72538]},"properties":{"anio":2023}},{"type":"Feature","geometry":{"type":"Point","coordinates":[-4.42406,36.72311]},"properties":{"anio":2023}},{"type":"Feature","geometry":{"type":"Point","coordinates":[-4.41966,36.72274]},"properties":{"anio":2023}},{"type":"Feature","geometry":{"type":"Point","coordinates":[-4.42506,36.71966]},"properties":{"anio":2023}},{"type":"Feature","geometry":{"type":"Point","coordinates":[-4.42183,36.72258]},"properties":{"anio":2023}},{"type":"Feature","geometry":{"type":"Point","coordinates":[-4.4077,36.7213]},"properties":{"anio":2023}},{"type":"Feature","geometry":{"type":"Point","coordinates":[-4.42716,36.72158]},"properties":{"anio":2023}},{"type":"Feature","geometry":{"type":"Point","coordinates":[-4.42716,36.72158]},"properties":{"anio":2023}},{"type":"Feature","geometry":{"type":"Point","coordinates":[-4.42716,36.72158]},"properties":{"anio":2023}},{"type":"Feature","geometry":{"type":"Point","coordinates":[-4.42716,36.72158]},"properties":{"anio":2023}},{"type":"Feature","geometry":{"type":"Point","coordinates":[-4.42444,36.71928]},"properties":{"anio":2023}},{"type":"Feature","geometry":{"type":"Point","coordinates":[-4.42716,36.72158]},"properties":{"anio":2023}},{"type":"Feature","geometry":{"type":"Point","coordinates":[-4.42361,36.72073]},"properties":{"anio":2023}},{"type":"Feature","geometry":{"type":"Point","coordinates":[-4.42716,36.72158]},"properties":{"anio":2023}},{"type":"Feature","geometry":{"type":"Point","coordinates":[-4.41884,36.71951]},"properties":{"anio":2023}},{"type":"Feature","geometry":{"type":"Point","coordinates":[-4.42874,36.71185]},"properties":{"anio":2023}},{"type":"Feature","geometry":{"type":"Point","coordinates":[-4.42484,36.71452]},"properties":{"anio":2023}},{"type":"Feature","geometry":{"type":"Point","coordinates":[-4.42149,36.72663]},"properties":{"anio":2023}},{"type":"Feature","geometry":{"type":"Point","coordinates":[-4.42039,36.73309]},"properties":{"anio":2023}},{"type":"Feature","geometry":{"type":"Point","coordinates":[-4.42353,36.72637]},"properties":{"anio":2023}},{"type":"Feature","geometry":{"type":"Point","coordinates":[-4.42453,36.72266]},"properties":{"anio":2023}},{"type":"Feature","geometry":{"type":"Point","coordinates":[-4.42729,36.72218]},"properties":{"anio":2023}},{"type":"Feature","geometry":{"type":"Point","coordinates":[-4.42108,36.72313]},"properties":{"anio":2023}},{"type":"Feature","geometry":{"type":"Point","coordinates":[-4.42108,36.72313]},"properties":{"anio":2023}},{"type":"Feature","geometry":{"type":"Point","coordinates":[-4.42442,36.72924]},"properties":{"anio":2023}},{"type":"Feature","geometry":{"type":"Point","coordinates":[-4.43019,36.71997]},"properties":{"anio":2023}},{"type":"Feature","geometry":{"type":"Point","coordinates":[-4.42538,36.72506]},"properties":{"anio":2023}},{"type":"Feature","geometry":{"type":"Point","coordinates":[-4.42968,36.72314]},"properties":{"anio":2023}},{"type":"Feature","geometry":{"type":"Point","coordinates":[-4.42375,36.71517]},"properties":{"anio":2023}},{"type":"Feature","geometry":{"type":"Point","coordinates":[-4.42052,36.72122]},"properties":{"anio":2023}},{"type":"Feature","geometry":{"type":"Point","coordinates":[-4.4154,36.73014]},"properties":{"anio":2023}},{"type":"Feature","geometry":{"type":"Point","coordinates":[-4.42419,36.72708]},"properties":{"anio":2023}},{"type":"Feature","geometry":{"type":"Point","coordinates":[-4.4161,36.72482]},"properties":{"anio":2023}},{"type":"Feature","geometry":{"type":"Point","coordinates":[-4.42036,36.7272]},"properties":{"anio":2023}},{"type":"Feature","geometry":{"type":"Point","coordinates":[-4.42698,36.72159]},"properties":{"anio":2023}},{"type":"Feature","geometry":{"type":"Point","coordinates":[-4.41897,36.72203]},"properties":{"anio":2023}},{"type":"Feature","geometry":{"type":"Point","coordinates":[-4.42326,36.72386]},"properties":{"anio":2023}},{"type":"Feature","geometry":{"type":"Point","coordinates":[-4.41963,36.72157]},"properties":{"anio":2023}},{"type":"Feature","geometry":{"type":"Point","coordinates":[-4.41889,36.72536]},"properties":{"anio":2023}},{"type":"Feature","geometry":{"type":"Point","coordinates":[-4.41982,36.72583]},"properties":{"anio":2023}},{"type":"Feature","geometry":{"type":"Point","coordinates":[-4.43019,36.72296]},"properties":{"anio":2023}},{"type":"Feature","geometry":{"type":"Point","coordinates":[-4.42344,36.71659]},"properties":{"anio":2023}},{"type":"Feature","geometry":{"type":"Point","coordinates":[-4.42344,36.71659]},"properties":{"anio":2023}},{"type":"Feature","geometry":{"type":"Point","coordinates":[-4.42344,36.71659]},"properties":{"anio":2023}},{"type":"Feature","geometry":{"type":"Point","coordinates":[-4.41982,36.72583]},"properties":{"anio":2023}},{"type":"Feature","geometry":{"type":"Point","coordinates":[-4.41953,36.72524]},"properties":{"anio":2023}},{"type":"Feature","geometry":{"type":"Point","coordinates":[-4.42707,36.71359]},"properties":{"anio":2023}},{"type":"Feature","geometry":{"type":"Point","coordinates":[-4.42183,36.72459]},"properties":{"anio":2023}},{"type":"Feature","geometry":{"type":"Point","coordinates":[-4.4178,36.7326]},"properties":{"anio":2023}},{"type":"Feature","geometry":{"type":"Point","coordinates":[-4.4178,36.7326]},"properties":{"anio":2023}},{"type":"Feature","geometry":{"type":"Point","coordinates":[-4.4178,36.7326]},"properties":{"anio":2023}},{"type":"Feature","geometry":{"type":"Point","coordinates":[-4.41125,36.71744]},"properties":{"anio":2023}},{"type":"Feature","geometry":{"type":"Point","coordinates":[-4.41106,36.72984]},"properties":{"anio":2023}},{"type":"Feature","geometry":{"type":"Point","coordinates":[-4.40914,36.71917]},"properties":{"anio":2023}},{"type":"Feature","geometry":{"type":"Point","coordinates":[-4.41477,36.72549]},"properties":{"anio":2023}},{"type":"Feature","geometry":{"type":"Point","coordinates":[-4.41942,36.72494]},"properties":{"anio":2023}},{"type":"Feature","geometry":{"type":"Point","coordinates":[-4.41982,36.72583]},"properties":{"anio":2023}},{"type":"Feature","geometry":{"type":"Point","coordinates":[-4.40914,36.71917]},"properties":{"anio":2023}},{"type":"Feature","geometry":{"type":"Point","coordinates":[-4.41318,36.72804]},"properties":{"anio":2023}},{"type":"Feature","geometry":{"type":"Point","coordinates":[-4.42161,36.72521]},"properties":{"anio":2023}},{"type":"Feature","geometry":{"type":"Point","coordinates":[-4.41435,36.72718]},"properties":{"anio":2023}},{"type":"Feature","geometry":{"type":"Point","coordinates":[-4.4077,36.7213]},"properties":{"anio":2023}},{"type":"Feature","geometry":{"type":"Point","coordinates":[-4.42812,36.72021]},"properties":{"anio":2023}},{"type":"Feature","geometry":{"type":"Point","coordinates":[-4.43153,36.72407]},"properties":{"anio":2023}},{"type":"Feature","geometry":{"type":"Point","coordinates":[-4.42815,36.72397]},"properties":{"anio":2023}},{"type":"Feature","geometry":{"type":"Point","coordinates":[-4.42815,36.72397]},"properties":{"anio":2023}},{"type":"Feature","geometry":{"type":"Point","coordinates":[-4.42331,36.71827]},"properties":{"anio":2023}},{"type":"Feature","geometry":{"type":"Point","coordinates":[-4.41412,36.73821]},"properties":{"anio":2023}},{"type":"Feature","geometry":{"type":"Point","coordinates":[-4.42331,36.71827]},"properties":{"anio":2023}},{"type":"Feature","geometry":{"type":"Point","coordinates":[-4.41995,36.72525]},"properties":{"anio":2023}},{"type":"Feature","geometry":{"type":"Point","coordinates":[-4.42161,36.72521]},"properties":{"anio":2023}},{"type":"Feature","geometry":{"type":"Point","coordinates":[-4.41382,36.72563]},"properties":{"anio":2023}},{"type":"Feature","geometry":{"type":"Point","coordinates":[-4.42363,36.72063]},"properties":{"anio":2023}},{"type":"Feature","geometry":{"type":"Point","coordinates":[-4.42153,36.72688]},"properties":{"anio":2023}},{"type":"Feature","geometry":{"type":"Point","coordinates":[-4.42853,36.71317]},"properties":{"anio":2023}},{"type":"Feature","geometry":{"type":"Point","coordinates":[-4.42332,36.72716]},"properties":{"anio":2023}},{"type":"Feature","geometry":{"type":"Point","coordinates":[-4.43246,36.72211]},"properties":{"anio":2023}},{"type":"Feature","geometry":{"type":"Point","coordinates":[-4.43019,36.71997]},"properties":{"anio":2023}}]}